#RIC;Alias Underlying RIC;Domain;Date-Time;GMT Offset;Type;Bid Price;Bid Size;Ask Price;Ask Size
SETU26;;Market Price;2026-09-04T11:47:05.376472448Z;-5;Quote;;;7.95;50
SETU26;;Market Price;2026-09-04T12:51:24.021445947Z;-5;Quote;;;7.75;50
SETU26;;Market Price;2026-09-04T13:18:16.741357351Z;-5;Quote;-0.3;40;7.75;50
SETU26;;Market Price;2026-09-04T13:18:18.912207089Z;-5;Quote;;;7.75;50
SETU26;;Market Price;2026-09-04T13:18:40.111664386Z;-5;Quote;2.8;40;7.75;50
SETU26;;Market Price;2026-09-04T13:18:42.111202347Z;-5;Quote;;;7.75;50
SETU26;;Market Price;2026-09-04T13:22:06.281273176Z;-5;Quote;2.25;1;7.75;50
SETU26;;Market Price;2026-09-04T13:23:38.241581839Z;-5;Quote;2.25;1;7.7;20
SETU26;;Market Price;2026-09-04T13:28:46.181239875Z;-5;Quote;2.25;1;7.75;50
SETU26;;Market Price;2026-09-04T13:28:50.186750768Z;-5;Quote;2.25;1;7.7;20
SETU26;;Market Price;2026-09-04T13:29:56.837146227Z;-5;Quote;2.3;100;7.7;20
SETU26;;Market Price;2026-09-04T13:29:57.201235931Z;-5;Quote;2.3;200;7.7;20
SETU26;;Market Price;2026-09-04T13:29:58.532092927Z;-5;Quote;2.3;300;7.7;20
SETU26;;Market Price;2026-09-04T13:29:59.397034838Z;-5;Quote;2.3;300;7.75;50
SETU26;;Market Price;2026-09-04T13:29:59.592173077Z;-5;Quote;2.3;400;7.75;50
SETU26;;Market Price;2026-09-04T13:30:00.046174753Z;-5;Quote;2.3;500;7.75;50
SETU26;;Market Price;2026-09-04T13:30:00.727745907Z;-5;Quote;2.3;600;7.75;50
SETU26;;Market Price;2026-09-04T13:30:01.107620976Z;-5;Quote;2.35;10;7.75;50
SETU26;;Market Price;2026-09-04T13:30:01.107620976Z;-5;Quote;2.35;10;7.7;10
SETU26;;Market Price;2026-09-04T13:30:01.107620976Z;-5;Quote;2.35;20;7.7;10
SETU26;;Market Price;2026-09-04T13:30:01.107620976Z;-5;Quote;2.35;20;7.7;20
SETU26;;Market Price;2026-09-04T13:30:01.514959431Z;-5;Quote;2.4;10;7.7;20
SETU26;;Market Price;2026-09-04T13:30:01.515819414Z;-5;Quote;2.4;10;7.65;10
SETU26;;Market Price;2026-09-04T13:30:01.515819414Z;-5;Quote;2.4;10;7.65;20
SETU26;;Market Price;2026-09-04T13:30:01.515819414Z;-5;Quote;2.45;10;7.65;20
SETU26;;Market Price;2026-09-04T13:30:01.515819414Z;-5;Quote;2.45;20;7.65;20
SETU26;;Market Price;2026-09-04T13:30:01.515819414Z;-5;Quote;2.45;20;7.65;30
SETU26;;Market Price;2026-09-04T13:30:01.515819414Z;-5;Quote;2.45;20;7.65;40
SETU26;;Market Price;2026-09-04T13:30:02.863843098Z;-5;Quote;2.45;20;7.65;51
SETU26;;Market Price;2026-09-04T13:30:02.863843098Z;-5;Quote;2.5;30;7.65;51
SETU26;;Market Price;2026-09-04T13:30:02.863843098Z;-5;Quote;2.5;40;7.65;51
SETU26;;Market Price;2026-09-04T13:30:02.863843098Z;-5;Quote;2.5;50;7.65;51
SETU26;;Market Price;2026-09-04T13:30:02.863843098Z;-5;Quote;2.5;60;7.65;51
SETU26;;Market Price;2026-09-04T13:30:02.863843098Z;-5;Quote;2.5;70;7.65;51
SETU26;;Market Price;2026-09-04T13:30:02.863843098Z;-5;Quote;2.5;80;7.65;51
SETU26;;Market Price;2026-09-04T13:30:02.863843098Z;-5;Quote;2.5;100;7.65;51
SETU26;;Market Price;2026-09-04T13:30:02.863843098Z;-5;Quote;2.5;100;7.6;10
SETU26;;Market Price;2026-09-04T13:30:02.863843098Z;-5;Quote;2.5;100;7.6;40
SETU26;;Market Price;2026-09-04T13:30:02.863843098Z;-5;Quote;2.5;100;7.6;50
SETU26;;Market Price;2026-09-04T13:30:02.863843098Z;-5;Quote;2.5;110;7.6;50
SETU26;;Market Price;2026-09-04T13:30:02.863843098Z;-5;Quote;2.5;110;7.6;60
SETU26;;Market Price;2026-09-04T13:30:02.863843098Z;-5;Quote;2.5;120;7.6;60
SETU26;;Market Price;2026-09-04T13:30:02.863843098Z;-5;Quote;2.5;130;7.6;60
SETU26;;Market Price;2026-09-04T13:30:02.863843098Z;-5;Quote;2.5;130;7.6;70
SETU26;;Market Price;2026-09-04T13:30:02.863843098Z;-5;Quote;2.5;130;7.6;80
SETU26;;Market Price;2026-09-04T13:30:02.863843098Z;-5;Quote;2.5;130;7.6;90
SETU26;;Market Price;2026-09-04T13:30:03.001126409Z;-5;Quote;2.55;10;7.6;90
SETU26;;Market Price;2026-09-04T13:30:03.001126409Z;-5;Quote;2.55;10;7.55;10
SETU26;;Market Price;2026-09-04T13:30:03.001126409Z;-5;Quote;2.55;10;7.55;20
SETU26;;Market Price;2026-09-04T13:30:03.001126409Z;-5;Quote;2.6;30;7.55;20
SETU26;;Market Price;2026-09-04T13:30:03.001126409Z;-5;Quote;2.6;40;7.55;20
SETU26;;Market Price;2026-09-04T13:30:03.001126409Z;-5;Quote;2.6;50;7.55;20
SETU26;;Market Price;2026-09-04T13:30:03.001126409Z;-5;Quote;2.6;60;7.55;20
SETU26;;Market Price;2026-09-04T13:30:03.001126409Z;-5;Quote;2.6;60;7.55;50
SETU26;;Market Price;2026-09-04T13:30:03.001126409Z;-5;Quote;2.6;70;7.55;50
SETU26;;Market Price;2026-09-04T13:30:03.001126409Z;-5;Quote;2.6;70;7.55;60
SETU26;;Market Price;2026-09-04T13:30:03.001126409Z;-5;Quote;2.6;70;7.55;70
SETU26;;Market Price;2026-09-04T13:30:03.001126409Z;-5;Quote;2.6;90;7.55;70
SETU26;;Market Price;2026-09-04T13:30:03.001126409Z;-5;Quote;2.6;100;7.55;70
SETU26;;Market Price;2026-09-04T13:30:03.001126409Z;-5;Quote;2.6;110;7.55;70
SETU26;;Market Price;2026-09-04T13:30:03.001126409Z;-5;Quote;2.6;120;7.55;70
SETU26;;Market Price;2026-09-04T13:30:03.001126409Z;-5;Quote;2.6;120;7.55;80
SETU26;;Market Price;2026-09-04T13:30:03.001126409Z;-5;Quote;2.6;120;7.55;90
SETU26;;Market Price;2026-09-04T13:30:03.421666783Z;-5;Quote;2.65;10;7.55;90
SETU26;;Market Price;2026-09-04T13:30:03.421666783Z;-5;Quote;2.65;10;7.5;10
SETU26;;Market Price;2026-09-04T13:30:03.421666783Z;-5;Quote;2.65;10;7.5;20
SETU26;;Market Price;2026-09-04T13:30:03.421666783Z;-5;Quote;2.7;10;7.5;20
SETU26;;Market Price;2026-09-04T13:30:03.421666783Z;-5;Quote;2.7;20;7.5;20
SETU26;;Market Price;2026-09-04T13:30:03.421666783Z;-5;Quote;2.7;30;7.5;20
SETU26;;Market Price;2026-09-04T13:30:03.421666783Z;-5;Quote;2.7;40;7.5;20
SETU26;;Market Price;2026-09-04T13:30:03.421666783Z;-5;Quote;2.7;60;7.5;20
SETU26;;Market Price;2026-09-04T13:30:03.421666783Z;-5;Quote;2.7;70;7.5;20
SETU26;;Market Price;2026-09-04T13:30:03.421666783Z;-5;Quote;2.7;100;7.5;20
SETU26;;Market Price;2026-09-04T13:30:03.421666783Z;-5;Quote;2.7;100;7.5;30
SETU26;;Market Price;2026-09-04T13:30:03.421666783Z;-5;Quote;2.7;100;7.5;40
SETU26;;Market Price;2026-09-04T13:30:03.421666783Z;-5;Quote;2.7;100;7.5;50
SETU26;;Market Price;2026-09-04T13:30:03.421666783Z;-5;Quote;2.7;100;7.5;80
SETU26;;Market Price;2026-09-04T13:30:03.421666783Z;-5;Quote;2.7;110;7.5;80
SETU26;;Market Price;2026-09-04T13:30:03.421666783Z;-5;Quote;2.7;120;7.5;80
SETU26;;Market Price;2026-09-04T13:30:03.421666783Z;-5;Quote;2.7;120;7.5;90
SETU26;;Market Price;2026-09-04T13:30:05.305267294Z;-5;Quote;2.7;120;7.45;10
SETU26;;Market Price;2026-09-04T13:30:05.305267294Z;-5;Quote;2.75;10;7.45;10
SETU26;;Market Price;2026-09-04T13:30:05.305267294Z;-5;Quote;2.75;20;7.45;10
SETU26;;Market Price;2026-09-04T13:30:05.305267294Z;-5;Quote;2.75;30;7.45;10
SETU26;;Market Price;2026-09-04T13:30:05.305267294Z;-5;Quote;2.75;40;7.45;10
SETU26;;Market Price;2026-09-04T13:30:05.305267294Z;-5;Quote;2.75;50;7.45;10
SETU26;;Market Price;2026-09-04T13:30:05.305267294Z;-5;Quote;2.75;60;7.45;10
SETU26;;Market Price;2026-09-04T13:30:05.305267294Z;-5;Quote;2.75;80;7.45;10
SETU26;;Market Price;2026-09-04T13:30:05.305267294Z;-5;Quote;2.75;110;7.45;10
SETU26;;Market Price;2026-09-04T13:30:05.305267294Z;-5;Quote;2.75;120;7.45;10
SETU26;;Market Price;2026-09-04T13:30:05.305267294Z;-5;Quote;2.75;130;7.45;10
SETU26;;Market Price;2026-09-04T13:30:05.310236969Z;-5;Quote;2.75;130;7.4;30
SETU26;;Market Price;2026-09-04T13:30:05.310236969Z;-5;Quote;2.75;130;7.4;40
SETU26;;Market Price;2026-09-04T13:30:05.310236969Z;-5;Quote;2.75;130;7.4;50
SETU26;;Market Price;2026-09-04T13:30:05.310236969Z;-5;Quote;2.75;130;7.4;60
SETU26;;Market Price;2026-09-04T13:30:05.310236969Z;-5;Quote;2.75;130;7.4;70
SETU26;;Market Price;2026-09-04T13:30:05.371572153Z;-5;Quote;2.8;10;7.4;70
SETU26;;Market Price;2026-09-04T13:30:05.371572153Z;-5;Quote;2.8;30;7.4;70
SETU26;;Market Price;2026-09-04T13:30:05.371572153Z;-5;Quote;2.8;40;7.4;70
SETU26;;Market Price;2026-09-04T13:30:05.371572153Z;-5;Quote;2.8;40;7.35;10
SETU26;;Market Price;2026-09-04T13:30:05.371572153Z;-5;Quote;2.8;50;7.35;10
SETU26;;Market Price;2026-09-04T13:30:05.371572153Z;-5;Quote;2.8;60;7.35;10
SETU26;;Market Price;2026-09-04T13:30:05.371572153Z;-5;Quote;2.8;70;7.35;10
SETU26;;Market Price;2026-09-04T13:30:05.371572153Z;-5;Quote;2.8;70;7.35;20
SETU26;;Market Price;2026-09-04T13:30:05.371572153Z;-5;Quote;2.8;100;7.35;20
SETU26;;Market Price;2026-09-04T13:30:05.371572153Z;-5;Quote;2.8;100;7.35;30
SETU26;;Market Price;2026-09-04T13:30:05.371572153Z;-5;Quote;2.8;110;7.35;30
SETU26;;Market Price;2026-09-04T13:30:05.371572153Z;-5;Quote;2.8;120;7.35;30
SETU26;;Market Price;2026-09-04T13:30:05.371572153Z;-5;Quote;2.8;130;7.35;30
SETU26;;Market Price;2026-09-04T13:30:05.371572153Z;-5;Quote;2.8;130;7.35;60
SETU26;;Market Price;2026-09-04T13:30:05.371572153Z;-5;Quote;2.8;130;7.35;70
SETU26;;Market Price;2026-09-04T13:30:05.371572153Z;-5;Quote;2.8;130;7.35;80
SETU26;;Market Price;2026-09-04T13:30:05.806085141Z;-5;Quote;2.85;30;7.35;80
SETU26;;Market Price;2026-09-04T13:30:05.806085141Z;-5;Quote;2.85;50;7.35;80
SETU26;;Market Price;2026-09-04T13:30:05.806085141Z;-5;Quote;2.85;50;7.3;30
SETU26;;Market Price;2026-09-04T13:30:05.806085141Z;-5;Quote;2.85;60;7.3;30
SETU26;;Market Price;2026-09-04T13:30:05.806085141Z;-5;Quote;2.85;70;7.3;30
SETU26;;Market Price;2026-09-04T13:30:05.806085141Z;-5;Quote;2.85;70;7.3;40
SETU26;;Market Price;2026-09-04T13:30:05.806085141Z;-5;Quote;2.85;80;7.3;40
SETU26;;Market Price;2026-09-04T13:30:05.806085141Z;-5;Quote;2.85;90;7.3;40
SETU26;;Market Price;2026-09-04T13:30:05.806085141Z;-5;Quote;2.85;90;7.3;50
SETU26;;Market Price;2026-09-04T13:30:05.806085141Z;-5;Quote;2.85;100;7.3;50
SETU26;;Market Price;2026-09-04T13:30:05.806085141Z;-5;Quote;2.85;110;7.3;50
SETU26;;Market Price;2026-09-04T13:30:05.806085141Z;-5;Quote;2.85;110;7.3;60
SETU26;;Market Price;2026-09-04T13:30:05.806085141Z;-5;Quote;2.85;120;7.3;60
SETU26;;Market Price;2026-09-04T13:30:05.806085141Z;-5;Quote;2.85;120;7.3;70
SETU26;;Market Price;2026-09-04T13:30:05.806085141Z;-5;Quote;2.85;120;7.3;80
SETU26;;Market Price;2026-09-04T13:30:05.826991499Z;-5;Quote;2.9;10;7.3;80
SETU26;;Market Price;2026-09-04T13:30:06.061638834Z;-5;Quote;2.95;10;7.3;80
SETU26;;Market Price;2026-09-04T13:30:06.061638834Z;-5;Quote;3;10;7.3;80
SETU26;;Market Price;2026-09-04T13:30:06.061638834Z;-5;Quote;3;20;7.3;80
SETU26;;Market Price;2026-09-04T13:30:06.061638834Z;-5;Quote;3;40;7.3;80
SETU26;;Market Price;2026-09-04T13:30:06.061638834Z;-5;Quote;3;40;7.25;10
SETU26;;Market Price;2026-09-04T13:30:06.061638834Z;-5;Quote;3;50;7.25;10
SETU26;;Market Price;2026-09-04T13:30:06.061638834Z;-5;Quote;3;60;7.25;10
SETU26;;Market Price;2026-09-04T13:30:06.061638834Z;-5;Quote;3;60;7.25;20
SETU26;;Market Price;2026-09-04T13:30:06.061638834Z;-5;Quote;3;60;7.25;30
SETU26;;Market Price;2026-09-04T13:30:06.061638834Z;-5;Quote;3;90;7.25;30
SETU26;;Market Price;2026-09-04T13:30:06.061638834Z;-5;Quote;3;100;7.25;30
SETU26;;Market Price;2026-09-04T13:30:06.061638834Z;-5;Quote;3;100;7.25;60
SETU26;;Market Price;2026-09-04T13:30:06.061638834Z;-5;Quote;3;100;7.25;70
SETU26;;Market Price;2026-09-04T13:30:06.061638834Z;-5;Quote;3;110;7.25;70
SETU26;;Market Price;2026-09-04T13:30:06.061638834Z;-5;Quote;3;120;7.25;70
SETU26;;Market Price;2026-09-04T13:30:06.061638834Z;-5;Quote;3;120;7.25;80
SETU26;;Market Price;2026-09-04T13:30:06.126103817Z;-5;Quote;3.05;10;7.25;80
SETU26;;Market Price;2026-09-04T13:30:06.126103817Z;-5;Quote;3.05;30;7.25;80
SETU26;;Market Price;2026-09-04T13:30:06.126103817Z;-5;Quote;3.05;40;7.25;80
SETU26;;Market Price;2026-09-04T13:30:06.126103817Z;-5;Quote;3.05;40;7.2;10
SETU26;;Market Price;2026-09-04T13:30:06.126103817Z;-5;Quote;3.05;50;7.2;10
SETU26;;Market Price;2026-09-04T13:30:06.126103817Z;-5;Quote;3.05;60;7.2;10
SETU26;;Market Price;2026-09-04T13:30:06.126103817Z;-5;Quote;3.05;70;7.2;10
SETU26;;Market Price;2026-09-04T13:30:06.126103817Z;-5;Quote;3.05;80;7.2;10
SETU26;;Market Price;2026-09-04T13:30:06.126103817Z;-5;Quote;3.05;80;7.2;20
SETU26;;Market Price;2026-09-04T13:30:06.126103817Z;-5;Quote;3.05;110;7.2;20
SETU26;;Market Price;2026-09-04T13:30:06.126103817Z;-5;Quote;3.05;110;7.2;30
SETU26;;Market Price;2026-09-04T13:30:06.126103817Z;-5;Quote;3.05;110;7.2;40
SETU26;;Market Price;2026-09-04T13:30:06.126103817Z;-5;Quote;3.05;120;7.2;40
SETU26;;Market Price;2026-09-04T13:30:06.126103817Z;-5;Quote;3.05;120;7.2;70
SETU26;;Market Price;2026-09-04T13:30:06.126103817Z;-5;Quote;3.05;130;7.2;70
SETU26;;Market Price;2026-09-04T13:30:06.126103817Z;-5;Quote;3.05;130;7.2;80
SETU26;;Market Price;2026-09-04T13:30:06.626746968Z;-5;Quote;4.6;18;7.2;80
SETU26;;Market Price;2026-09-04T13:30:06.626746968Z;-5;Quote;4.65;20;7.2;80
SETU26;;Market Price;2026-09-04T13:30:06.626746968Z;-5;Quote;4.65;20;7.15;10
SETU26;;Market Price;2026-09-04T13:30:06.626746968Z;-5;Quote;4.65;30;7.15;10
SETU26;;Market Price;2026-09-04T13:30:06.626746968Z;-5;Quote;4.65;40;7.15;10
SETU26;;Market Price;2026-09-04T13:30:06.626746968Z;-5;Quote;4.65;50;7.15;10
SETU26;;Market Price;2026-09-04T13:30:06.626746968Z;-5;Quote;4.65;60;7.15;10
SETU26;;Market Price;2026-09-04T13:30:06.626746968Z;-5;Quote;4.65;70;7.15;10
SETU26;;Market Price;2026-09-04T13:30:06.626746968Z;-5;Quote;4.65;80;7.15;10
SETU26;;Market Price;2026-09-04T13:30:06.626746968Z;-5;Quote;4.65;80;7.15;20
SETU26;;Market Price;2026-09-04T13:30:06.626746968Z;-5;Quote;4.65;110;7.15;20
SETU26;;Market Price;2026-09-04T13:30:06.626746968Z;-5;Quote;4.65;110;7.15;30
SETU26;;Market Price;2026-09-04T13:30:06.626746968Z;-5;Quote;4.65;110;7.15;40
SETU26;;Market Price;2026-09-04T13:30:06.626746968Z;-5;Quote;4.65;110;7.15;70
SETU26;;Market Price;2026-09-04T13:30:06.626746968Z;-5;Quote;4.65;120;7.15;70
SETU26;;Market Price;2026-09-04T13:30:06.626746968Z;-5;Quote;4.65;130;7.15;70
SETU26;;Market Price;2026-09-04T13:30:06.626746968Z;-5;Quote;4.65;130;7.15;80
SETU26;;Market Price;2026-09-04T13:30:06.806436345Z;-5;Quote;4.7;10;7.15;80
SETU26;;Market Price;2026-09-04T13:30:06.806436345Z;-5;Quote;4.7;30;7.15;80
SETU26;;Market Price;2026-09-04T13:30:06.806436345Z;-5;Quote;4.7;40;7.15;80
SETU26;;Market Price;2026-09-04T13:30:06.806436345Z;-5;Quote;4.7;50;7.15;80
SETU26;;Market Price;2026-09-04T13:30:06.806436345Z;-5;Quote;4.7;50;7.1;10
SETU26;;Market Price;2026-09-04T13:30:06.806436345Z;-5;Quote;4.7;60;7.1;10
SETU26;;Market Price;2026-09-04T13:30:06.806436345Z;-5;Quote;4.7;70;7.1;10
SETU26;;Market Price;2026-09-04T13:30:06.806436345Z;-5;Quote;4.7;80;7.1;10
SETU26;;Market Price;2026-09-04T13:30:06.806436345Z;-5;Quote;4.7;110;7.1;10
SETU26;;Market Price;2026-09-04T13:30:06.806436345Z;-5;Quote;4.7;110;7.1;20
SETU26;;Market Price;2026-09-04T13:30:06.806436345Z;-5;Quote;4.7;110;7.1;30
SETU26;;Market Price;2026-09-04T13:30:06.806436345Z;-5;Quote;4.7;120;7.1;30
SETU26;;Market Price;2026-09-04T13:30:06.806436345Z;-5;Quote;4.7;130;7.1;30
SETU26;;Market Price;2026-09-04T13:30:06.826427974Z;-5;Quote;4.75;18;7.1;30
SETU26;;Market Price;2026-09-04T13:30:07.916325053Z;-5;Quote;4.8;10;7.1;30
SETU26;;Market Price;2026-09-04T13:30:07.916325053Z;-5;Quote;4.8;20;7.1;30
SETU26;;Market Price;2026-09-04T13:30:07.922355520Z;-5;Quote;4.8;20;7.05;10
SETU26;;Market Price;2026-09-04T13:30:07.922355520Z;-5;Quote;4.85;10;7.05;10
SETU26;;Market Price;2026-09-04T13:30:07.922355520Z;-5;Quote;4.85;30;7.05;10
SETU26;;Market Price;2026-09-04T13:30:07.922355520Z;-5;Quote;4.85;40;7.05;10
SETU26;;Market Price;2026-09-04T13:30:07.922355520Z;-5;Quote;4.85;70;7.05;10
SETU26;;Market Price;2026-09-04T13:30:07.922355520Z;-5;Quote;4.85;80;7.05;10
SETU26;;Market Price;2026-09-04T13:30:07.922355520Z;-5;Quote;4.85;90;7.05;10
SETU26;;Market Price;2026-09-04T13:30:07.922355520Z;-5;Quote;4.85;90;7.05;20
SETU26;;Market Price;2026-09-04T13:30:07.922355520Z;-5;Quote;4.85;90;7.05;30
SETU26;;Market Price;2026-09-04T13:30:07.922355520Z;-5;Quote;4.85;100;7.05;30
SETU26;;Market Price;2026-09-04T13:30:07.922355520Z;-5;Quote;4.85;110;7.05;30
SETU26;;Market Price;2026-09-04T13:30:08.616569476Z;-5;Quote;4.9;10;7.05;30
SETU26;;Market Price;2026-09-04T13:30:08.616569476Z;-5;Quote;4.9;20;7.05;30
SETU26;;Market Price;2026-09-04T13:30:08.616569476Z;-5;Quote;4.9;20;7;10
SETU26;;Market Price;2026-09-04T13:30:08.616569476Z;-5;Quote;4.9;30;7;10
SETU26;;Market Price;2026-09-04T13:30:08.616569476Z;-5;Quote;4.9;40;7;10
SETU26;;Market Price;2026-09-04T13:30:08.616569476Z;-5;Quote;4.9;50;7;10
SETU26;;Market Price;2026-09-04T13:30:08.616569476Z;-5;Quote;4.9;70;7;10
SETU26;;Market Price;2026-09-04T13:30:08.616569476Z;-5;Quote;4.9;80;7;10
SETU26;;Market Price;2026-09-04T13:30:08.616569476Z;-5;Quote;4.9;110;7;10
SETU26;;Market Price;2026-09-04T13:30:08.616569476Z;-5;Quote;4.9;120;7;10
SETU26;;Market Price;2026-09-04T13:30:08.616569476Z;-5;Quote;4.9;130;7;10
SETU26;;Market Price;2026-09-04T13:30:08.636973178Z;-5;Quote;4.95;18;7;10
SETU26;;Market Price;2026-09-04T13:30:09.371592832Z;-5;Quote;4.9;130;7;10
SETU26;;Market Price;2026-09-04T13:30:09.371592832Z;-5;Quote;4.95;10;7;10
SETU26;;Market Price;2026-09-04T13:30:09.371592832Z;-5;Quote;4.95;20;7;10
SETU26;;Market Price;2026-09-04T13:30:09.371592832Z;-5;Quote;4.95;30;7;10
SETU26;;Market Price;2026-09-04T13:30:09.371592832Z;-5;Quote;4.95;40;7;10
SETU26;;Market Price;2026-09-04T13:30:09.371592832Z;-5;Quote;4.95;60;7;10
SETU26;;Market Price;2026-09-04T13:30:09.371592832Z;-5;Quote;4.95;70;7;10
SETU26;;Market Price;2026-09-04T13:30:09.371592832Z;-5;Quote;4.95;80;7;10
SETU26;;Market Price;2026-09-04T13:30:09.371592832Z;-5;Quote;4.95;110;7;10
SETU26;;Market Price;2026-09-04T13:30:09.371592832Z;-5;Quote;4.95;120;7;10
SETU26;;Market Price;2026-09-04T13:30:09.371592832Z;-5;Quote;4.95;130;7;10
SETU26;;Market Price;2026-09-04T13:30:09.822136844Z;-5;Quote;5;10;7;10
SETU26;;Market Price;2026-09-04T13:30:09.822136844Z;-5;Quote;5;20;7;10
SETU26;;Market Price;2026-09-04T13:30:09.822136844Z;-5;Quote;5;30;7;10
SETU26;;Market Price;2026-09-04T13:30:09.822136844Z;-5;Quote;5;50;7;10
SETU26;;Market Price;2026-09-04T13:30:09.822136844Z;-5;Quote;5;60;7;10
SETU26;;Market Price;2026-09-04T13:30:09.822136844Z;-5;Quote;5;70;7;10
SETU26;;Market Price;2026-09-04T13:30:09.822136844Z;-5;Quote;5;100;7;10
SETU26;;Market Price;2026-09-04T13:30:09.822136844Z;-5;Quote;5;110;7;10
SETU26;;Market Price;2026-09-04T13:30:09.822136844Z;-5;Quote;5;120;7;10
SETU26;;Market Price;2026-09-04T13:30:09.822136844Z;-5;Quote;5;130;7;10
SETU26;;Market Price;2026-09-04T13:30:10.086757502Z;-5;Quote;5.05;10;7;10
SETU26;;Market Price;2026-09-04T13:30:10.086757502Z;-5;Quote;5.1;10;7;10
SETU26;;Market Price;2026-09-04T13:30:10.086757502Z;-5;Quote;5.1;20;7;10
SETU26;;Market Price;2026-09-04T13:30:10.086757502Z;-5;Quote;5.1;30;7;10
SETU26;;Market Price;2026-09-04T13:30:10.086757502Z;-5;Quote;5.1;50;7;10
SETU26;;Market Price;2026-09-04T13:30:10.086757502Z;-5;Quote;5.1;60;7;10
SETU26;;Market Price;2026-09-04T13:30:10.086757502Z;-5;Quote;5.1;70;7;10
SETU26;;Market Price;2026-09-04T13:30:10.086757502Z;-5;Quote;5.1;80;7;10
SETU26;;Market Price;2026-09-04T13:30:10.086757502Z;-5;Quote;5.1;110;7;10
SETU26;;Market Price;2026-09-04T13:30:10.086757502Z;-5;Quote;5.1;120;7;10
SETU26;;Market Price;2026-09-04T13:30:10.141760118Z;-5;Quote;5.15;20;7;10
SETU26;;Market Price;2026-09-04T13:30:10.141760118Z;-5;Quote;5.2;10;7;10
SETU26;;Market Price;2026-09-04T13:30:10.141760118Z;-5;Quote;5.2;20;7;10
SETU26;;Market Price;2026-09-04T13:30:10.141760118Z;-5;Quote;5.2;30;7;10
SETU26;;Market Price;2026-09-04T13:30:10.141760118Z;-5;Quote;5.2;50;7;10
SETU26;;Market Price;2026-09-04T13:30:10.141760118Z;-5;Quote;5.2;60;7;10
SETU26;;Market Price;2026-09-04T13:30:10.141760118Z;-5;Quote;5.2;70;7;10
SETU26;;Market Price;2026-09-04T13:30:10.141760118Z;-5;Quote;5.2;80;7;10
SETU26;;Market Price;2026-09-04T13:30:10.141760118Z;-5;Quote;5.2;110;7;10
SETU26;;Market Price;2026-09-04T13:30:10.141760118Z;-5;Quote;5.2;120;7;10
SETU26;;Market Price;2026-09-04T13:30:10.141760118Z;-5;Quote;5.2;130;7;10
SETU26;;Market Price;2026-09-04T13:30:10.282138441Z;-5;Quote;5.25;20;7;10
SETU26;;Market Price;2026-09-04T13:30:10.282138441Z;-5;Quote;5.3;20;7;10
SETU26;;Market Price;2026-09-04T13:30:10.282138441Z;-5;Quote;5.3;30;7;10
SETU26;;Market Price;2026-09-04T13:30:10.282138441Z;-5;Quote;5.3;40;7;10
SETU26;;Market Price;2026-09-04T13:30:10.282138441Z;-5;Quote;5.3;50;7;10
SETU26;;Market Price;2026-09-04T13:30:10.282138441Z;-5;Quote;5.3;60;7;10
SETU26;;Market Price;2026-09-04T13:30:10.282138441Z;-5;Quote;5.3;70;7;10
SETU26;;Market Price;2026-09-04T13:30:10.282138441Z;-5;Quote;5.3;100;7;10
SETU26;;Market Price;2026-09-04T13:30:10.282138441Z;-5;Quote;5.3;110;7;10
SETU26;;Market Price;2026-09-04T13:30:10.282138441Z;-5;Quote;5.3;120;7;10
SETU26;;Market Price;2026-09-04T13:30:10.282138441Z;-5;Quote;5.3;130;7;10
SETU26;;Market Price;2026-09-04T13:30:10.366761155Z;-5;Quote;5.35;20;7;10
SETU26;;Market Price;2026-09-04T13:30:10.366761155Z;-5;Quote;5.4;20;7;10
SETU26;;Market Price;2026-09-04T13:30:10.366761155Z;-5;Quote;5.4;30;7;10
SETU26;;Market Price;2026-09-04T13:30:10.366761155Z;-5;Quote;5.4;40;7;10
SETU26;;Market Price;2026-09-04T13:30:10.366761155Z;-5;Quote;5.4;50;7;10
SETU26;;Market Price;2026-09-04T13:30:10.366761155Z;-5;Quote;5.4;60;7;10
SETU26;;Market Price;2026-09-04T13:30:10.366761155Z;-5;Quote;5.4;70;7;10
SETU26;;Market Price;2026-09-04T13:30:10.366761155Z;-5;Quote;5.4;80;7;10
SETU26;;Market Price;2026-09-04T13:30:10.366761155Z;-5;Quote;5.4;110;7;10
SETU26;;Market Price;2026-09-04T13:30:10.366761155Z;-5;Quote;5.4;120;7;10
SETU26;;Market Price;2026-09-04T13:30:10.366761155Z;-5;Quote;5.4;130;7;10
SETU26;;Market Price;2026-09-04T13:30:10.456324480Z;-5;Quote;5.45;20;7;10
SETU26;;Market Price;2026-09-04T13:30:10.462326746Z;-5;Quote;5.5;10;7;10
SETU26;;Market Price;2026-09-04T13:30:10.462326746Z;-5;Quote;5.5;20;7;10
SETU26;;Market Price;2026-09-04T13:30:10.462326746Z;-5;Quote;5.5;40;7;10
SETU26;;Market Price;2026-09-04T13:30:10.462326746Z;-5;Quote;5.5;50;7;10
SETU26;;Market Price;2026-09-04T13:30:10.462326746Z;-5;Quote;5.5;60;7;10
SETU26;;Market Price;2026-09-04T13:30:10.462326746Z;-5;Quote;5.5;70;7;10
SETU26;;Market Price;2026-09-04T13:30:10.462326746Z;-5;Quote;5.5;80;7;10
SETU26;;Market Price;2026-09-04T13:30:10.462326746Z;-5;Quote;5.5;110;7;10
SETU26;;Market Price;2026-09-04T13:30:10.462326746Z;-5;Quote;5.5;120;7;10
SETU26;;Market Price;2026-09-04T13:30:10.462326746Z;-5;Quote;5.5;130;7;10
SETU26;;Market Price;2026-09-04T13:30:10.487216672Z;-5;Quote;5.55;20;7;10
SETU26;;Market Price;2026-09-04T13:30:10.591459432Z;-5;Quote;5.55;30;7;10
SETU26;;Market Price;2026-09-04T13:30:10.591459432Z;-5;Quote;5.6;10;7;10
SETU26;;Market Price;2026-09-04T13:30:10.591459432Z;-5;Quote;5.6;30;7;10
SETU26;;Market Price;2026-09-04T13:30:10.591459432Z;-5;Quote;5.6;40;7;10
SETU26;;Market Price;2026-09-04T13:30:10.591459432Z;-5;Quote;5.6;50;7;10
SETU26;;Market Price;2026-09-04T13:30:10.591459432Z;-5;Quote;5.6;60;7;10
SETU26;;Market Price;2026-09-04T13:30:10.591459432Z;-5;Quote;5.6;70;7;10
SETU26;;Market Price;2026-09-04T13:30:10.591459432Z;-5;Quote;5.6;100;7;10
SETU26;;Market Price;2026-09-04T13:30:10.591459432Z;-5;Quote;5.6;110;7;10
SETU26;;Market Price;2026-09-04T13:30:10.591459432Z;-5;Quote;5.6;120;7;10
SETU26;;Market Price;2026-09-04T13:30:10.841669072Z;-5;Quote;5.65;10;7;10
SETU26;;Market Price;2026-09-04T13:30:10.841669072Z;-5;Quote;5.65;20;7;10
SETU26;;Market Price;2026-09-04T13:30:10.841669072Z;-5;Quote;5.65;50;7;10
SETU26;;Market Price;2026-09-04T13:30:10.841669072Z;-5;Quote;5.65;50;7;20
SETU26;;Market Price;2026-09-04T13:30:10.841669072Z;-5;Quote;5.7;10;7;20
SETU26;;Market Price;2026-09-04T13:30:10.841669072Z;-5;Quote;5.7;30;7;20
SETU26;;Market Price;2026-09-04T13:30:10.841669072Z;-5;Quote;5.7;40;7;20
SETU26;;Market Price;2026-09-04T13:30:10.841669072Z;-5;Quote;5.7;50;7;20
SETU26;;Market Price;2026-09-04T13:30:10.841669072Z;-5;Quote;5.7;60;7;20
SETU26;;Market Price;2026-09-04T13:30:10.841669072Z;-5;Quote;5.7;60;6.95;10
SETU26;;Market Price;2026-09-04T13:30:10.841669072Z;-5;Quote;5.7;70;6.95;10
SETU26;;Market Price;2026-09-04T13:30:11.095351584Z;-5;Quote;5.75;10;6.95;10
SETU26;;Market Price;2026-09-04T13:30:11.095351584Z;-5;Quote;5.8;10;6.95;10
SETU26;;Market Price;2026-09-04T13:30:11.095351584Z;-5;Quote;5.8;20;6.95;10
SETU26;;Market Price;2026-09-04T13:30:11.095351584Z;-5;Quote;5.8;30;6.95;10
SETU26;;Market Price;2026-09-04T13:30:11.095351584Z;-5;Quote;5.8;50;6.95;10
SETU26;;Market Price;2026-09-04T13:30:11.095351584Z;-5;Quote;5.8;60;6.95;10
SETU26;;Market Price;2026-09-04T13:30:11.095351584Z;-5;Quote;5.8;90;6.95;10
SETU26;;Market Price;2026-09-04T13:30:11.095351584Z;-5;Quote;5.8;100;6.95;10
SETU26;;Market Price;2026-09-04T13:30:11.170051655Z;-5;Quote;5.85;20;6.95;10
SETU26;;Market Price;2026-09-04T13:30:11.170051655Z;-5;Quote;5.9;10;6.95;10
SETU26;;Market Price;2026-09-04T13:30:11.170051655Z;-5;Quote;5.9;20;6.95;10
SETU26;;Market Price;2026-09-04T13:30:11.170051655Z;-5;Quote;5.9;40;6.95;10
SETU26;;Market Price;2026-09-04T13:30:11.170051655Z;-5;Quote;5.9;50;6.95;10
SETU26;;Market Price;2026-09-04T13:30:11.170051655Z;-5;Quote;5.9;60;6.95;10
SETU26;;Market Price;2026-09-04T13:30:11.170051655Z;-5;Quote;5.9;90;6.95;10
SETU26;;Market Price;2026-09-04T13:30:11.296655435Z;-5;Quote;5.95;20;6.95;10
SETU26;;Market Price;2026-09-04T13:30:11.296655435Z;-5;Quote;6;10;6.95;10
SETU26;;Market Price;2026-09-04T13:30:11.296655435Z;-5;Quote;6;20;6.95;10
SETU26;;Market Price;2026-09-04T13:30:11.296655435Z;-5;Quote;6;30;6.95;10
SETU26;;Market Price;2026-09-04T13:30:11.296655435Z;-5;Quote;6;50;6.95;10
SETU26;;Market Price;2026-09-04T13:30:11.296655435Z;-5;Quote;6;60;6.95;10
SETU26;;Market Price;2026-09-04T13:30:11.296655435Z;-5;Quote;6;90;6.95;10
SETU26;;Market Price;2026-09-04T13:30:11.311574329Z;-5;Quote;6.05;20;6.95;10
SETU26;;Market Price;2026-09-04T13:30:15.881967534Z;-5;Quote;6.1;20;6.95;10
SETU26;;Market Price;2026-09-04T13:30:15.881967534Z;-5;Quote;6.1;50;6.95;10
SETU26;;Market Price;2026-09-04T13:30:15.881967534Z;-5;Quote;6.15;10;6.95;10
SETU26;;Market Price;2026-09-04T13:30:15.881967534Z;-5;Quote;6.15;20;6.95;10
SETU26;;Market Price;2026-09-04T13:30:16.136561073Z;-5;Quote;6.2;10;6.95;10
SETU26;;Market Price;2026-09-04T13:30:16.136561073Z;-5;Quote;6.25;20;6.95;10
SETU26;;Market Price;2026-09-04T13:30:16.136561073Z;-5;Quote;6.25;30;6.95;10
SETU26;;Market Price;2026-09-04T13:30:16.242063217Z;-5;Quote;6.3;20;6.95;10
SETU26;;Market Price;2026-09-04T13:30:16.242063217Z;-5;Quote;6.35;20;6.95;10
SETU26;;Market Price;2026-09-04T13:30:16.242063217Z;-5;Quote;6.35;30;6.95;10
SETU26;;Market Price;2026-09-04T13:30:16.406496105Z;-5;Quote;6.4;20;6.95;10
SETU26;;Market Price;2026-09-04T13:30:16.406496105Z;-5;Quote;6.45;20;6.95;10
SETU26;;Market Price;2026-09-04T13:30:16.406496105Z;-5;Quote;6.45;30;6.95;10
SETU26;;Market Price;2026-09-04T13:30:16.531808874Z;-5;Quote;6.5;20;6.95;10
SETU26;;Market Price;2026-09-04T13:30:16.531808874Z;-5;Quote;6.55;20;6.95;10
SETU26;;Market Price;2026-09-04T13:30:16.531808874Z;-5;Quote;6.55;30;6.95;10
SETU26;;Market Price;2026-09-04T13:30:16.546732658Z;-5;Quote;6.6;20;6.95;10
SETU26;;Market Price;2026-09-04T13:30:18.951855056Z;-5;Quote;6.65;10;6.95;10
SETU26;;Market Price;2026-09-04T13:30:18.951855056Z;-5;Quote;6.65;30;6.95;10
SETU26;;Market Price;2026-09-04T13:30:20.951346811Z;-5;Quote;6.7;20;6.95;10
SETU26;;Market Price;2026-09-04T13:30:20.956347529Z;-5;Quote;6.7;30;6.95;10
SETU26;;Market Price;2026-09-04T13:30:21.207284631Z;-5;Quote;6.75;10;6.95;10
SETU26;;Market Price;2026-09-04T13:30:21.207284631Z;-5;Quote;6.8;20;6.95;10
SETU26;;Market Price;2026-09-04T13:30:25.241699222Z;-5;Quote;6.85;10;6.95;10
SETU26;;Market Price;2026-09-04T13:30:25.241699222Z;-5;Quote;6.85;10;7;10
SETU26;;Market Price;2026-09-04T13:30:25.241699222Z;-5;Quote;6.9;20;7;10
SETU26;;Market Price;2026-09-04T13:30:25.496621812Z;-5;Quote;6.9;20;6.95;10
SETU26;;Market Price;2026-09-04T13:30:25.496621812Z;-5;Quote;6.9;30;6.95;10
SETU26;;Market Price;2026-09-04T13:30:26.006304466Z;-5;Quote;6.9;30;6.95;20
SETU26;;Market Price;2026-09-04T13:30:31.041580357Z;-5;Quote;6.9;10;6.95;20
SETU26;;Market Price;2026-09-04T13:30:31.041580357Z;-5;Quote;6.75;20;6.95;20
SETU26;;Market Price;2026-09-04T13:30:31.297140079Z;-5;Quote;6.8;10;6.95;20
SETU26;;Market Price;2026-09-04T13:30:31.297140079Z;-5;Quote;6.8;30;6.95;20
SETU26;;Market Price;2026-09-04T13:30:35.347349011Z;-5;Quote;6.85;10;6.95;20
SETU26;;Market Price;2026-09-04T13:30:36.122061389Z;-5;Quote;6.65;20;6.95;20
SETU26;;Market Price;2026-09-04T13:30:36.372116924Z;-5;Quote;6.7;10;6.95;20
SETU26;;Market Price;2026-09-04T13:30:36.372116924Z;-5;Quote;6.7;30;6.95;20
SETU26;;Market Price;2026-09-04T13:30:38.301814445Z;-5;Quote;6.75;5;6.95;20
SETU26;;Market Price;2026-09-04T13:30:38.301814445Z;-5;Quote;6.8;10;6.95;20
SETU26;;Market Price;2026-09-04T13:30:41.031590291Z;-5;Quote;6.8;10;6.95;15
SETU26;;Market Price;2026-09-04T13:30:41.031590291Z;-5;Quote;6.7;20;6.95;15
SETU26;;Market Price;2026-09-04T13:30:41.031590291Z;-5;Quote;6.7;30;6.95;15
SETU26;;Market Price;2026-09-04T13:30:41.031590291Z;-5;Quote;6.7;10;6.95;15
SETU26;;Market Price;2026-09-04T13:30:43.021748355Z;-5;Quote;6.75;50;6.95;15
SETU26;;Market Price;2026-09-04T13:30:43.021748355Z;-5;Quote;6.8;10;6.95;15
SETU26;;Market Price;2026-09-04T13:30:46.316722342Z;-5;Quote;6.8;10;6.95;45
SETU26;;Market Price;2026-09-04T13:30:48.416524450Z;-5;Quote;6.8;10;6.9;10
SETU26;;Market Price;2026-09-04T13:30:48.416524450Z;-5;Quote;6.8;10;6.9;20
SETU26;;Market Price;2026-09-04T13:30:50.061578274Z;-5;Quote;6.8;10;6.85;10
SETU26;;Market Price;2026-09-04T13:31:06.801212854Z;-5;Quote;6.75;50;6.85;10
SETU26;;Market Price;2026-09-04T13:31:06.856945392Z;-5;Quote;6.75;60;6.85;10
SETU26;;Market Price;2026-09-04T13:31:11.110836017Z;-5;Quote;6.75;60;6.9;10
SETU26;;Market Price;2026-09-04T13:31:15.916624049Z;-5;Quote;6.75;60;6.9;20
SETU26;;Market Price;2026-09-04T13:31:36.601606051Z;-5;Quote;6.8;10;6.9;20
SETU26;;Market Price;2026-09-04T13:31:40.222299880Z;-5;Quote;6.85;27;6.9;20
SETU26;;Market Price;2026-09-04T13:31:51.621931078Z;-5;Quote;6.85;27;6.9;10
SETU26;;Market Price;2026-09-04T13:31:51.621931078Z;-5;Quote;6.85;27;7;100
SETU26;;Market Price;2026-09-04T13:31:51.621931078Z;-5;Quote;6.85;27;7;110
SETU26;;Market Price;2026-09-04T13:31:51.881791307Z;-5;Quote;6.85;27;6.95;10
SETU26;;Market Price;2026-09-04T13:31:51.881791307Z;-5;Quote;6.85;27;6.95;20
SETU26;;Market Price;2026-09-04T13:32:01.865681559Z;-5;Quote;6.85;27;7;90
SETU26;;Market Price;2026-09-04T13:32:01.876658694Z;-5;Quote;6.95;15;7;90
SETU26;;Market Price;2026-09-04T13:32:01.876658694Z;-5;Quote;6.95;15;7;100
SETU26;;Market Price;2026-09-04T13:32:01.876658694Z;-5;Quote;6.95;15;7;110
SETU26;;Market Price;2026-09-04T13:32:05.042232144Z;-5;Quote;6.95;15;7;111
SETU26;;Market Price;2026-09-04T13:32:05.047208088Z;-5;Quote;6.95;15;7;112
SETU26;;Market Price;2026-09-04T13:32:07.386604605Z;-5;Quote;6.95;15;7;102
SETU26;;Market Price;2026-09-04T13:32:11.036528413Z;-5;Quote;6.85;27;6.95;85
SETU26;;Market Price;2026-09-04T13:32:11.036528413Z;-5;Quote;6.85;27;6.95;95
SETU26;;Market Price;2026-09-04T13:32:11.051491211Z;-5;Quote;6.85;27;6.95;33
SETU26;;Market Price;2026-09-04T13:32:15.046704276Z;-5;Quote;6.85;27;6.9;1
SETU26;;Market Price;2026-09-04T13:32:15.046704276Z;-5;Quote;6.85;27;6.9;2
SETU26;;Market Price;2026-09-04T13:32:45.467136527Z;-5;Quote;6.85;52;6.9;2
SETU26;;Market Price;2026-09-04T13:32:45.981808246Z;-5;Quote;6.9;65;6.95;43
SETU26;;Market Price;2026-09-04T13:33:03.561725412Z;-5;Quote;6.9;65;6.95;18
SETU26;;Market Price;2026-09-04T13:33:07.181897847Z;-5;Quote;6.95;47;7;80
SETU26;;Market Price;2026-09-04T13:33:07.181897847Z;-5;Quote;6.95;47;7;90
SETU26;;Market Price;2026-09-04T13:33:07.181897847Z;-5;Quote;6.95;47;7;100
SETU26;;Market Price;2026-09-04T13:33:13.426911333Z;-5;Quote;6.95;47;7;70
SETU26;;Market Price;2026-09-04T13:33:15.961111107Z;-5;Quote;6.95;37;7;70
SETU26;;Market Price;2026-09-04T13:34:28.881933728Z;-5;Quote;6.95;62;7;70
SETU26;;Market Price;2026-09-04T13:34:30.351622297Z;-5;Quote;6.9;25;6.95;38
SETU26;;Market Price;2026-09-04T13:35:00.056630442Z;-5;Quote;6.9;22;6.95;38
SETU26;;Market Price;2026-09-04T13:35:00.211929431Z;-5;Quote;6.9;22;7;408
SETU26;;Market Price;2026-09-04T13:35:00.211929431Z;-5;Quote;6.9;22;7;8
SETU26;;Market Price;2026-09-04T13:35:01.056700236Z;-5;Quote;6.9;19;7;8
SETU26;;Market Price;2026-09-04T13:35:24.407480030Z;-5;Quote;6.9;19;7;18
SETU26;;Market Price;2026-09-04T13:35:33.416953957Z;-5;Quote;6.9;20;7;18
SETU26;;Market Price;2026-09-04T13:35:33.416953957Z;-5;Quote;6.9;19;7;18
SETU26;;Market Price;2026-09-04T13:35:35.361397400Z;-5;Quote;6.9;44;7;18
SETU26;;Market Price;2026-09-04T13:35:43.431915796Z;-5;Quote;6.9;41;7;18
SETU26;;Market Price;2026-09-04T13:35:44.428131889Z;-5;Quote;6.9;38;7;18
SETU26;;Market Price;2026-09-04T13:36:00.101445849Z;-5;Quote;6.9;35;7;18
SETU26;;Market Price;2026-09-04T13:36:06.716976778Z;-5;Quote;6.9;32;7;18
SETU26;;Market Price;2026-09-04T13:36:29.546503022Z;-5;Quote;6.9;29;7;18
SETU26;;Market Price;2026-09-04T13:36:30.547121697Z;-5;Quote;6.9;26;7;18
SETU26;;Market Price;2026-09-04T13:36:30.576981682Z;-5;Quote;6.9;26;6.95;37
SETU26;;Market Price;2026-09-04T13:36:32.354025384Z;-5;Quote;6.9;48;6.95;37
SETU26;;Market Price;2026-09-04T13:36:36.421958503Z;-5;Quote;6.9;47;6.95;37
SETU26;;Market Price;2026-09-04T13:36:37.422262014Z;-5;Quote;6.9;45;6.95;37
SETU26;;Market Price;2026-09-04T13:36:40.216843982Z;-5;Quote;6.9;42;6.95;37
SETU26;;Market Price;2026-09-04T13:36:54.976469110Z;-5;Quote;6.9;42;6.95;71
SETU26;;Market Price;2026-09-04T13:37:01.076449170Z;-5;Quote;6.9;39;6.95;71
SETU26;;Market Price;2026-09-04T13:37:02.462196793Z;-5;Quote;6.9;37;6.95;71
SETU26;;Market Price;2026-09-04T13:37:03.911840997Z;-5;Quote;6.9;35;6.95;71
SETU26;;Market Price;2026-09-04T13:37:05.207137551Z;-5;Quote;6.9;32;6.95;71
SETU26;;Market Price;2026-09-04T13:37:06.206738471Z;-5;Quote;6.9;29;6.95;71
SETU26;;Market Price;2026-09-04T13:37:07.207342118Z;-5;Quote;6.9;26;6.95;71
SETU26;;Market Price;2026-09-04T13:37:08.206961851Z;-5;Quote;6.9;23;6.95;71
SETU26;;Market Price;2026-09-04T13:37:10.061574511Z;-5;Quote;6.9;20;6.95;71
SETU26;;Market Price;2026-09-04T13:37:11.651517174Z;-5;Quote;6.9;17;6.95;71
SETU26;;Market Price;2026-09-04T13:37:16.161507667Z;-5;Quote;6.9;16;6.95;71
SETU26;;Market Price;2026-09-04T13:37:17.161493573Z;-5;Quote;6.9;13;6.95;71
SETU26;;Market Price;2026-09-04T13:37:19.071716735Z;-5;Quote;6.9;13;6.95;81
SETU26;;Market Price;2026-09-04T13:37:19.126477787Z;-5;Quote;6.9;10;6.95;81
SETU26;;Market Price;2026-09-04T13:37:19.336535164Z;-5;Quote;6.9;5;6.95;81
SETU26;;Market Price;2026-09-04T13:37:20.131768890Z;-5;Quote;6.9;2;6.95;81
SETU26;;Market Price;2026-09-04T13:37:21.537054330Z;-5;Quote;6.9;25;6.95;81
SETU26;;Market Price;2026-09-04T13:37:23.421507994Z;-5;Quote;6.9;22;6.95;81
SETU26;;Market Price;2026-09-04T13:37:25.056842236Z;-5;Quote;6.9;21;6.95;81
SETU26;;Market Price;2026-09-04T13:37:26.056758863Z;-5;Quote;6.9;20;6.95;81
SETU26;;Market Price;2026-09-04T13:37:39.692254386Z;-5;Quote;6.9;17;6.95;81
SETU26;;Market Price;2026-09-04T13:37:45.851916786Z;-5;Quote;6.9;16;6.95;81
SETU26;;Market Price;2026-09-04T13:37:59.022357937Z;-5;Quote;6.9;66;6.95;81
SETU26;;Market Price;2026-09-04T13:38:05.101462851Z;-5;Quote;6.9;66;6.95;90
SETU26;;Market Price;2026-09-04T13:38:06.081527284Z;-5;Quote;6.9;63;6.95;90
SETU26;;Market Price;2026-09-04T13:38:12.561728677Z;-5;Quote;6.9;62;6.95;90
SETU26;;Market Price;2026-09-04T13:38:14.536948074Z;-5;Quote;6.9;60;6.95;90
SETU26;;Market Price;2026-09-04T13:38:19.001302567Z;-5;Quote;6.9;60;6.95;92
SETU26;;Market Price;2026-09-04T13:38:20.401704544Z;-5;Quote;6.9;59;6.95;92
SETU26;;Market Price;2026-09-04T13:38:24.892084744Z;-5;Quote;6.95;108;7;2298
SETU26;;Market Price;2026-09-04T13:38:24.892084744Z;-5;Quote;6.95;108;7;1898
SETU26;;Market Price;2026-09-04T13:38:24.892084744Z;-5;Quote;6.95;108;7;1498
SETU26;;Market Price;2026-09-04T13:38:24.892084744Z;-5;Quote;6.95;108;7;1508
SETU26;;Market Price;2026-09-04T13:38:24.911993595Z;-5;Quote;6.95;108;7;1108
SETU26;;Market Price;2026-09-04T13:38:24.931895489Z;-5;Quote;6.95;108;7;708
SETU26;;Market Price;2026-09-04T13:38:25.071244507Z;-5;Quote;6.95;108;7;743
SETU26;;Market Price;2026-09-04T13:38:25.151927845Z;-5;Quote;6.95;108;7;788
SETU26;;Market Price;2026-09-04T13:38:25.826714119Z;-5;Quote;6.95;80;7;788
SETU26;;Market Price;2026-09-04T13:38:36.121938797Z;-5;Quote;6.95;80;7;758
SETU26;;Market Price;2026-09-04T13:38:40.331908807Z;-5;Quote;6.95;79;7;758
SETU26;;Market Price;2026-09-04T13:38:42.621935783Z;-5;Quote;6.95;79;7;208
SETU26;;Market Price;2026-09-04T13:38:45.006608114Z;-5;Quote;6.95;77;7;208
SETU26;;Market Price;2026-09-04T13:38:46.071998208Z;-5;Quote;7;292;7.05;2280
SETU26;;Market Price;2026-09-04T13:38:46.071998208Z;-5;Quote;7;292;7.05;1880
SETU26;;Market Price;2026-09-04T13:38:46.071998208Z;-5;Quote;7;292;7.05;1480
SETU26;;Market Price;2026-09-04T13:38:46.071998208Z;-5;Quote;7;292;7.05;1490
SETU26;;Market Price;2026-09-04T13:38:46.071998208Z;-5;Quote;7;292;7.05;1500
SETU26;;Market Price;2026-09-04T13:38:46.071998208Z;-5;Quote;7;292;7.05;1510
SETU26;;Market Price;2026-09-04T13:38:46.091840220Z;-5;Quote;7;292;7.05;1410
SETU26;;Market Price;2026-09-04T13:38:46.091840220Z;-5;Quote;7;292;7.05;1010
SETU26;;Market Price;2026-09-04T13:38:46.101448563Z;-5;Quote;7;292;7.05;1000
SETU26;;Market Price;2026-09-04T13:38:46.111756372Z;-5;Quote;7;292;7.05;600
SETU26;;Market Price;2026-09-04T13:38:46.482128510Z;-5;Quote;7;292;7.05;608
SETU26;;Market Price;2026-09-04T13:38:46.546847699Z;-5;Quote;7;292;7.05;639
SETU26;;Market Price;2026-09-04T13:38:48.401797103Z;-5;Quote;7;291;7.05;639
SETU26;;Market Price;2026-09-04T13:38:50.287001918Z;-5;Quote;7;291;7.05;89
SETU26;;Market Price;2026-09-04T13:39:07.432113970Z;-5;Quote;7;288;7.05;89
SETU26;;Market Price;2026-09-04T13:39:07.456629974Z;-5;Quote;7;266;7.05;89
SETU26;;Market Price;2026-09-04T13:39:17.541673045Z;-5;Quote;7;254;7.05;89
SETU26;;Market Price;2026-09-04T13:39:22.251711773Z;-5;Quote;7;254;7.05;59
SETU26;;Market Price;2026-09-04T13:39:47.772105258Z;-5;Quote;7.05;51;7.1;980
SETU26;;Market Price;2026-09-04T13:39:47.772105258Z;-5;Quote;7.05;51;7.1;990
SETU26;;Market Price;2026-09-04T13:39:47.772105258Z;-5;Quote;7.05;51;7.1;1000
SETU26;;Market Price;2026-09-04T13:39:47.787040593Z;-5;Quote;7.05;51;7.1;600
SETU26;;Market Price;2026-09-04T13:39:55.396531958Z;-5;Quote;7.05;41;7.1;600
SETU26;;Market Price;2026-09-04T13:39:57.527388599Z;-5;Quote;7.05;31;7.1;600
SETU26;;Market Price;2026-09-04T13:39:59.077249117Z;-5;Quote;7.05;21;7.1;600
SETU26;;Market Price;2026-09-04T13:40:00.036944983Z;-5;Quote;7.05;20;7.1;600
SETU26;;Market Price;2026-09-04T13:40:01.037254219Z;-5;Quote;7.05;19;7.1;600
SETU26;;Market Price;2026-09-04T13:40:02.822132184Z;-5;Quote;7.05;16;7.1;600
SETU26;;Market Price;2026-09-04T13:40:03.052143079Z;-5;Quote;7.05;13;7.1;600
SETU26;;Market Price;2026-09-04T13:40:04.051577806Z;-5;Quote;7.05;10;7.1;600
SETU26;;Market Price;2026-09-04T13:40:04.421828152Z;-5;Quote;7.05;10;7.1;100
SETU26;;Market Price;2026-09-04T13:40:04.541759394Z;-5;Quote;7.05;9;7.1;100
SETU26;;Market Price;2026-09-04T13:40:05.057488188Z;-5;Quote;7.05;8;7.1;100
SETU26;;Market Price;2026-09-04T13:40:05.061487816Z;-5;Quote;7.05;5;7.1;100
SETU26;;Market Price;2026-09-04T13:40:05.537086686Z;-5;Quote;7.05;2;7.1;100
SETU26;;Market Price;2026-09-04T13:40:06.056808526Z;-5;Quote;7.05;55;7.1;100
SETU26;;Market Price;2026-09-04T13:40:06.056808526Z;-5;Quote;7.05;45;7.1;100
SETU26;;Market Price;2026-09-04T13:40:06.056808526Z;-5;Quote;7.05;35;7.1;100
SETU26;;Market Price;2026-09-04T13:40:06.056808526Z;-5;Quote;7.05;35;7.1;90
SETU26;;Market Price;2026-09-04T13:40:06.056808526Z;-5;Quote;7.05;35;7.1;80
SETU26;;Market Price;2026-09-04T13:40:07.402202556Z;-5;Quote;7.05;35;7.1;90
SETU26;;Market Price;2026-09-04T13:40:07.402202556Z;-5;Quote;7.05;35;7.1;100
SETU26;;Market Price;2026-09-04T13:40:08.381506212Z;-5;Quote;7.05;15;7.1;100
SETU26;;Market Price;2026-09-04T13:40:09.356552903Z;-5;Quote;7.05;14;7.1;100
SETU26;;Market Price;2026-09-04T13:40:10.446875971Z;-5;Quote;7.05;49;7.1;100
SETU26;;Market Price;2026-09-04T13:40:11.286930235Z;-5;Quote;7.05;47;7.1;100
SETU26;;Market Price;2026-09-04T13:40:13.776787041Z;-5;Quote;7.05;45;7.1;100
SETU26;;Market Price;2026-09-04T13:40:20.417002809Z;-5;Quote;7.05;40;7.1;100
SETU26;;Market Price;2026-09-04T13:40:25.251553473Z;-5;Quote;7.05;39;7.1;100
SETU26;;Market Price;2026-09-04T13:40:25.907284426Z;-5;Quote;7.05;38;7.1;100
SETU26;;Market Price;2026-09-04T13:40:28.856559201Z;-5;Quote;7.05;35;7.1;100
SETU26;;Market Price;2026-09-04T13:40:28.856559201Z;-5;Quote;7.05;33;7.1;100
SETU26;;Market Price;2026-09-04T13:40:29.856930479Z;-5;Quote;7.05;26;7.1;100
SETU26;;Market Price;2026-09-04T13:40:31.401819744Z;-5;Quote;7.05;23;7.1;100
SETU26;;Market Price;2026-09-04T13:40:38.887229413Z;-5;Quote;7.05;23;7.1;70
SETU26;;Market Price;2026-09-04T13:40:41.772377223Z;-5;Quote;7.05;20;7.1;70
SETU26;;Market Price;2026-09-04T13:40:43.441914957Z;-5;Quote;7.05;17;7.1;70
SETU26;;Market Price;2026-09-04T13:40:46.671966279Z;-5;Quote;7.05;16;7.1;70
SETU26;;Market Price;2026-09-04T13:40:46.981601457Z;-5;Quote;7.05;14;7.1;70
SETU26;;Market Price;2026-09-04T13:40:47.672242214Z;-5;Quote;7.05;9;7.1;70
SETU26;;Market Price;2026-09-04T13:40:48.051577109Z;-5;Quote;7.05;6;7.1;70
SETU26;;Market Price;2026-09-04T13:40:50.796941476Z;-5;Quote;7.05;5;7.1;70
SETU26;;Market Price;2026-09-04T13:40:50.801935484Z;-5;Quote;7.05;4;7.1;70
SETU26;;Market Price;2026-09-04T13:40:51.797332681Z;-5;Quote;7.05;1;7.1;70
SETU26;;Market Price;2026-09-04T13:40:52.231427893Z;-5;Quote;7;255;7.1;70
SETU26;;Market Price;2026-09-04T13:40:52.231427893Z;-5;Quote;7;255;7.05;10
SETU26;;Market Price;2026-09-04T13:40:52.231427893Z;-5;Quote;7;255;7.05;20
SETU26;;Market Price;2026-09-04T13:41:02.501766181Z;-5;Quote;7;254;7.05;20
SETU26;;Market Price;2026-09-04T13:41:03.391992036Z;-5;Quote;7;251;7.05;20
SETU26;;Market Price;2026-09-04T13:41:03.502112922Z;-5;Quote;7;247;7.05;20
SETU26;;Market Price;2026-09-04T13:41:04.531711570Z;-5;Quote;7;244;7.05;20
SETU26;;Market Price;2026-09-04T13:41:05.611920616Z;-5;Quote;7;241;7.05;20
SETU26;;Market Price;2026-09-04T13:41:07.231563293Z;-5;Quote;7;221;7.05;20
SETU26;;Market Price;2026-09-04T13:41:09.857289577Z;-5;Quote;7;201;7.05;20
SETU26;;Market Price;2026-09-04T13:41:10.286316017Z;-5;Quote;7;198;7.05;20
SETU26;;Market Price;2026-09-04T13:41:11.857392087Z;-5;Quote;7;178;7.05;20
SETU26;;Market Price;2026-09-04T13:41:14.546837386Z;-5;Quote;7;158;7.05;20
SETU26;;Market Price;2026-09-04T13:41:15.886665610Z;-5;Quote;7;155;7.05;20
SETU26;;Market Price;2026-09-04T13:41:17.041650408Z;-5;Quote;7;135;7.05;20
SETU26;;Market Price;2026-09-04T13:41:19.236682662Z;-5;Quote;7;115;7.05;20
SETU26;;Market Price;2026-09-04T13:41:21.906865502Z;-5;Quote;7;95;7.05;20
SETU26;;Market Price;2026-09-04T13:41:22.576878349Z;-5;Quote;7;94;7.05;20
SETU26;;Market Price;2026-09-04T13:41:26.221915405Z;-5;Quote;7;94;7.05;70
SETU26;;Market Price;2026-09-04T13:41:28.012032889Z;-5;Quote;7;93;7.05;70
SETU26;;Market Price;2026-09-04T13:41:29.547290118Z;-5;Quote;7;91;7.05;70
SETU26;;Market Price;2026-09-04T13:41:30.541993972Z;-5;Quote;7;88;7.05;70
SETU26;;Market Price;2026-09-04T13:41:36.277337758Z;-5;Quote;7;88;7.05;95
SETU26;;Market Price;2026-09-04T13:41:36.571732771Z;-5;Quote;7;68;7.05;95
SETU26;;Market Price;2026-09-04T13:41:40.926714384Z;-5;Quote;7;67;7.05;95
SETU26;;Market Price;2026-09-04T13:41:43.366664438Z;-5;Quote;7;66;7.05;95
SETU26;;Market Price;2026-09-04T13:41:51.081786858Z;-5;Quote;7;63;7.05;95
SETU26;;Market Price;2026-09-04T13:41:53.286981145Z;-5;Quote;7;60;7.05;95
SETU26;;Market Price;2026-09-04T13:41:53.319572194Z;-5;Quote;7;59;7.05;95
SETU26;;Market Price;2026-09-04T13:41:56.231479303Z;-5;Quote;7;57;7.05;95
SETU26;;Market Price;2026-09-04T13:41:56.811424095Z;-5;Quote;7;56;7.05;95
SETU26;;Market Price;2026-09-04T13:41:57.231599522Z;-5;Quote;7;55;7.05;95
SETU26;;Market Price;2026-09-04T13:41:59.612171992Z;-5;Quote;7;52;7.05;95
SETU26;;Market Price;2026-09-04T13:42:04.027016906Z;-5;Quote;7;51;7.05;95
SETU26;;Market Price;2026-09-04T13:42:04.101814069Z;-5;Quote;7;50;7.05;95
SETU26;;Market Price;2026-09-04T13:42:05.102120527Z;-5;Quote;7;48;7.05;95
SETU26;;Market Price;2026-09-04T13:42:15.727084714Z;-5;Quote;7;47;7.05;95
SETU26;;Market Price;2026-09-04T13:42:16.731436785Z;-5;Quote;7;43;7.05;95
SETU26;;Market Price;2026-09-04T13:42:25.131837344Z;-5;Quote;7;40;7.05;95
SETU26;;Market Price;2026-09-04T13:42:26.201513193Z;-5;Quote;7;35;7.05;95
SETU26;;Market Price;2026-09-04T13:42:28.271430352Z;-5;Quote;7;35;7.05;70
SETU26;;Market Price;2026-09-04T13:42:29.691538802Z;-5;Quote;7;10;7.05;70
SETU26;;Market Price;2026-09-04T13:42:32.182059252Z;-5;Quote;7;7;7.05;70
SETU26;;Market Price;2026-09-04T13:42:32.259814853Z;-5;Quote;7;5;7.05;70
SETU26;;Market Price;2026-09-04T13:42:32.325087447Z;-5;Quote;7;5;7.05;75
SETU26;;Market Price;2026-09-04T13:42:38.226961475Z;-5;Quote;7;5;7.05;70
SETU26;;Market Price;2026-09-04T13:42:41.581566980Z;-5;Quote;7;2;7.05;70
SETU26;;Market Price;2026-09-04T13:42:42.071970490Z;-5;Quote;7;44;7.05;70
SETU26;;Market Price;2026-09-04T13:42:42.071970490Z;-5;Quote;7;44;7.05;72
SETU26;;Market Price;2026-09-04T13:42:57.901996337Z;-5;Quote;7;49;7.05;72
SETU26;;Market Price;2026-09-04T13:43:12.756846026Z;-5;Quote;7;46;7.05;72
SETU26;;Market Price;2026-09-04T13:43:13.531566243Z;-5;Quote;7;71;7.05;72
SETU26;;Market Price;2026-09-04T13:43:13.687035049Z;-5;Quote;7;96;7.05;72
SETU26;;Market Price;2026-09-04T13:43:30.386775328Z;-5;Quote;7;96;7.05;102
SETU26;;Market Price;2026-09-04T13:43:30.996814121Z;-5;Quote;7;96;7.05;95
SETU26;;Market Price;2026-09-04T13:43:34.551564561Z;-5;Quote;7;95;7.05;95
SETU26;;Market Price;2026-09-04T13:43:34.554575511Z;-5;Quote;7;94;7.05;95
SETU26;;Market Price;2026-09-04T13:43:48.427064900Z;-5;Quote;7;92;7.05;95
SETU26;;Market Price;2026-09-04T13:43:48.430054901Z;-5;Quote;7;90;7.05;95
SETU26;;Market Price;2026-09-04T13:43:49.426509148Z;-5;Quote;7;87;7.05;95
SETU26;;Market Price;2026-09-04T13:43:52.566368810Z;-5;Quote;6.9;2209;6.95;718
SETU26;;Market Price;2026-09-04T13:43:52.566368810Z;-5;Quote;6.9;1809;6.95;718
SETU26;;Market Price;2026-09-04T13:43:52.581720755Z;-5;Quote;6.9;1409;6.95;718
SETU26;;Market Price;2026-09-04T13:43:52.601974376Z;-5;Quote;6.9;1009;6.95;718
SETU26;;Market Price;2026-09-04T13:43:52.881739127Z;-5;Quote;6.9;609;6.95;718
SETU26;;Market Price;2026-09-04T13:43:59.806838606Z;-5;Quote;6.9;606;6.95;718
SETU26;;Market Price;2026-09-04T13:44:00.806446121Z;-5;Quote;6.9;603;6.95;718
SETU26;;Market Price;2026-09-04T13:44:07.682067359Z;-5;Quote;6.9;602;6.95;718
SETU26;;Market Price;2026-09-04T13:44:07.682067359Z;-5;Quote;6.9;624;6.95;718
SETU26;;Market Price;2026-09-04T13:44:17.651890930Z;-5;Quote;6.9;649;6.95;718
SETU26;;Market Price;2026-09-04T13:44:18.497167315Z;-5;Quote;6.9;674;6.95;718
SETU26;;Market Price;2026-09-04T13:44:21.971806683Z;-5;Quote;6.9;673;6.95;718
SETU26;;Market Price;2026-09-04T13:44:31.866810456Z;-5;Quote;6.9;672;6.95;718
SETU26;;Market Price;2026-09-04T13:44:34.276048000Z;-5;Quote;6.9;671;6.95;718
SETU26;;Market Price;2026-09-04T13:44:34.280002474Z;-5;Quote;6.9;670;6.95;718
SETU26;;Market Price;2026-09-04T13:44:35.469346142Z;-5;Quote;6.9;670;6.95;748
SETU26;;Market Price;2026-09-04T13:44:39.211937958Z;-5;Quote;6.9;120;6.95;748
SETU26;;Market Price;2026-09-04T13:44:44.262191567Z;-5;Quote;6.9;95;6.95;748
SETU26;;Market Price;2026-09-04T13:44:44.262191567Z;-5;Quote;6.9;70;6.95;748
SETU26;;Market Price;2026-09-04T13:44:44.381681548Z;-5;Quote;6.85;602;6.9;7
SETU26;;Market Price;2026-09-04T13:44:45.276359048Z;-5;Quote;6.85;602;6.95;1548
SETU26;;Market Price;2026-09-04T13:44:45.291719003Z;-5;Quote;6.85;602;6.95;1148
SETU26;;Market Price;2026-09-04T13:44:45.291719003Z;-5;Quote;6.85;602;6.95;748
SETU26;;Market Price;2026-09-04T13:44:50.196485218Z;-5;Quote;6.85;599;6.95;748
SETU26;;Market Price;2026-09-04T13:44:53.051734539Z;-5;Quote;6.85;599;6.9;50
SETU26;;Market Price;2026-09-04T13:44:58.787396148Z;-5;Quote;6.85;596;6.9;50
SETU26;;Market Price;2026-09-04T13:45:00.031971137Z;-5;Quote;6.85;595;6.9;50
SETU26;;Market Price;2026-09-04T13:45:01.032116713Z;-5;Quote;6.85;590;6.9;50
SETU26;;Market Price;2026-09-04T13:45:01.536877194Z;-5;Quote;6.85;588;6.9;50
SETU26;;Market Price;2026-09-04T13:45:02.032000759Z;-5;Quote;6.85;586;6.9;50
SETU26;;Market Price;2026-09-04T13:45:02.536852674Z;-5;Quote;6.85;583;6.9;50
SETU26;;Market Price;2026-09-04T13:45:18.091918564Z;-5;Quote;6.85;608;6.9;50
SETU26;;Market Price;2026-09-04T13:45:22.281387626Z;-5;Quote;6.85;663;6.9;50
SETU26;;Market Price;2026-09-04T13:45:25.641822490Z;-5;Quote;6.85;663;6.9;80
SETU26;;Market Price;2026-09-04T13:45:41.177278616Z;-5;Quote;6.85;663;6.9;50
SETU26;;Market Price;2026-09-04T13:45:41.477031728Z;-5;Quote;6.85;663;6.9;51
SETU26;;Market Price;2026-09-04T13:45:45.276583103Z;-5;Quote;6.85;660;6.9;51
SETU26;;Market Price;2026-09-04T13:45:46.022022756Z;-5;Quote;6.85;657;6.9;51
SETU26;;Market Price;2026-09-04T13:45:46.276871028Z;-5;Quote;6.85;656;6.9;51
SETU26;;Market Price;2026-09-04T13:45:46.301796066Z;-5;Quote;6.85;651;6.9;51
SETU26;;Market Price;2026-09-04T13:45:46.806781285Z;-5;Quote;6.85;648;6.9;51
SETU26;;Market Price;2026-09-04T13:45:47.276716641Z;-5;Quote;6.85;643;6.9;51
SETU26;;Market Price;2026-09-04T13:45:48.521580587Z;-5;Quote;6.85;640;6.9;51
SETU26;;Market Price;2026-09-04T13:45:48.951541900Z;-5;Quote;6.85;639;6.9;51
SETU26;;Market Price;2026-09-04T13:45:49.522062529Z;-5;Quote;6.85;638;6.9;51
SETU26;;Market Price;2026-09-04T13:45:49.671506589Z;-5;Quote;6.85;637;6.9;51
SETU26;;Market Price;2026-09-04T13:45:49.951968269Z;-5;Quote;6.85;636;6.9;51
SETU26;;Market Price;2026-09-04T13:45:50.521444671Z;-5;Quote;6.85;634;6.9;51
SETU26;;Market Price;2026-09-04T13:45:50.971942053Z;-5;Quote;6.85;631;6.9;51
SETU26;;Market Price;2026-09-04T13:45:51.521807803Z;-5;Quote;6.85;628;6.9;51
SETU26;;Market Price;2026-09-04T13:46:01.731618630Z;-5;Quote;6.85;625;6.9;51
SETU26;;Market Price;2026-09-04T13:46:03.122108459Z;-5;Quote;6.85;622;6.9;51
SETU26;;Market Price;2026-09-04T13:46:07.067301475Z;-5;Quote;6.85;619;6.9;51
SETU26;;Market Price;2026-09-04T13:46:08.846834155Z;-5;Quote;6.85;616;6.9;51
SETU26;;Market Price;2026-09-04T13:46:08.846834155Z;-5;Quote;6.85;613;6.9;51
SETU26;;Market Price;2026-09-04T13:46:09.841504163Z;-5;Quote;6.85;612;6.9;51
SETU26;;Market Price;2026-09-04T13:46:12.005061590Z;-5;Quote;6.85;609;6.9;51
SETU26;;Market Price;2026-09-04T13:46:14.426972960Z;-5;Quote;6.85;606;6.9;51
SETU26;;Market Price;2026-09-04T13:46:14.432337095Z;-5;Quote;6.85;603;6.9;51
SETU26;;Market Price;2026-09-04T13:46:14.746498237Z;-5;Quote;6.85;600;6.9;51
SETU26;;Market Price;2026-09-04T13:46:15.427088905Z;-5;Quote;6.85;597;6.9;51
SETU26;;Market Price;2026-09-04T13:46:16.595723245Z;-5;Quote;6.85;596;6.9;51
SETU26;;Market Price;2026-09-04T13:46:16.600694963Z;-5;Quote;6.85;594;6.9;51
SETU26;;Market Price;2026-09-04T13:46:16.916685896Z;-5;Quote;6.85;591;6.9;51
SETU26;;Market Price;2026-09-04T13:46:17.596672688Z;-5;Quote;6.85;590;6.9;51
SETU26;;Market Price;2026-09-04T13:46:17.601698273Z;-5;Quote;6.85;587;6.9;51
SETU26;;Market Price;2026-09-04T13:46:17.932117312Z;-5;Quote;6.85;586;6.9;51
SETU26;;Market Price;2026-09-04T13:46:18.597180161Z;-5;Quote;6.85;581;6.9;51
SETU26;;Market Price;2026-09-04T13:46:18.602175956Z;-5;Quote;6.85;577;6.9;51
SETU26;;Market Price;2026-09-04T13:46:18.931624078Z;-5;Quote;6.85;573;6.9;51
SETU26;;Market Price;2026-09-04T13:46:19.596677011Z;-5;Quote;6.85;570;6.9;51
SETU26;;Market Price;2026-09-04T13:46:20.597095996Z;-5;Quote;6.85;569;6.9;51
SETU26;;Market Price;2026-09-04T13:46:20.851684195Z;-5;Quote;6.85;610;6.9;51
SETU26;;Market Price;2026-09-04T13:46:23.081725657Z;-5;Quote;6.85;609;6.9;51
SETU26;;Market Price;2026-09-04T13:46:25.777181861Z;-5;Quote;6.85;606;6.9;51
SETU26;;Market Price;2026-09-04T13:46:28.601831317Z;-5;Quote;6.85;605;6.9;51
SETU26;;Market Price;2026-09-04T13:46:28.751439423Z;-5;Quote;6.85;602;6.9;51
SETU26;;Market Price;2026-09-04T13:46:29.601643324Z;-5;Quote;6.85;599;6.9;51
SETU26;;Market Price;2026-09-04T13:46:30.581645242Z;-5;Quote;6.85;596;6.9;51
SETU26;;Market Price;2026-09-04T13:46:31.412256200Z;-5;Quote;6.85;593;6.9;51
SETU26;;Market Price;2026-09-04T13:46:31.896730314Z;-5;Quote;6.85;593;6.9;96
SETU26;;Market Price;2026-09-04T13:46:33.276470014Z;-5;Quote;6.85;590;6.9;96
SETU26;;Market Price;2026-09-04T13:46:33.645926132Z;-5;Quote;6.85;587;6.9;96
SETU26;;Market Price;2026-09-04T13:46:34.426946929Z;-5;Quote;6.85;584;6.9;96
SETU26;;Market Price;2026-09-04T13:46:35.292261718Z;-5;Quote;6.85;584;6.9;51
SETU26;;Market Price;2026-09-04T13:46:40.851677056Z;-5;Quote;6.85;121;6.9;51
SETU26;;Market Price;2026-09-04T13:46:42.227225257Z;-5;Quote;6.85;101;6.9;51
SETU26;;Market Price;2026-09-04T13:46:42.981928738Z;-5;Quote;6.85;100;6.9;51
SETU26;;Market Price;2026-09-04T13:46:44.846760405Z;-5;Quote;6.85;99;6.9;51
SETU26;;Market Price;2026-09-04T13:46:46.916381631Z;-5;Quote;6.85;98;6.9;51
SETU26;;Market Price;2026-09-04T13:46:46.916381631Z;-5;Quote;6.85;97;6.9;51
SETU26;;Market Price;2026-09-04T13:46:46.922366074Z;-5;Quote;6.85;121;6.9;51
SETU26;;Market Price;2026-09-04T13:46:47.916729037Z;-5;Quote;6.85;118;6.9;51
SETU26;;Market Price;2026-09-04T13:46:47.916729037Z;-5;Quote;6.85;115;6.9;51
SETU26;;Market Price;2026-09-04T13:46:47.916729037Z;-5;Quote;6.85;112;6.9;51
SETU26;;Market Price;2026-09-04T13:46:48.286750911Z;-5;Quote;6.85;109;6.9;51
SETU26;;Market Price;2026-09-04T13:46:48.916781136Z;-5;Quote;6.85;106;6.9;51
SETU26;;Market Price;2026-09-04T13:46:48.916781136Z;-5;Quote;6.85;103;6.9;51
SETU26;;Market Price;2026-09-04T13:46:50.797936475Z;-5;Quote;6.85;100;6.9;51
SETU26;;Market Price;2026-09-04T13:46:52.057225568Z;-5;Quote;6.85;97;6.9;51
SETU26;;Market Price;2026-09-04T13:46:52.302160227Z;-5;Quote;6.85;77;6.9;51
SETU26;;Market Price;2026-09-04T13:46:57.476579761Z;-5;Quote;6.85;74;6.9;51
SETU26;;Market Price;2026-09-04T13:46:59.346642203Z;-5;Quote;6.85;73;6.9;51
SETU26;;Market Price;2026-09-04T13:47:00.007131835Z;-5;Quote;6.85;108;6.9;51
SETU26;;Market Price;2026-09-04T13:47:00.316799483Z;-5;Quote;6.85;107;6.9;51
SETU26;;Market Price;2026-09-04T13:47:00.346680070Z;-5;Quote;6.85;105;6.9;51
SETU26;;Market Price;2026-09-04T13:47:01.622050592Z;-5;Quote;6.85;102;6.9;51
SETU26;;Market Price;2026-09-04T13:47:01.622050592Z;-5;Quote;6.85;101;6.9;51
SETU26;;Market Price;2026-09-04T13:47:02.621952674Z;-5;Quote;6.85;100;6.9;51
SETU26;;Market Price;2026-09-04T13:47:02.631902890Z;-5;Quote;6.85;97;6.9;51
SETU26;;Market Price;2026-09-04T13:47:03.061767643Z;-5;Quote;6.85;96;6.9;51
SETU26;;Market Price;2026-09-04T13:47:03.066762540Z;-5;Quote;6.85;95;6.9;51
SETU26;;Market Price;2026-09-04T13:47:03.622001080Z;-5;Quote;6.85;91;6.9;51
SETU26;;Market Price;2026-09-04T13:47:10.186809894Z;-5;Quote;6.85;71;6.9;51
SETU26;;Market Price;2026-09-04T13:47:10.191760639Z;-5;Quote;6.85;101;6.9;51
SETU26;;Market Price;2026-09-04T13:47:14.296498292Z;-5;Quote;6.85;98;6.9;51
SETU26;;Market Price;2026-09-04T13:47:14.302397162Z;-5;Quote;6.85;97;6.9;51
SETU26;;Market Price;2026-09-04T13:47:14.302397162Z;-5;Quote;6.85;95;6.9;51
SETU26;;Market Price;2026-09-04T13:47:15.301981243Z;-5;Quote;6.85;90;6.9;51
SETU26;;Market Price;2026-09-04T13:47:15.496999596Z;-5;Quote;6.85;89;6.9;51
SETU26;;Market Price;2026-09-04T13:47:16.301599371Z;-5;Quote;6.85;110;6.9;51
SETU26;;Market Price;2026-09-04T13:47:16.496569959Z;-5;Quote;6.85;106;6.9;51
SETU26;;Market Price;2026-09-04T13:47:18.381565666Z;-5;Quote;6.85;104;6.9;51
SETU26;;Market Price;2026-09-04T13:47:20.011836981Z;-5;Quote;6.85;84;6.9;51
SETU26;;Market Price;2026-09-04T13:47:22.846826986Z;-5;Quote;6.85;109;6.9;51
SETU26;;Market Price;2026-09-04T13:47:25.131944797Z;-5;Quote;6.85;107;6.9;51
SETU26;;Market Price;2026-09-04T13:47:29.492375985Z;-5;Quote;6.85;106;6.9;51
SETU26;;Market Price;2026-09-04T13:47:30.016493773Z;-5;Quote;6.85;86;6.9;51
SETU26;;Market Price;2026-09-04T13:47:35.286658083Z;-5;Quote;6.85;85;6.9;51
SETU26;;Market Price;2026-09-04T13:47:38.142316391Z;-5;Quote;6.85;82;6.9;51
SETU26;;Market Price;2026-09-04T13:47:38.142316391Z;-5;Quote;6.85;134;6.9;51
SETU26;;Market Price;2026-09-04T13:47:38.422074012Z;-5;Quote;6.85;131;6.9;51
SETU26;;Market Price;2026-09-04T13:47:39.677021715Z;-5;Quote;6.85;130;6.9;51
SETU26;;Market Price;2026-09-04T13:47:40.021823427Z;-5;Quote;6.85;110;6.9;51
SETU26;;Market Price;2026-09-04T13:47:50.052034078Z;-5;Quote;6.85;90;6.9;51
SETU26;;Market Price;2026-09-04T13:47:50.052034078Z;-5;Quote;6.85;139;6.9;51
SETU26;;Market Price;2026-09-04T13:48:00.016962966Z;-5;Quote;6.85;138;6.9;51
SETU26;;Market Price;2026-09-04T13:48:00.021890756Z;-5;Quote;6.85;133;6.9;51
SETU26;;Market Price;2026-09-04T13:48:00.021890756Z;-5;Quote;6.85;132;6.9;51
SETU26;;Market Price;2026-09-04T13:48:02.856514430Z;-5;Quote;6.85;131;6.9;51
SETU26;;Market Price;2026-09-04T13:48:03.382189843Z;-5;Quote;6.85;153;6.9;51
SETU26;;Market Price;2026-09-04T13:48:03.392156721Z;-5;Quote;6.85;150;6.9;51
SETU26;;Market Price;2026-09-04T13:48:03.441926771Z;-5;Quote;6.85;147;6.9;51
SETU26;;Market Price;2026-09-04T13:48:03.856918293Z;-5;Quote;6.85;144;6.9;51
SETU26;;Market Price;2026-09-04T13:48:04.391536785Z;-5;Quote;6.85;137;6.9;51
SETU26;;Market Price;2026-09-04T13:48:04.927327698Z;-5;Quote;6.85;136;6.9;51
SETU26;;Market Price;2026-09-04T13:48:05.392262648Z;-5;Quote;6.85;135;6.9;51
SETU26;;Market Price;2026-09-04T13:48:10.366358468Z;-5;Quote;6.85;132;6.9;51
SETU26;;Market Price;2026-09-04T13:48:10.662065239Z;-5;Quote;6.85;131;6.9;51
SETU26;;Market Price;2026-09-04T13:48:10.766628679Z;-5;Quote;6.85;128;6.9;51
SETU26;;Market Price;2026-09-04T13:48:11.662047157Z;-5;Quote;6.85;126;6.9;51
SETU26;;Market Price;2026-09-04T13:48:14.551462640Z;-5;Quote;6.85;125;6.9;51
SETU26;;Market Price;2026-09-04T13:48:24.787340511Z;-5;Quote;6.85;122;6.9;51
SETU26;;Market Price;2026-09-04T13:48:24.792323053Z;-5;Quote;6.85;119;6.9;51
SETU26;;Market Price;2026-09-04T13:48:25.806569441Z;-5;Quote;6.85;116;6.9;51
SETU26;;Market Price;2026-09-04T13:48:27.586492980Z;-5;Quote;6.85;115;6.9;51
SETU26;;Market Price;2026-09-04T13:48:30.096571789Z;-5;Quote;6.85;112;6.9;51
SETU26;;Market Price;2026-09-04T13:48:30.096571789Z;-5;Quote;6.85;110;6.9;51
SETU26;;Market Price;2026-09-04T13:48:30.101576010Z;-5;Quote;6.85;107;6.9;51
SETU26;;Market Price;2026-09-04T13:48:31.097134512Z;-5;Quote;6.85;106;6.9;51
SETU26;;Market Price;2026-09-04T13:48:31.102133751Z;-5;Quote;6.85;105;6.9;51
SETU26;;Market Price;2026-09-04T13:48:31.881945560Z;-5;Quote;6.85;105;6.9;88
SETU26;;Market Price;2026-09-04T13:48:35.197078864Z;-5;Quote;6.85;102;6.9;88
SETU26;;Market Price;2026-09-04T13:48:36.497039893Z;-5;Quote;6.85;99;6.9;88
SETU26;;Market Price;2026-09-04T13:48:37.497415359Z;-5;Quote;6.85;96;6.9;88
SETU26;;Market Price;2026-09-04T13:48:39.766733876Z;-5;Quote;6.85;95;6.9;88
SETU26;;Market Price;2026-09-04T13:48:41.596823320Z;-5;Quote;6.85;92;6.9;88
SETU26;;Market Price;2026-09-04T13:48:53.587175680Z;-5;Quote;6.85;89;6.9;88
SETU26;;Market Price;2026-09-04T13:49:07.227122033Z;-5;Quote;6.85;90;6.9;88
SETU26;;Market Price;2026-09-04T13:49:07.227122033Z;-5;Quote;6.85;90;6.9;118
SETU26;;Market Price;2026-09-04T13:49:10.011490768Z;-5;Quote;6.85;88;6.9;118
SETU26;;Market Price;2026-09-04T13:49:10.027234307Z;-5;Quote;6.85;87;6.9;118
SETU26;;Market Price;2026-09-04T13:49:10.027234307Z;-5;Quote;6.85;85;6.9;118
SETU26;;Market Price;2026-09-04T13:49:11.011967524Z;-5;Quote;6.85;84;6.9;118
SETU26;;Market Price;2026-09-04T13:49:11.026885478Z;-5;Quote;6.85;83;6.9;118
SETU26;;Market Price;2026-09-04T13:49:20.591749119Z;-5;Quote;6.9;32;6.95;3258
SETU26;;Market Price;2026-09-04T13:49:20.591749119Z;-5;Quote;6.9;32;6.95;2858
SETU26;;Market Price;2026-09-04T13:49:20.591749119Z;-5;Quote;6.9;12;6.95;2858
SETU26;;Market Price;2026-09-04T13:49:20.591749119Z;-5;Quote;6.85;83;6.95;2858
SETU26;;Market Price;2026-09-04T13:49:20.606712802Z;-5;Quote;6.85;83;6.95;2458
SETU26;;Market Price;2026-09-04T13:49:20.606712802Z;-5;Quote;6.85;83;6.95;2058
SETU26;;Market Price;2026-09-04T13:49:20.606712802Z;-5;Quote;6.85;83;6.95;1658
SETU26;;Market Price;2026-09-04T13:49:20.626627176Z;-5;Quote;6.85;83;6.95;1258
SETU26;;Market Price;2026-09-04T13:49:20.646462439Z;-5;Quote;6.85;83;6.95;858
SETU26;;Market Price;2026-09-04T13:49:20.852327365Z;-5;Quote;6.85;83;6.95;871
SETU26;;Market Price;2026-09-04T13:49:23.751527718Z;-5;Quote;6.9;150;6.95;871
SETU26;;Market Price;2026-09-04T13:49:31.582123395Z;-5;Quote;6.9;147;6.95;871
SETU26;;Market Price;2026-09-04T13:49:34.791300293Z;-5;Quote;6.9;127;6.95;871
SETU26;;Market Price;2026-09-04T13:49:34.791300293Z;-5;Quote;6.9;127;6.95;916
SETU26;;Market Price;2026-09-04T13:49:35.011967286Z;-5;Quote;6.9;127;6.95;871
SETU26;;Market Price;2026-09-04T13:49:38.041714712Z;-5;Quote;6.9;126;6.95;871
SETU26;;Market Price;2026-09-04T13:49:38.046722711Z;-5;Quote;6.9;125;6.95;871
SETU26;;Market Price;2026-09-04T13:49:38.301578286Z;-5;Quote;6.9;123;6.95;871
SETU26;;Market Price;2026-09-04T13:49:38.306557514Z;-5;Quote;6.9;120;6.95;871
SETU26;;Market Price;2026-09-04T13:49:39.042120193Z;-5;Quote;6.9;117;6.95;871
SETU26;;Market Price;2026-09-04T13:49:43.842201168Z;-5;Quote;6.9;114;6.95;871
SETU26;;Market Price;2026-09-04T13:49:44.071921654Z;-5;Quote;6.9;113;6.95;871
SETU26;;Market Price;2026-09-04T13:49:45.072035250Z;-5;Quote;6.9;111;6.95;871
SETU26;;Market Price;2026-09-04T13:49:45.297069473Z;-5;Quote;6.9;108;6.95;871
SETU26;;Market Price;2026-09-04T13:49:46.071335343Z;-5;Quote;6.9;105;6.95;871
SETU26;;Market Price;2026-09-04T13:49:52.111947599Z;-5;Quote;6.9;102;6.95;871
SETU26;;Market Price;2026-09-04T13:49:52.116952707Z;-5;Quote;6.9;101;6.95;871
SETU26;;Market Price;2026-09-04T13:49:56.672151898Z;-5;Quote;6.85;133;6.9;9
SETU26;;Market Price;2026-09-04T13:49:56.692085215Z;-5;Quote;6.85;133;6.9;39
SETU26;;Market Price;2026-09-04T13:49:56.726934753Z;-5;Quote;6.85;133;6.9;52
SETU26;;Market Price;2026-09-04T13:49:57.656867013Z;-5;Quote;6.85;133;6.9;43
SETU26;;Market Price;2026-09-04T13:49:59.137377995Z;-5;Quote;6.85;130;6.9;43
SETU26;;Market Price;2026-09-04T13:49:59.142122798Z;-5;Quote;6.85;129;6.9;43
SETU26;;Market Price;2026-09-04T13:49:59.687151268Z;-5;Quote;6.85;129;6.9;88
SETU26;;Market Price;2026-09-04T13:50:01.851741926Z;-5;Quote;6.85;129;6.9;43
SETU26;;Market Price;2026-09-04T13:50:01.851741926Z;-5;Quote;6.85;129;6.9;88
SETU26;;Market Price;2026-09-04T13:50:01.886650745Z;-5;Quote;6.85;129;6.9;43
SETU26;;Market Price;2026-09-04T13:50:04.857111515Z;-5;Quote;6.85;129;6.9;88
SETU26;;Market Price;2026-09-04T13:50:06.117259166Z;-5;Quote;6.85;129;6.9;43
SETU26;;Market Price;2026-09-04T13:50:13.432277645Z;-5;Quote;6.85;128;6.9;43
SETU26;;Market Price;2026-09-04T13:50:16.307135368Z;-5;Quote;6.85;127;6.9;43
SETU26;;Market Price;2026-09-04T13:50:18.182070111Z;-5;Quote;6.85;179;6.9;43
SETU26;;Market Price;2026-09-04T13:50:21.251826769Z;-5;Quote;6.85;166;6.9;43
SETU26;;Market Price;2026-09-04T13:50:21.251826769Z;-5;Quote;6.85;166;6.9;88
SETU26;;Market Price;2026-09-04T13:50:21.571494555Z;-5;Quote;6.85;166;6.9;43
SETU26;;Market Price;2026-09-04T13:50:24.231467541Z;-5;Quote;6.85;166;6.9;13
SETU26;;Market Price;2026-09-04T13:50:29.537149617Z;-5;Quote;6.85;164;6.9;13
SETU26;;Market Price;2026-09-04T13:50:29.537149617Z;-5;Quote;6.85;162;6.9;13
SETU26;;Market Price;2026-09-04T13:50:30.061865890Z;-5;Quote;6.85;159;6.9;13
SETU26;;Market Price;2026-09-04T13:50:30.537265119Z;-5;Quote;6.85;158;6.9;13
SETU26;;Market Price;2026-09-04T13:50:30.537265119Z;-5;Quote;6.85;157;6.9;13
SETU26;;Market Price;2026-09-04T13:50:31.806682850Z;-5;Quote;6.85;156;6.9;13
SETU26;;Market Price;2026-09-04T13:50:32.056638198Z;-5;Quote;6.85;155;6.9;13
SETU26;;Market Price;2026-09-04T13:50:32.056638198Z;-5;Quote;6.85;154;6.9;13
SETU26;;Market Price;2026-09-04T13:50:33.057198849Z;-5;Quote;6.85;152;6.9;13
SETU26;;Market Price;2026-09-04T13:50:33.057198849Z;-5;Quote;6.85;150;6.9;13
SETU26;;Market Price;2026-09-04T13:50:33.616804463Z;-5;Quote;6.85;150;6.9;58
SETU26;;Market Price;2026-09-04T13:50:33.616804463Z;-5;Quote;6.85;131;6.9;58
SETU26;;Market Price;2026-09-04T13:50:33.621739092Z;-5;Quote;6.85;172;6.9;58
SETU26;;Market Price;2026-09-04T13:50:33.851723589Z;-5;Quote;6.85;172;6.9;13
SETU26;;Market Price;2026-09-04T13:50:34.172270165Z;-5;Quote;6.85;169;6.9;13
SETU26;;Market Price;2026-09-04T13:50:34.796550910Z;-5;Quote;6.85;169;6.9;58
SETU26;;Market Price;2026-09-04T13:50:35.982320800Z;-5;Quote;6.85;419;6.9;58
SETU26;;Market Price;2026-09-04T13:50:37.342076673Z;-5;Quote;6.85;417;6.9;58
SETU26;;Market Price;2026-09-04T13:50:41.497429916Z;-5;Quote;6.85;417;6.9;13
SETU26;;Market Price;2026-09-04T13:50:41.497429916Z;-5;Quote;6.85;414;6.9;13
SETU26;;Market Price;2026-09-04T13:50:41.501412729Z;-5;Quote;6.85;411;6.9;13
SETU26;;Market Price;2026-09-04T13:50:41.592020909Z;-5;Quote;6.85;411;6.9;58
SETU26;;Market Price;2026-09-04T13:50:43.247233954Z;-5;Quote;6.85;408;6.9;58
SETU26;;Market Price;2026-09-04T13:50:43.356748811Z;-5;Quote;6.85;407;6.9;58
SETU26;;Market Price;2026-09-04T13:50:43.747059013Z;-5;Quote;6.85;405;6.9;58
SETU26;;Market Price;2026-09-04T13:50:45.271886152Z;-5;Quote;6.85;404;6.9;58
SETU26;;Market Price;2026-09-04T13:50:45.467013090Z;-5;Quote;6.85;404;6.9;13
SETU26;;Market Price;2026-09-04T13:50:53.062228861Z;-5;Quote;6.85;403;6.9;13
SETU26;;Market Price;2026-09-04T13:50:56.281819516Z;-5;Quote;6.85;402;6.9;13
SETU26;;Market Price;2026-09-04T13:50:56.286713367Z;-5;Quote;6.85;401;6.9;13
SETU26;;Market Price;2026-09-04T13:50:56.286713367Z;-5;Quote;6.85;398;6.9;13
SETU26;;Market Price;2026-09-04T13:50:56.852244950Z;-5;Quote;6.85;397;6.9;13
SETU26;;Market Price;2026-09-04T13:50:57.282110682Z;-5;Quote;6.85;394;6.9;13
SETU26;;Market Price;2026-09-04T13:50:57.287157561Z;-5;Quote;6.85;391;6.9;13
SETU26;;Market Price;2026-09-04T13:50:57.421445919Z;-5;Quote;6.85;392;6.9;13
SETU26;;Market Price;2026-09-04T13:50:58.992047799Z;-5;Quote;6.85;389;6.9;13
SETU26;;Market Price;2026-09-04T13:51:00.061678974Z;-5;Quote;6.85;386;6.9;13
SETU26;;Market Price;2026-09-04T13:51:00.526641961Z;-5;Quote;6.85;383;6.9;13
SETU26;;Market Price;2026-09-04T13:51:05.077315512Z;-5;Quote;6.85;382;6.9;13
SETU26;;Market Price;2026-09-04T13:51:05.077315512Z;-5;Quote;6.85;381;6.9;13
SETU26;;Market Price;2026-09-04T13:51:05.077315512Z;-5;Quote;6.85;380;6.9;13
SETU26;;Market Price;2026-09-04T13:51:06.076797045Z;-5;Quote;6.85;377;6.9;13
SETU26;;Market Price;2026-09-04T13:51:06.076797045Z;-5;Quote;6.85;374;6.9;13
SETU26;;Market Price;2026-09-04T13:51:06.076797045Z;-5;Quote;6.85;371;6.9;13
SETU26;;Market Price;2026-09-04T13:51:23.031930277Z;-5;Quote;6.85;370;6.9;13
SETU26;;Market Price;2026-09-04T13:51:23.031930277Z;-5;Quote;6.85;369;6.9;13
SETU26;;Market Price;2026-09-04T13:51:24.032026525Z;-5;Quote;6.85;367;6.9;13
SETU26;;Market Price;2026-09-04T13:51:25.727205078Z;-5;Quote;6.9;87;6.95;2458
SETU26;;Market Price;2026-09-04T13:51:25.742129651Z;-5;Quote;6.9;87;6.95;2058
SETU26;;Market Price;2026-09-04T13:51:25.747033695Z;-5;Quote;6.9;87;6.95;1658
SETU26;;Market Price;2026-09-04T13:51:25.747033695Z;-5;Quote;6.9;87;6.95;1258
SETU26;;Market Price;2026-09-04T13:51:26.466646406Z;-5;Quote;6.9;86;6.95;1258
SETU26;;Market Price;2026-09-04T13:51:29.041834788Z;-5;Quote;6.9;85;6.95;1258
SETU26;;Market Price;2026-09-04T13:51:29.041834788Z;-5;Quote;6.9;83;6.95;1258
SETU26;;Market Price;2026-09-04T13:51:31.106955141Z;-5;Quote;6.9;82;6.95;1258
SETU26;;Market Price;2026-09-04T13:51:33.136514916Z;-5;Quote;6.9;82;6.95;858
SETU26;;Market Price;2026-09-04T13:51:33.497045587Z;-5;Quote;6.9;81;6.95;858
SETU26;;Market Price;2026-09-04T13:51:33.501941127Z;-5;Quote;6.9;80;6.95;858
SETU26;;Market Price;2026-09-04T13:51:33.581412046Z;-5;Quote;6.9;60;6.95;858
SETU26;;Market Price;2026-09-04T13:51:33.581412046Z;-5;Quote;6.9;60;6.95;903
SETU26;;Market Price;2026-09-04T13:51:33.722040968Z;-5;Quote;6.9;60;6.95;858
SETU26;;Market Price;2026-09-04T13:51:41.066494948Z;-5;Quote;6.9;58;6.95;858
SETU26;;Market Price;2026-09-04T13:51:42.691330918Z;-5;Quote;6.9;58;6.95;903
SETU26;;Market Price;2026-09-04T13:51:42.942304390Z;-5;Quote;6.9;58;6.95;858
SETU26;;Market Price;2026-09-04T13:51:45.416683192Z;-5;Quote;6.85;367;6.9;8
SETU26;;Market Price;2026-09-04T13:51:45.416683192Z;-5;Quote;6.85;367;6.9;38
SETU26;;Market Price;2026-09-04T13:51:46.136470535Z;-5;Quote;6.85;367;6.9;30
SETU26;;Market Price;2026-09-04T13:51:48.671435059Z;-5;Quote;6.85;367;6.9;75
SETU26;;Market Price;2026-09-04T13:52:33.066475961Z;-5;Quote;6.85;366;6.9;75
SETU26;;Market Price;2026-09-04T13:52:34.066587956Z;-5;Quote;6.85;364;6.9;75
SETU26;;Market Price;2026-09-04T13:52:34.216737341Z;-5;Quote;6.85;364;6.9;175
SETU26;;Market Price;2026-09-04T13:52:35.131894368Z;-5;Quote;6.85;361;6.9;175
SETU26;;Market Price;2026-09-04T13:52:37.917142264Z;-5;Quote;6.85;348;6.9;175
SETU26;;Market Price;2026-09-04T13:52:37.917142264Z;-5;Quote;6.85;348;6.9;196
SETU26;;Market Price;2026-09-04T13:52:38.047349320Z;-5;Quote;6.85;348;6.9;197
SETU26;;Market Price;2026-09-04T13:52:42.046672923Z;-5;Quote;6.85;345;6.9;197
SETU26;;Market Price;2026-09-04T13:52:42.046672923Z;-5;Quote;6.85;345;6.9;198
SETU26;;Market Price;2026-09-04T13:52:42.046672923Z;-5;Quote;6.85;343;6.9;198
SETU26;;Market Price;2026-09-04T13:52:43.047296356Z;-5;Quote;6.85;342;6.9;198
SETU26;;Market Price;2026-09-04T13:52:43.671612655Z;-5;Quote;6.85;347;6.9;198
SETU26;;Market Price;2026-09-04T13:52:43.671612655Z;-5;Quote;6.85;347;6.9;203
SETU26;;Market Price;2026-09-04T13:52:47.186614380Z;-5;Quote;6.85;346;6.9;203
SETU26;;Market Price;2026-09-04T13:52:47.186614380Z;-5;Quote;6.85;345;6.9;203
SETU26;;Market Price;2026-09-04T13:52:47.226551602Z;-5;Quote;6.85;344;6.9;203
SETU26;;Market Price;2026-09-04T13:52:48.227078757Z;-5;Quote;6.85;341;6.9;203
SETU26;;Market Price;2026-09-04T13:52:48.227078757Z;-5;Quote;6.85;341;6.9;204
SETU26;;Market Price;2026-09-04T13:52:49.206789503Z;-5;Quote;6.85;291;6.9;204
SETU26;;Market Price;2026-09-04T13:52:49.206789503Z;-5;Quote;6.85;286;6.9;204
SETU26;;Market Price;2026-09-04T13:52:49.206789503Z;-5;Quote;6.85;286;6.9;203
SETU26;;Market Price;2026-09-04T13:52:49.206789503Z;-5;Quote;6.85;286;6.9;198
SETU26;;Market Price;2026-09-04T13:52:49.211705027Z;-5;Quote;6.85;347;6.9;198
SETU26;;Market Price;2026-09-04T13:52:49.235879095Z;-5;Quote;6.85;347;6.9;204
SETU26;;Market Price;2026-09-04T13:52:59.856439038Z;-5;Quote;6.85;344;6.9;204
SETU26;;Market Price;2026-09-04T13:53:00.187022980Z;-5;Quote;6.85;341;6.9;204
SETU26;;Market Price;2026-09-04T13:53:00.187022980Z;-5;Quote;6.85;341;6.9;205
SETU26;;Market Price;2026-09-04T13:53:00.532259017Z;-5;Quote;6.85;340;6.9;205
SETU26;;Market Price;2026-09-04T13:53:00.635854156Z;-5;Quote;6.85;339;6.9;205
SETU26;;Market Price;2026-09-04T13:53:01.187059576Z;-5;Quote;6.85;334;6.9;205
SETU26;;Market Price;2026-09-04T13:53:01.531683078Z;-5;Quote;6.85;332;6.9;205
SETU26;;Market Price;2026-09-04T13:53:01.612326185Z;-5;Quote;6.85;330;6.9;205
SETU26;;Market Price;2026-09-04T13:53:01.636717090Z;-5;Quote;6.85;327;6.9;205
SETU26;;Market Price;2026-09-04T13:53:02.186959951Z;-5;Quote;6.85;321;6.9;205
SETU26;;Market Price;2026-09-04T13:53:02.612130316Z;-5;Quote;6.85;320;6.9;205
SETU26;;Market Price;2026-09-04T13:53:02.637066156Z;-5;Quote;6.85;317;6.9;205
SETU26;;Market Price;2026-09-04T13:53:03.351983117Z;-5;Quote;6.85;314;6.9;205
SETU26;;Market Price;2026-09-04T13:53:03.356900030Z;-5;Quote;6.85;311;6.9;205
SETU26;;Market Price;2026-09-04T13:53:03.611835195Z;-5;Quote;6.85;308;6.9;205
SETU26;;Market Price;2026-09-04T13:53:03.611835195Z;-5;Quote;6.85;308;6.9;204
SETU26;;Market Price;2026-09-04T13:53:03.611835195Z;-5;Quote;6.85;308;6.9;199
SETU26;;Market Price;2026-09-04T13:53:03.611835195Z;-5;Quote;6.85;299;6.9;199
SETU26;;Market Price;2026-09-04T13:53:03.636671776Z;-5;Quote;6.85;299;6.9;200
SETU26;;Market Price;2026-09-04T13:53:08.167009271Z;-5;Quote;6.85;297;6.9;200
SETU26;;Market Price;2026-09-04T13:53:09.166787801Z;-5;Quote;6.85;291;6.9;200
SETU26;;Market Price;2026-09-04T13:53:09.166787801Z;-5;Quote;6.85;291;6.9;201
SETU26;;Market Price;2026-09-04T13:53:10.167202034Z;-5;Quote;6.85;289;6.9;201
SETU26;;Market Price;2026-09-04T13:53:11.166640257Z;-5;Quote;6.85;287;6.9;201
SETU26;;Market Price;2026-09-04T13:53:12.167110493Z;-5;Quote;6.85;286;6.9;201
SETU26;;Market Price;2026-09-04T13:53:13.167156469Z;-5;Quote;6.85;285;6.9;201
SETU26;;Market Price;2026-09-04T13:53:17.331842977Z;-5;Quote;6.85;282;6.9;201
SETU26;;Market Price;2026-09-04T13:53:17.331842977Z;-5;Quote;6.85;282;6.9;202
SETU26;;Market Price;2026-09-04T13:53:17.655364564Z;-5;Quote;6.85;281;6.9;202
SETU26;;Market Price;2026-09-04T13:53:17.655364564Z;-5;Quote;6.85;280;6.9;202
SETU26;;Market Price;2026-09-04T13:53:18.332162354Z;-5;Quote;6.85;278;6.9;202
SETU26;;Market Price;2026-09-04T13:53:18.656669481Z;-5;Quote;6.85;277;6.9;202
SETU26;;Market Price;2026-09-04T13:53:21.871661728Z;-5;Quote;6.85;274;6.9;202
SETU26;;Market Price;2026-09-04T13:53:21.871661728Z;-5;Quote;6.85;271;6.9;202
SETU26;;Market Price;2026-09-04T13:53:21.871661728Z;-5;Quote;6.85;271;6.9;203
SETU26;;Market Price;2026-09-04T13:53:21.876560009Z;-5;Quote;6.85;268;6.9;203
SETU26;;Market Price;2026-09-04T13:53:22.666182853Z;-5;Quote;6.85;267;6.9;203
SETU26;;Market Price;2026-09-04T13:53:31.407243491Z;-5;Quote;6.85;267;6.9;303
SETU26;;Market Price;2026-09-04T13:53:31.546707474Z;-5;Quote;6.85;266;6.9;303
SETU26;;Market Price;2026-09-04T13:53:32.546742051Z;-5;Quote;6.85;265;6.9;303
SETU26;;Market Price;2026-09-04T13:53:36.066527500Z;-5;Quote;6.85;264;6.9;303
SETU26;;Market Price;2026-09-04T13:53:36.072357647Z;-5;Quote;6.85;262;6.9;303
SETU26;;Market Price;2026-09-04T13:53:36.072357647Z;-5;Quote;6.85;262;6.9;304
SETU26;;Market Price;2026-09-04T13:53:46.537010336Z;-5;Quote;6.85;259;6.9;304
SETU26;;Market Price;2026-09-04T13:53:55.566435695Z;-5;Quote;6.8;1375;6.85;234
SETU26;;Market Price;2026-09-04T13:53:55.566435695Z;-5;Quote;6.8;975;6.85;234
SETU26;;Market Price;2026-09-04T13:53:55.571573789Z;-5;Quote;6.8;954;6.85;234
SETU26;;Market Price;2026-09-04T13:53:55.571573789Z;-5;Quote;6.8;954;6.85;270
SETU26;;Market Price;2026-09-04T13:53:55.571573789Z;-5;Quote;6.8;954;6.85;210
SETU26;;Market Price;2026-09-04T13:53:55.571573789Z;-5;Quote;6.8;954;6.85;166
SETU26;;Market Price;2026-09-04T13:53:55.577371365Z;-5;Quote;6.8;954;6.85;130
SETU26;;Market Price;2026-09-04T13:53:55.577371365Z;-5;Quote;6.8;954;6.85;92
SETU26;;Market Price;2026-09-04T13:53:55.581436614Z;-5;Quote;6.8;954;6.85;52
SETU26;;Market Price;2026-09-04T13:53:55.581436614Z;-5;Quote;6.8;954;6.85;3
SETU26;;Market Price;2026-09-04T13:53:55.586265339Z;-5;Quote;6.85;51;6.9;1475
SETU26;;Market Price;2026-09-04T13:53:55.591265539Z;-5;Quote;6.85;51;6.9;1075
SETU26;;Market Price;2026-09-04T13:53:55.597279979Z;-5;Quote;6.85;13;6.9;1075
SETU26;;Market Price;2026-09-04T13:53:55.597279979Z;-5;Quote;6.8;954;6.9;1075
SETU26;;Market Price;2026-09-04T13:53:55.597279979Z;-5;Quote;6.85;41;6.9;1075
SETU26;;Market Price;2026-09-04T13:53:55.602291379Z;-5;Quote;6.85;41;6.9;675
SETU26;;Market Price;2026-09-04T13:53:55.602291379Z;-5;Quote;6.85;41;6.9;275
SETU26;;Market Price;2026-09-04T13:53:55.736712648Z;-5;Quote;6.85;42;6.9;275
SETU26;;Market Price;2026-09-04T13:53:56.527215673Z;-5;Quote;6.8;954;6.85;58
SETU26;;Market Price;2026-09-04T13:53:56.527215673Z;-5;Quote;6.8;954;6.85;69
SETU26;;Market Price;2026-09-04T13:53:56.532252363Z;-5;Quote;6.8;954;6.85;23
SETU26;;Market Price;2026-09-04T13:53:56.532252363Z;-5;Quote;6.85;9;6.9;275
SETU26;;Market Price;2026-09-04T13:53:56.542198561Z;-5;Quote;6.85;9;6.9;675
SETU26;;Market Price;2026-09-04T13:53:56.547116155Z;-5;Quote;6.85;9;6.9;1075
SETU26;;Market Price;2026-09-04T13:53:56.547116155Z;-5;Quote;6.85;9;6.9;675
SETU26;;Market Price;2026-09-04T13:53:56.552170151Z;-5;Quote;6.8;954;6.9;675
SETU26;;Market Price;2026-09-04T13:53:56.556496275Z;-5;Quote;6.85;37;6.9;675
SETU26;;Market Price;2026-09-04T13:53:56.563112696Z;-5;Quote;6.85;37;6.9;275
SETU26;;Market Price;2026-09-04T13:53:56.742307065Z;-5;Quote;6.85;38;6.9;275
SETU26;;Market Price;2026-09-04T13:53:56.802019070Z;-5;Quote;6.85;36;6.9;275
SETU26;;Market Price;2026-09-04T13:54:02.092271025Z;-5;Quote;6.8;954;6.85;64
SETU26;;Market Price;2026-09-04T13:54:02.092271025Z;-5;Quote;6.8;954;6.85;69
SETU26;;Market Price;2026-09-04T13:54:02.092271025Z;-5;Quote;6.8;954;6.85;114
SETU26;;Market Price;2026-09-04T13:54:02.092271025Z;-5;Quote;6.8;954;6.85;51
SETU26;;Market Price;2026-09-04T13:54:02.097192449Z;-5;Quote;6.8;954;6.85;20
SETU26;;Market Price;2026-09-04T13:54:02.097192449Z;-5;Quote;6.8;954;6.85;45
SETU26;;Market Price;2026-09-04T13:54:02.097192449Z;-5;Quote;6.85;16;6.9;230
SETU26;;Market Price;2026-09-04T13:54:02.107161797Z;-5;Quote;6.85;16;6.9;630
SETU26;;Market Price;2026-09-04T13:54:02.107161797Z;-5;Quote;6.85;16;6.9;1030
SETU26;;Market Price;2026-09-04T13:54:02.112144989Z;-5;Quote;6.85;16;6.9;630
SETU26;;Market Price;2026-09-04T13:54:02.117185350Z;-5;Quote;6.85;2;6.9;630
SETU26;;Market Price;2026-09-04T13:54:02.117185350Z;-5;Quote;6.8;954;6.9;630
SETU26;;Market Price;2026-09-04T13:54:02.117185350Z;-5;Quote;6.85;60;6.9;630
SETU26;;Market Price;2026-09-04T13:54:02.127134022Z;-5;Quote;6.85;60;6.9;230
SETU26;;Market Price;2026-09-04T13:54:02.752383424Z;-5;Quote;6.85;61;6.9;230
SETU26;;Market Price;2026-09-04T13:54:02.822045684Z;-5;Quote;6.85;60;6.9;230
SETU26;;Market Price;2026-09-04T13:54:03.211792775Z;-5;Quote;6.85;57;6.9;230
SETU26;;Market Price;2026-09-04T13:54:04.186576533Z;-5;Quote;6.85;57;6.9;275
SETU26;;Market Price;2026-09-04T13:54:06.802028219Z;-5;Quote;6.85;37;6.9;275
SETU26;;Market Price;2026-09-04T13:54:06.962383557Z;-5;Quote;6.85;34;6.9;275
SETU26;;Market Price;2026-09-04T13:54:06.967301780Z;-5;Quote;6.85;31;6.9;275
SETU26;;Market Price;2026-09-04T13:54:06.972304368Z;-5;Quote;6.85;30;6.9;275
SETU26;;Market Price;2026-09-04T13:54:06.977258143Z;-5;Quote;6.85;29;6.9;275
SETU26;;Market Price;2026-09-04T13:54:10.121640034Z;-5;Quote;6.85;9;6.9;275
SETU26;;Market Price;2026-09-04T13:54:10.121640034Z;-5;Quote;6.8;954;6.9;275
SETU26;;Market Price;2026-09-04T13:54:10.121640034Z;-5;Quote;6.8;954;6.9;287
SETU26;;Market Price;2026-09-04T13:54:10.121640034Z;-5;Quote;6.85;60;6.9;287
SETU26;;Market Price;2026-09-04T13:54:10.766880055Z;-5;Quote;6.85;61;6.9;287
SETU26;;Market Price;2026-09-04T13:54:13.497321279Z;-5;Quote;6.85;60;6.9;287
SETU26;;Market Price;2026-09-04T13:54:14.252194692Z;-5;Quote;6.85;57;6.9;287
SETU26;;Market Price;2026-09-04T13:54:14.252194692Z;-5;Quote;6.85;54;6.9;287
SETU26;;Market Price;2026-09-04T13:54:14.252194692Z;-5;Quote;6.85;51;6.9;287
SETU26;;Market Price;2026-09-04T13:54:14.257216375Z;-5;Quote;6.85;48;6.9;287
SETU26;;Market Price;2026-09-04T13:54:16.606843639Z;-5;Quote;6.85;73;6.9;287
SETU26;;Market Price;2026-09-04T13:54:18.971591540Z;-5;Quote;6.85;72;6.9;287
SETU26;;Market Price;2026-09-04T13:54:20.176558672Z;-5;Quote;6.85;52;6.9;287
SETU26;;Market Price;2026-09-04T13:54:24.286489643Z;-5;Quote;6.85;52;6.9;306
SETU26;;Market Price;2026-09-04T13:54:24.871922490Z;-5;Quote;6.85;50;6.9;306
SETU26;;Market Price;2026-09-04T13:54:25.872135694Z;-5;Quote;6.85;49;6.9;306
SETU26;;Market Price;2026-09-04T13:54:30.076731980Z;-5;Quote;6.85;29;6.9;306
SETU26;;Market Price;2026-09-04T13:54:30.076731980Z;-5;Quote;6.85;22;6.9;306
SETU26;;Market Price;2026-09-04T13:54:30.076731980Z;-5;Quote;6.85;22;6.9;294
SETU26;;Market Price;2026-09-04T13:54:30.076731980Z;-5;Quote;6.85;2;6.9;294
SETU26;;Market Price;2026-09-04T13:54:30.081639557Z;-5;Quote;6.85;38;6.9;294
SETU26;;Market Price;2026-09-04T13:54:35.076517088Z;-5;Quote;6.85;38;6.9;304
SETU26;;Market Price;2026-09-04T13:54:40.061692996Z;-5;Quote;6.85;18;6.9;304
SETU26;;Market Price;2026-09-04T13:54:40.061692996Z;-5;Quote;6.8;554;6.9;304
SETU26;;Market Price;2026-09-04T13:54:40.066737963Z;-5;Quote;6.85;61;6.9;304
SETU26;;Market Price;2026-09-04T13:54:40.491807991Z;-5;Quote;6.85;60;6.9;304
SETU26;;Market Price;2026-09-04T13:54:41.491805855Z;-5;Quote;6.85;59;6.9;304
SETU26;;Market Price;2026-09-04T13:54:42.556484153Z;-5;Quote;6.85;57;6.9;304
SETU26;;Market Price;2026-09-04T13:54:43.001508906Z;-5;Quote;6.85;56;6.9;304
SETU26;;Market Price;2026-09-04T13:54:43.556403220Z;-5;Quote;6.85;53;6.9;304
SETU26;;Market Price;2026-09-04T13:54:44.001392106Z;-5;Quote;6.85;51;6.9;304
SETU26;;Market Price;2026-09-04T13:54:47.777315306Z;-5;Quote;6.85;76;6.9;304
SETU26;;Market Price;2026-09-04T13:54:47.931651071Z;-5;Quote;6.85;101;6.9;304
SETU26;;Market Price;2026-09-04T13:54:50.147225371Z;-5;Quote;6.85;81;6.9;304
SETU26;;Market Price;2026-09-04T13:54:55.657016097Z;-5;Quote;6.85;56;6.9;304
SETU26;;Market Price;2026-09-04T13:55:00.011438916Z;-5;Quote;6.85;36;6.9;304
SETU26;;Market Price;2026-09-04T13:55:00.016553379Z;-5;Quote;6.85;87;6.9;304
SETU26;;Market Price;2026-09-04T13:55:01.321568908Z;-5;Quote;6.85;86;6.9;304
SETU26;;Market Price;2026-09-04T13:55:04.986489459Z;-5;Quote;6.85;85;6.9;304
SETU26;;Market Price;2026-09-04T13:55:05.536902167Z;-5;Quote;6.85;85;6.9;204
SETU26;;Market Price;2026-09-04T13:55:06.061627874Z;-5;Quote;6.85;85;6.9;260
SETU26;;Market Price;2026-09-04T13:55:06.857142083Z;-5;Quote;6.85;86;6.9;260
SETU26;;Market Price;2026-09-04T13:55:07.186649564Z;-5;Quote;6.85;86;6.9;270
SETU26;;Market Price;2026-09-04T13:55:10.081973755Z;-5;Quote;6.85;66;6.9;270
SETU26;;Market Price;2026-09-04T13:55:17.416508292Z;-5;Quote;6.85;63;6.9;270
SETU26;;Market Price;2026-09-04T13:55:17.426503704Z;-5;Quote;6.85;12;6.9;270
SETU26;;Market Price;2026-09-04T13:55:17.426503704Z;-5;Quote;6.85;2;6.9;270
SETU26;;Market Price;2026-09-04T13:55:17.426503704Z;-5;Quote;6.8;554;6.9;270
SETU26;;Market Price;2026-09-04T13:55:17.426503704Z;-5;Quote;6.8;590;6.9;270
SETU26;;Market Price;2026-09-04T13:55:17.441266350Z;-5;Quote;6.8;590;6.9;293
SETU26;;Market Price;2026-09-04T13:55:18.406591141Z;-5;Quote;6.8;590;6.9;292
SETU26;;Market Price;2026-09-04T13:55:20.576867445Z;-5;Quote;6.8;590;6.9;269
SETU26;;Market Price;2026-09-04T13:55:20.626648254Z;-5;Quote;6.8;590;6.9;292
SETU26;;Market Price;2026-09-04T13:55:27.662351184Z;-5;Quote;6.8;588;6.9;292
SETU26;;Market Price;2026-09-04T13:55:27.662351184Z;-5;Quote;6.8;588;6.85;30
SETU26;;Market Price;2026-09-04T13:55:28.026747193Z;-5;Quote;6.8;588;6.85;54
SETU26;;Market Price;2026-09-04T13:55:28.771416240Z;-5;Quote;6.8;588;6.85;74
SETU26;;Market Price;2026-09-04T13:55:50.597419073Z;-5;Quote;6.8;585;6.85;74
SETU26;;Market Price;2026-09-04T13:55:50.632295840Z;-5;Quote;6.8;584;6.85;74
SETU26;;Market Price;2026-09-04T13:55:50.632295840Z;-5;Quote;6.8;582;6.85;74
SETU26;;Market Price;2026-09-04T13:55:51.632118380Z;-5;Quote;6.8;581;6.85;74
SETU26;;Market Price;2026-09-04T13:55:52.172354884Z;-5;Quote;6.8;580;6.85;74
SETU26;;Market Price;2026-09-04T13:55:52.172354884Z;-5;Quote;6.8;580;6.85;75
SETU26;;Market Price;2026-09-04T13:55:53.476437492Z;-5;Quote;6.8;577;6.85;75
SETU26;;Market Price;2026-09-04T13:55:53.476437492Z;-5;Quote;6.8;575;6.85;75
SETU26;;Market Price;2026-09-04T13:55:53.792049144Z;-5;Quote;6.8;572;6.85;75
SETU26;;Market Price;2026-09-04T13:55:53.792049144Z;-5;Quote;6.8;572;6.85;76
SETU26;;Market Price;2026-09-04T13:56:01.742198233Z;-5;Quote;6.8;569;6.85;76
SETU26;;Market Price;2026-09-04T13:56:01.742198233Z;-5;Quote;6.8;567;6.85;76
SETU26;;Market Price;2026-09-04T13:56:01.742198233Z;-5;Quote;6.8;564;6.85;76
SETU26;;Market Price;2026-09-04T13:56:01.752168461Z;-5;Quote;6.8;563;6.85;76
SETU26;;Market Price;2026-09-04T13:56:01.767035668Z;-5;Quote;6.8;563;6.85;77
SETU26;;Market Price;2026-09-04T13:56:02.517298443Z;-5;Quote;6.8;562;6.85;77
SETU26;;Market Price;2026-09-04T13:56:02.746538531Z;-5;Quote;6.8;559;6.85;77
SETU26;;Market Price;2026-09-04T13:56:03.511694526Z;-5;Quote;6.8;558;6.85;77
SETU26;;Market Price;2026-09-04T13:56:03.627162232Z;-5;Quote;6.8;557;6.85;77
SETU26;;Market Price;2026-09-04T13:56:03.637051455Z;-5;Quote;6.8;556;6.85;77
SETU26;;Market Price;2026-09-04T13:56:04.626521948Z;-5;Quote;6.8;554;6.85;77
SETU26;;Market Price;2026-09-04T13:56:04.626521948Z;-5;Quote;6.8;554;6.85;78
SETU26;;Market Price;2026-09-04T13:56:04.866952666Z;-5;Quote;6.8;553;6.85;78
SETU26;;Market Price;2026-09-04T13:56:05.012394181Z;-5;Quote;6.8;552;6.85;78
SETU26;;Market Price;2026-09-04T13:56:05.012394181Z;-5;Quote;6.8;551;6.85;78
SETU26;;Market Price;2026-09-04T13:56:05.627190309Z;-5;Quote;6.8;546;6.85;78
SETU26;;Market Price;2026-09-04T13:56:05.627190309Z;-5;Quote;6.8;546;6.85;79
SETU26;;Market Price;2026-09-04T13:56:05.867136895Z;-5;Quote;6.8;543;6.85;79
SETU26;;Market Price;2026-09-04T13:56:06.011528517Z;-5;Quote;6.8;542;6.85;79
SETU26;;Market Price;2026-09-04T13:56:06.961682277Z;-5;Quote;6.8;543;6.85;79
SETU26;;Market Price;2026-09-04T13:56:07.011557105Z;-5;Quote;6.8;541;6.85;79
SETU26;;Market Price;2026-09-04T13:56:09.732970381Z;-5;Quote;6.8;538;6.85;79
SETU26;;Market Price;2026-09-04T13:56:09.732970381Z;-5;Quote;6.8;535;6.85;79
SETU26;;Market Price;2026-09-04T13:56:09.732970381Z;-5;Quote;6.8;535;6.85;80
SETU26;;Market Price;2026-09-04T13:56:09.751532467Z;-5;Quote;6.8;534;6.85;80
SETU26;;Market Price;2026-09-04T13:56:10.231719500Z;-5;Quote;6.8;533;6.85;80
SETU26;;Market Price;2026-09-04T13:56:10.751464110Z;-5;Quote;6.8;531;6.85;80
SETU26;;Market Price;2026-09-04T13:56:10.756429288Z;-5;Quote;6.8;531;6.85;81
SETU26;;Market Price;2026-09-04T13:56:12.666342836Z;-5;Quote;6.8;528;6.85;81
SETU26;;Market Price;2026-09-04T13:56:12.672054074Z;-5;Quote;6.8;525;6.85;81
SETU26;;Market Price;2026-09-04T13:56:12.672054074Z;-5;Quote;6.8;522;6.85;81
SETU26;;Market Price;2026-09-04T13:56:12.696962322Z;-5;Quote;6.8;522;6.85;82
SETU26;;Market Price;2026-09-04T13:56:12.971694168Z;-5;Quote;6.8;521;6.85;81
SETU26;;Market Price;2026-09-04T13:56:13.671630866Z;-5;Quote;6.8;518;6.85;81
SETU26;;Market Price;2026-09-04T13:56:13.671630866Z;-5;Quote;6.8;515;6.85;81
SETU26;;Market Price;2026-09-04T13:56:13.671630866Z;-5;Quote;6.8;515;6.85;82
SETU26;;Market Price;2026-09-04T13:56:14.606541697Z;-5;Quote;6.8;540;6.85;82
SETU26;;Market Price;2026-09-04T13:56:15.921631999Z;-5;Quote;6.8;537;6.85;82
SETU26;;Market Price;2026-09-04T13:56:16.256794632Z;-5;Quote;6.8;534;6.85;82
SETU26;;Market Price;2026-09-04T13:56:17.857312762Z;-5;Quote;6.8;533;6.85;82
SETU26;;Market Price;2026-09-04T13:56:17.857312762Z;-5;Quote;6.8;532;6.85;82
SETU26;;Market Price;2026-09-04T13:56:18.857249919Z;-5;Quote;6.8;531;6.85;82
SETU26;;Market Price;2026-09-04T13:56:18.862298790Z;-5;Quote;6.8;531;6.85;83
SETU26;;Market Price;2026-09-04T13:56:19.501771285Z;-5;Quote;6.8;431;6.85;83
SETU26;;Market Price;2026-09-04T13:56:19.501771285Z;-5;Quote;6.8;431;6.85;85
SETU26;;Market Price;2026-09-04T13:56:22.526502654Z;-5;Quote;6.8;430;6.85;85
SETU26;;Market Price;2026-09-04T13:56:22.602237967Z;-5;Quote;6.8;427;6.85;85
SETU26;;Market Price;2026-09-04T13:56:24.662063526Z;-5;Quote;6.8;427;6.85;130
SETU26;;Market Price;2026-09-04T13:56:27.016693319Z;-5;Quote;6.8;426;6.85;130
SETU26;;Market Price;2026-09-04T13:56:27.016693319Z;-5;Quote;6.8;423;6.85;130
SETU26;;Market Price;2026-09-04T13:56:27.037522836Z;-5;Quote;6.8;420;6.85;130
SETU26;;Market Price;2026-09-04T13:56:27.086362878Z;-5;Quote;6.8;419;6.85;130
SETU26;;Market Price;2026-09-04T13:56:28.017043791Z;-5;Quote;6.8;418;6.85;130
SETU26;;Market Price;2026-09-04T13:56:28.086768587Z;-5;Quote;6.8;415;6.85;130
SETU26;;Market Price;2026-09-04T13:56:29.156731414Z;-5;Quote;6.8;413;6.85;130
SETU26;;Market Price;2026-09-04T13:56:29.686433082Z;-5;Quote;6.8;413;6.85;85
SETU26;;Market Price;2026-09-04T13:56:30.157031152Z;-5;Quote;6.8;412;6.85;85
SETU26;;Market Price;2026-09-04T13:56:31.176973209Z;-5;Quote;6.8;411;6.85;85
SETU26;;Market Price;2026-09-04T13:56:31.205756791Z;-5;Quote;6.8;410;6.85;85
SETU26;;Market Price;2026-09-04T13:56:31.211754475Z;-5;Quote;6.8;409;6.85;85
SETU26;;Market Price;2026-09-04T13:56:31.211754475Z;-5;Quote;6.8;408;6.85;85
SETU26;;Market Price;2026-09-04T13:56:38.842222928Z;-5;Quote;6.8;405;6.85;85
SETU26;;Market Price;2026-09-04T13:56:38.961773890Z;-5;Quote;6.8;404;6.85;85
SETU26;;Market Price;2026-09-04T13:56:45.627102854Z;-5;Quote;6.8;403;6.85;85
SETU26;;Market Price;2026-09-04T13:56:45.627102854Z;-5;Quote;6.8;402;6.85;85
SETU26;;Market Price;2026-09-04T13:56:48.601505017Z;-5;Quote;6.8;86;6.85;85
SETU26;;Market Price;2026-09-04T13:56:50.821420710Z;-5;Quote;6.8;86;6.85;130
SETU26;;Market Price;2026-09-04T13:56:52.222222885Z;-5;Quote;6.8;85;6.85;130
SETU26;;Market Price;2026-09-04T13:56:52.356706359Z;-5;Quote;6.8;84;6.85;130
SETU26;;Market Price;2026-09-04T13:56:57.411799931Z;-5;Quote;6.8;334;6.85;130
SETU26;;Market Price;2026-09-04T13:56:58.222052201Z;-5;Quote;6.8;334;6.85;108
SETU26;;Market Price;2026-09-04T13:57:00.311741613Z;-5;Quote;6.8;332;6.85;108
SETU26;;Market Price;2026-09-04T13:57:07.057281013Z;-5;Quote;6.8;333;6.85;108
SETU26;;Market Price;2026-09-04T13:57:10.057089570Z;-5;Quote;6.8;330;6.85;108
SETU26;;Market Price;2026-09-04T13:57:10.057089570Z;-5;Quote;6.8;327;6.85;108
SETU26;;Market Price;2026-09-04T13:57:10.847037901Z;-5;Quote;6.8;327;6.85;109
SETU26;;Market Price;2026-09-04T13:57:12.197396025Z;-5;Quote;6.8;325;6.85;109
SETU26;;Market Price;2026-09-04T13:57:13.066476286Z;-5;Quote;6.8;324;6.85;108
SETU26;;Market Price;2026-09-04T13:57:13.196990616Z;-5;Quote;6.8;323;6.85;108
SETU26;;Market Price;2026-09-04T13:57:17.702164427Z;-5;Quote;6.8;322;6.85;108
SETU26;;Market Price;2026-09-04T13:57:17.702164427Z;-5;Quote;6.8;321;6.85;108
SETU26;;Market Price;2026-09-04T13:57:17.707236667Z;-5;Quote;6.8;320;6.85;108
SETU26;;Market Price;2026-09-04T13:57:23.286774629Z;-5;Quote;6.8;318;6.85;108
SETU26;;Market Price;2026-09-04T13:57:23.286774629Z;-5;Quote;6.8;315;6.85;108
SETU26;;Market Price;2026-09-04T13:57:23.291814798Z;-5;Quote;6.8;313;6.85;108
SETU26;;Market Price;2026-09-04T13:57:24.051462416Z;-5;Quote;6.8;313;6.85;110
SETU26;;Market Price;2026-09-04T13:57:24.641677190Z;-5;Quote;6.8;335;6.85;110
SETU26;;Market Price;2026-09-04T13:57:24.772132078Z;-5;Quote;6.8;334;6.85;110
SETU26;;Market Price;2026-09-04T13:57:25.771397174Z;-5;Quote;6.8;331;6.85;110
SETU26;;Market Price;2026-09-04T13:57:26.837446844Z;-5;Quote;6.8;328;6.85;110
SETU26;;Market Price;2026-09-04T13:57:26.837446844Z;-5;Quote;6.8;325;6.85;110
SETU26;;Market Price;2026-09-04T13:57:29.186591469Z;-5;Quote;6.8;322;6.85;110
SETU26;;Market Price;2026-09-04T13:57:30.272053492Z;-5;Quote;6.8;322;6.85;120
SETU26;;Market Price;2026-09-04T13:57:30.351716137Z;-5;Quote;6.8;319;6.85;120
SETU26;;Market Price;2026-09-04T13:57:34.241372270Z;-5;Quote;6.8;318;6.85;120
SETU26;;Market Price;2026-09-04T13:57:34.277202087Z;-5;Quote;6.8;343;6.85;120
SETU26;;Market Price;2026-09-04T13:57:34.446525980Z;-5;Quote;6.8;368;6.85;120
SETU26;;Market Price;2026-09-04T13:57:35.566712350Z;-5;Quote;6.8;367;6.85;120
SETU26;;Market Price;2026-09-04T13:57:39.016495916Z;-5;Quote;6.8;364;6.85;120
SETU26;;Market Price;2026-09-04T13:57:48.626930714Z;-5;Quote;6.8;361;6.85;120
SETU26;;Market Price;2026-09-04T13:57:54.931593510Z;-5;Quote;6.85;45;6.9;1368
SETU26;;Market Price;2026-09-04T13:57:54.931593510Z;-5;Quote;6.85;45;6.9;1378
SETU26;;Market Price;2026-09-04T13:57:54.931593510Z;-5;Quote;6.85;23;6.9;1378
SETU26;;Market Price;2026-09-04T13:57:54.936565691Z;-5;Quote;6.85;3;6.9;1378
SETU26;;Market Price;2026-09-04T13:57:54.936565691Z;-5;Quote;6.85;55;6.9;1378
SETU26;;Market Price;2026-09-04T13:57:54.946504440Z;-5;Quote;6.85;55;6.9;978
SETU26;;Market Price;2026-09-04T13:57:54.951491839Z;-5;Quote;6.85;55;6.9;578
SETU26;;Market Price;2026-09-04T13:57:54.951491839Z;-5;Quote;6.85;55;6.9;178
SETU26;;Market Price;2026-09-04T13:57:55.717062654Z;-5;Quote;6.85;52;6.9;178
SETU26;;Market Price;2026-09-04T13:57:56.986520246Z;-5;Quote;6.85;52;6.9;223
SETU26;;Market Price;2026-09-04T13:57:57.631488324Z;-5;Quote;6.85;49;6.9;223
SETU26;;Market Price;2026-09-04T13:58:00.056812811Z;-5;Quote;6.85;29;6.9;223
SETU26;;Market Price;2026-09-04T13:58:02.041814109Z;-5;Quote;6.85;26;6.9;223
SETU26;;Market Price;2026-09-04T13:58:02.441745730Z;-5;Quote;6.85;25;6.9;223
SETU26;;Market Price;2026-09-04T13:58:02.441745730Z;-5;Quote;6.85;24;6.9;223
SETU26;;Market Price;2026-09-04T13:58:02.446719277Z;-5;Quote;6.85;23;6.9;223
SETU26;;Market Price;2026-09-04T13:58:03.901640439Z;-5;Quote;6.85;20;6.9;223
SETU26;;Market Price;2026-09-04T13:58:03.901640439Z;-5;Quote;6.85;19;6.9;223
SETU26;;Market Price;2026-09-04T13:58:03.901640439Z;-5;Quote;6.85;2;6.9;223
SETU26;;Market Price;2026-09-04T13:58:03.901640439Z;-5;Quote;6.85;55;6.9;223
SETU26;;Market Price;2026-09-04T13:58:04.901979029Z;-5;Quote;6.85;53;6.9;223
SETU26;;Market Price;2026-09-04T13:58:06.161740264Z;-5;Quote;6.85;54;6.9;223
SETU26;;Market Price;2026-09-04T13:58:07.516386419Z;-5;Quote;6.85;52;6.9;223
SETU26;;Market Price;2026-09-04T13:58:07.532325511Z;-5;Quote;6.85;49;6.9;223
SETU26;;Market Price;2026-09-04T13:58:10.022389848Z;-5;Quote;6.85;29;6.9;223
SETU26;;Market Price;2026-09-04T13:58:10.111997247Z;-5;Quote;6.85;26;6.9;223
SETU26;;Market Price;2026-09-04T13:58:10.111997247Z;-5;Quote;6.85;25;6.9;223
SETU26;;Market Price;2026-09-04T13:58:10.731879309Z;-5;Quote;6.85;22;6.9;223
SETU26;;Market Price;2026-09-04T13:58:10.731879309Z;-5;Quote;6.85;9;6.9;223
SETU26;;Market Price;2026-09-04T13:58:10.731879309Z;-5;Quote;6.85;55;6.9;223
SETU26;;Market Price;2026-09-04T13:58:11.897323438Z;-5;Quote;6.85;54;6.9;223
SETU26;;Market Price;2026-09-04T13:58:20.041915122Z;-5;Quote;6.85;34;6.9;223
SETU26;;Market Price;2026-09-04T13:58:22.611629927Z;-5;Quote;6.85;31;6.9;223
SETU26;;Market Price;2026-09-04T13:58:22.886539065Z;-5;Quote;6.85;28;6.9;223
SETU26;;Market Price;2026-09-04T13:58:22.892400082Z;-5;Quote;6.85;25;6.9;223
SETU26;;Market Price;2026-09-04T13:58:23.611759536Z;-5;Quote;6.85;22;6.9;223
SETU26;;Market Price;2026-09-04T13:58:23.966933297Z;-5;Quote;6.85;19;6.9;223
SETU26;;Market Price;2026-09-04T13:58:23.971546132Z;-5;Quote;6.85;16;6.9;223
SETU26;;Market Price;2026-09-04T13:58:23.971546132Z;-5;Quote;6.85;9;6.9;223
SETU26;;Market Price;2026-09-04T13:58:23.971546132Z;-5;Quote;6.85;55;6.9;223
SETU26;;Market Price;2026-09-04T13:58:23.971546132Z;-5;Quote;6.85;52;6.9;223
SETU26;;Market Price;2026-09-04T13:58:25.327074226Z;-5;Quote;6.85;51;6.9;223
SETU26;;Market Price;2026-09-04T13:58:25.327074226Z;-5;Quote;6.85;50;6.9;223
SETU26;;Market Price;2026-09-04T13:58:25.331924398Z;-5;Quote;6.85;49;6.9;223
SETU26;;Market Price;2026-09-04T13:58:25.331924398Z;-5;Quote;6.85;48;6.9;223
SETU26;;Market Price;2026-09-04T13:58:26.026982249Z;-5;Quote;6.85;47;6.9;223
SETU26;;Market Price;2026-09-04T13:58:26.326910697Z;-5;Quote;6.85;46;6.9;223
SETU26;;Market Price;2026-09-04T13:58:26.326910697Z;-5;Quote;6.85;43;6.9;223
SETU26;;Market Price;2026-09-04T13:58:26.331891228Z;-5;Quote;6.85;41;6.9;223
SETU26;;Market Price;2026-09-04T13:58:26.331891228Z;-5;Quote;6.85;40;6.9;223
SETU26;;Market Price;2026-09-04T13:58:27.327312469Z;-5;Quote;6.85;37;6.9;223
SETU26;;Market Price;2026-09-04T13:58:27.327312469Z;-5;Quote;6.85;36;6.9;223
SETU26;;Market Price;2026-09-04T13:58:27.327312469Z;-5;Quote;6.85;30;6.9;223
SETU26;;Market Price;2026-09-04T13:58:27.331343761Z;-5;Quote;6.85;24;6.9;223
SETU26;;Market Price;2026-09-04T13:58:30.147183587Z;-5;Quote;6.85;4;6.9;223
SETU26;;Market Price;2026-09-04T13:58:30.147183587Z;-5;Quote;6.85;55;6.9;223
SETU26;;Market Price;2026-09-04T13:58:30.147183587Z;-5;Quote;6.85;53;6.9;223
SETU26;;Market Price;2026-09-04T13:58:40.017177694Z;-5;Quote;6.85;33;6.9;223
SETU26;;Market Price;2026-09-04T13:58:44.818104686Z;-5;Quote;6.85;30;6.9;223
SETU26;;Market Price;2026-09-04T13:58:46.128136291Z;-5;Quote;6.85;28;6.9;223
SETU26;;Market Price;2026-09-04T13:58:46.128136291Z;-5;Quote;6.85;25;6.9;223
SETU26;;Market Price;2026-09-04T13:58:46.132143911Z;-5;Quote;6.85;22;6.9;223
SETU26;;Market Price;2026-09-04T13:58:46.132143911Z;-5;Quote;6.85;19;6.9;223
SETU26;;Market Price;2026-09-04T13:58:46.132143911Z;-5;Quote;6.85;9;6.9;223
SETU26;;Market Price;2026-09-04T13:58:46.132143911Z;-5;Quote;6.85;55;6.9;223
SETU26;;Market Price;2026-09-04T13:58:47.126326133Z;-5;Quote;6.85;54;6.9;223
SETU26;;Market Price;2026-09-04T13:58:50.027343553Z;-5;Quote;6.85;34;6.9;223
SETU26;;Market Price;2026-09-04T13:58:50.202187228Z;-5;Quote;6.85;33;6.9;223
SETU26;;Market Price;2026-09-04T13:59:00.146899818Z;-5;Quote;6.85;13;6.9;223
SETU26;;Market Price;2026-09-04T13:59:00.146899818Z;-5;Quote;6.85;5;6.9;223
SETU26;;Market Price;2026-09-04T13:59:00.146899818Z;-5;Quote;6.85;2;6.9;223
SETU26;;Market Price;2026-09-04T13:59:00.361951328Z;-5;Quote;6.8;361;6.9;223
SETU26;;Market Price;2026-09-04T13:59:00.411733288Z;-5;Quote;6.8;361;6.9;229
SETU26;;Market Price;2026-09-04T13:59:01.202330198Z;-5;Quote;6.85;25;6.9;229
SETU26;;Market Price;2026-09-04T13:59:01.476571232Z;-5;Quote;6.85;24;6.9;229
SETU26;;Market Price;2026-09-04T13:59:01.602029150Z;-5;Quote;6.85;23;6.9;229
SETU26;;Market Price;2026-09-04T13:59:02.477177887Z;-5;Quote;6.85;22;6.9;229
SETU26;;Market Price;2026-09-04T13:59:04.055241407Z;-5;Quote;6.85;19;6.9;229
SETU26;;Market Price;2026-09-04T13:59:04.055241407Z;-5;Quote;6.85;19;6.9;223
SETU26;;Market Price;2026-09-04T13:59:04.055241407Z;-5;Quote;6.85;18;6.9;223
SETU26;;Market Price;2026-09-04T13:59:06.261354168Z;-5;Quote;6.85;19;6.9;223
SETU26;;Market Price;2026-09-04T13:59:06.261354168Z;-5;Quote;6.85;13;6.9;223
SETU26;;Market Price;2026-09-04T13:59:08.651487685Z;-5;Quote;6.85;12;6.9;223
SETU26;;Market Price;2026-09-04T13:59:10.101852839Z;-5;Quote;6.8;336;6.9;223
SETU26;;Market Price;2026-09-04T13:59:10.101852839Z;-5;Quote;6.8;336;6.85;10
SETU26;;Market Price;2026-09-04T13:59:10.101852839Z;-5;Quote;6.8;336;6.85;11
SETU26;;Market Price;2026-09-04T13:59:10.101852839Z;-5;Quote;6.8;336;6.85;56
SETU26;;Market Price;2026-09-04T13:59:19.031743360Z;-5;Quote;6.8;361;6.85;56
SETU26;;Market Price;2026-09-04T13:59:20.081879161Z;-5;Quote;6.8;341;6.85;56
SETU26;;Market Price;2026-09-04T13:59:20.081879161Z;-5;Quote;6.8;341;6.85;58
SETU26;;Market Price;2026-09-04T13:59:20.086865078Z;-5;Quote;6.8;373;6.85;58
SETU26;;Market Price;2026-09-04T13:59:30.066305138Z;-5;Quote;6.8;353;6.85;58
SETU26;;Market Price;2026-09-04T13:59:30.066305138Z;-5;Quote;6.8;353;6.85;61
SETU26;;Market Price;2026-09-04T13:59:31.952132270Z;-5;Quote;6.8;350;6.85;61
SETU26;;Market Price;2026-09-04T13:59:31.957125147Z;-5;Quote;6.8;347;6.85;61
SETU26;;Market Price;2026-09-04T13:59:31.957125147Z;-5;Quote;6.8;347;6.85;62
SETU26;;Market Price;2026-09-04T13:59:32.401553891Z;-5;Quote;6.8;346;6.85;62
SETU26;;Market Price;2026-09-04T13:59:33.711757544Z;-5;Quote;6.8;345;6.85;62
SETU26;;Market Price;2026-09-04T13:59:33.716739412Z;-5;Quote;6.8;342;6.85;62
SETU26;;Market Price;2026-09-04T13:59:34.126944068Z;-5;Quote;6.8;339;6.85;62
SETU26;;Market Price;2026-09-04T13:59:34.126944068Z;-5;Quote;6.8;338;6.85;62
SETU26;;Market Price;2026-09-04T13:59:34.126944068Z;-5;Quote;6.8;338;6.85;63
SETU26;;Market Price;2026-09-04T13:59:34.711406145Z;-5;Quote;6.8;335;6.85;63
SETU26;;Market Price;2026-09-04T13:59:38.711543967Z;-5;Quote;6.8;334;6.85;63
SETU26;;Market Price;2026-09-04T13:59:38.956461265Z;-5;Quote;6.8;333;6.85;63
SETU26;;Market Price;2026-09-04T13:59:40.032060295Z;-5;Quote;6.8;313;6.85;63
SETU26;;Market Price;2026-09-04T13:59:40.032060295Z;-5;Quote;6.8;313;6.85;66
SETU26;;Market Price;2026-09-04T13:59:44.521922947Z;-5;Quote;6.8;310;6.85;66
SETU26;;Market Price;2026-09-04T13:59:44.521922947Z;-5;Quote;6.8;309;6.85;66
SETU26;;Market Price;2026-09-04T13:59:44.526833954Z;-5;Quote;6.8;307;6.85;66
SETU26;;Market Price;2026-09-04T13:59:44.526833954Z;-5;Quote;6.8;304;6.85;66
SETU26;;Market Price;2026-09-04T13:59:44.546761670Z;-5;Quote;6.8;304;6.85;67
SETU26;;Market Price;2026-09-04T13:59:45.527121710Z;-5;Quote;6.8;303;6.85;67
SETU26;;Market Price;2026-09-04T13:59:46.361824248Z;-5;Quote;6.8;302;6.85;67
SETU26;;Market Price;2026-09-04T13:59:46.361824248Z;-5;Quote;6.8;299;6.85;67
SETU26;;Market Price;2026-09-04T13:59:46.527094201Z;-5;Quote;6.8;296;6.85;67
SETU26;;Market Price;2026-09-04T13:59:46.527094201Z;-5;Quote;6.8;296;6.85;68
SETU26;;Market Price;2026-09-04T13:59:47.362139832Z;-5;Quote;6.8;294;6.85;68
SETU26;;Market Price;2026-09-04T13:59:48.877162276Z;-5;Quote;6.8;291;6.85;68
SETU26;;Market Price;2026-09-04T13:59:48.882126700Z;-5;Quote;6.8;288;6.85;68
SETU26;;Market Price;2026-09-04T13:59:48.882126700Z;-5;Quote;6.8;288;6.85;69
SETU26;;Market Price;2026-09-04T13:59:49.097188875Z;-5;Quote;6.8;287;6.85;69
SETU26;;Market Price;2026-09-04T13:59:50.096628899Z;-5;Quote;6.8;286;6.85;69
SETU26;;Market Price;2026-09-04T13:59:50.901516057Z;-5;Quote;6.8;283;6.85;69
SETU26;;Market Price;2026-09-04T13:59:50.901516057Z;-5;Quote;6.8;282;6.85;69
SETU26;;Market Price;2026-09-04T13:59:50.901516057Z;-5;Quote;6.8;280;6.85;69
SETU26;;Market Price;2026-09-04T13:59:50.906471764Z;-5;Quote;6.8;280;6.85;70
SETU26;;Market Price;2026-09-04T13:59:51.096656893Z;-5;Quote;6.8;274;6.85;70
SETU26;;Market Price;2026-09-04T13:59:51.901436711Z;-5;Quote;6.8;272;6.85;70
SETU26;;Market Price;2026-09-04T13:59:51.901436711Z;-5;Quote;6.8;272;6.85;71
SETU26;;Market Price;2026-09-04T13:59:51.901436711Z;-5;Quote;6.8;271;6.85;71
SETU26;;Market Price;2026-09-04T13:59:52.506584586Z;-5;Quote;6.8;268;6.85;71
SETU26;;Market Price;2026-09-04T13:59:53.976865655Z;-5;Quote;6.8;265;6.85;71
SETU26;;Market Price;2026-09-04T13:59:54.791248873Z;-5;Quote;6.8;265;6.85;62
SETU26;;Market Price;2026-09-04T13:59:54.791248873Z;-5;Quote;6.8;265;6.85;61
SETU26;;Market Price;2026-09-04T13:59:54.791248873Z;-5;Quote;6.8;265;6.85;58
SETU26;;Market Price;2026-09-04T13:59:54.791248873Z;-5;Quote;6.8;265;6.85;56
SETU26;;Market Price;2026-09-04T13:59:54.791248873Z;-5;Quote;6.8;265;6.85;55
SETU26;;Market Price;2026-09-04T13:59:54.842184116Z;-5;Quote;6.8;265;6.85;71
SETU26;;Market Price;2026-09-04T13:59:55.216578249Z;-5;Quote;6.8;265;6.85;171
SETU26;;Market Price;2026-09-04T13:59:55.312076490Z;-5;Quote;6.8;262;6.85;171
SETU26;;Market Price;2026-09-04T13:59:55.316980620Z;-5;Quote;6.8;262;6.85;172
SETU26;;Market Price;2026-09-04T13:59:55.896529369Z;-5;Quote;6.8;259;6.85;172
SETU26;;Market Price;2026-09-04T13:59:56.016919149Z;-5;Quote;6.8;256;6.85;172
SETU26;;Market Price;2026-09-04T13:59:56.016919149Z;-5;Quote;6.8;256;6.85;173
SETU26;;Market Price;2026-09-04T13:59:56.311590108Z;-5;Quote;6.8;253;6.85;173
SETU26;;Market Price;2026-09-04T13:59:56.387256323Z;-5;Quote;6.8;250;6.85;173
SETU26;;Market Price;2026-09-04T13:59:57.055344367Z;-5;Quote;6.8;247;6.85;173
SETU26;;Market Price;2026-09-04T13:59:57.062293437Z;-5;Quote;6.8;247;6.85;174
SETU26;;Market Price;2026-09-04T13:59:57.062293437Z;-5;Quote;6.8;245;6.85;174
SETU26;;Market Price;2026-09-04T13:59:57.312268588Z;-5;Quote;6.8;242;6.85;174
SETU26;;Market Price;2026-09-04T13:59:58.061862414Z;-5;Quote;6.8;241;6.85;174
SETU26;;Market Price;2026-09-04T13:59:58.567341509Z;-5;Quote;6.8;238;6.85;174
SETU26;;Market Price;2026-09-04T13:59:58.567341509Z;-5;Quote;6.8;238;6.85;175
SETU26;;Market Price;2026-09-04T13:59:58.576375884Z;-5;Quote;6.8;235;6.85;175
SETU26;;Market Price;2026-09-04T13:59:58.576375884Z;-5;Quote;6.8;234;6.85;175
SETU26;;Market Price;2026-09-04T13:59:58.602308288Z;-5;Quote;6.8;233;6.85;175
SETU26;;Market Price;2026-09-04T13:59:59.576937156Z;-5;Quote;6.8;230;6.85;175
SETU26;;Market Price;2026-09-04T13:59:59.576937156Z;-5;Quote;6.8;230;6.85;176
SETU26;;Market Price;2026-09-04T13:59:59.601829952Z;-5;Quote;6.8;227;6.85;176
SETU26;;Market Price;2026-09-04T13:59:59.982288974Z;-5;Quote;6.8;224;6.85;176
SETU26;;Market Price;2026-09-04T13:59:59.982288974Z;-5;Quote;6.8;221;6.85;176
SETU26;;Market Price;2026-09-04T13:59:59.982288974Z;-5;Quote;6.8;221;6.85;177
SETU26;;Market Price;2026-09-04T14:00:00.011030569Z;-5;Quote;6.8;219;6.85;177
SETU26;;Market Price;2026-09-04T14:00:00.140460037Z;-5;Quote;6.8;216;6.85;177
SETU26;;Market Price;2026-09-04T14:00:00.577243666Z;-5;Quote;6.8;210;6.85;177
SETU26;;Market Price;2026-09-04T14:00:00.602253455Z;-5;Quote;6.8;204;6.85;177
SETU26;;Market Price;2026-09-04T14:00:00.981512172Z;-5;Quote;6.8;199;6.85;177
SETU26;;Market Price;2026-09-04T14:00:00.981512172Z;-5;Quote;6.8;196;6.85;177
SETU26;;Market Price;2026-09-04T14:00:01.011395188Z;-5;Quote;6.8;188;6.85;177
SETU26;;Market Price;2026-09-04T14:00:01.141775171Z;-5;Quote;6.8;185;6.85;177
SETU26;;Market Price;2026-09-04T14:00:01.542271222Z;-5;Quote;6.8;110;6.85;177
SETU26;;Market Price;2026-09-04T14:00:01.577012579Z;-5;Quote;6.8;107;6.85;177
SETU26;;Market Price;2026-09-04T14:00:01.982343358Z;-5;Quote;6.8;104;6.85;177
SETU26;;Market Price;2026-09-04T14:00:02.012167412Z;-5;Quote;6.8;99;6.85;177
SETU26;;Market Price;2026-09-04T14:00:02.326461573Z;-5;Quote;6.8;74;6.85;177
SETU26;;Market Price;2026-09-04T14:00:03.011559740Z;-5;Quote;6.8;71;6.85;177
SETU26;;Market Price;2026-09-04T14:00:03.146817147Z;-5;Quote;6.8;51;6.85;177
SETU26;;Market Price;2026-09-04T14:00:04.011560360Z;-5;Quote;6.8;49;6.85;177
SETU26;;Market Price;2026-09-04T14:00:05.012097692Z;-5;Quote;6.8;43;6.85;177
SETU26;;Market Price;2026-09-04T14:00:05.292294491Z;-5;Quote;6.8;42;6.85;177
SETU26;;Market Price;2026-09-04T14:00:05.536084059Z;-5;Quote;6.8;41;6.85;177
SETU26;;Market Price;2026-09-04T14:00:06.012046105Z;-5;Quote;6.8;36;6.85;177
SETU26;;Market Price;2026-09-04T14:00:06.357322017Z;-5;Quote;6.8;37;6.85;177
SETU26;;Market Price;2026-09-04T14:00:07.062357942Z;-5;Quote;6.8;37;6.85;187
SETU26;;Market Price;2026-09-04T14:00:07.116999655Z;-5;Quote;6.8;36;6.85;187
SETU26;;Market Price;2026-09-04T14:00:07.121970915Z;-5;Quote;6.8;35;6.85;187
SETU26;;Market Price;2026-09-04T14:00:07.371875561Z;-5;Quote;6.8;34;6.85;187
SETU26;;Market Price;2026-09-04T14:00:08.116591832Z;-5;Quote;6.8;33;6.85;187
SETU26;;Market Price;2026-09-04T14:00:08.356536696Z;-5;Quote;6.8;19;6.85;187
SETU26;;Market Price;2026-09-04T14:00:08.601470439Z;-5;Quote;6.8;16;6.85;187
SETU26;;Market Price;2026-09-04T14:00:08.601470439Z;-5;Quote;6.8;13;6.85;187
SETU26;;Market Price;2026-09-04T14:00:08.601470439Z;-5;Quote;6.8;10;6.85;187
SETU26;;Market Price;2026-09-04T14:00:08.601470439Z;-5;Quote;6.8;7;6.85;187
SETU26;;Market Price;2026-09-04T14:00:08.601470439Z;-5;Quote;6.75;1000;6.85;187
SETU26;;Market Price;2026-09-04T14:00:08.607448855Z;-5;Quote;6.8;30;6.85;187
SETU26;;Market Price;2026-09-04T14:00:09.117274502Z;-5;Quote;6.8;28;6.85;187
SETU26;;Market Price;2026-09-04T14:00:09.552285343Z;-5;Quote;6.8;278;6.85;187
SETU26;;Market Price;2026-09-04T14:00:10.072011870Z;-5;Quote;6.8;258;6.85;187
SETU26;;Market Price;2026-09-04T14:00:15.012310043Z;-5;Quote;6.8;257;6.85;187
SETU26;;Market Price;2026-09-04T14:00:15.027267843Z;-5;Quote;6.8;254;6.85;187
SETU26;;Market Price;2026-09-04T14:00:17.176463813Z;-5;Quote;6.8;252;6.85;187
SETU26;;Market Price;2026-09-04T14:00:17.176463813Z;-5;Quote;6.8;251;6.85;187
SETU26;;Market Price;2026-09-04T14:00:17.176463813Z;-5;Quote;6.8;248;6.85;187
SETU26;;Market Price;2026-09-04T14:00:17.182272056Z;-5;Quote;6.8;296;6.85;187
SETU26;;Market Price;2026-09-04T14:00:20.011708808Z;-5;Quote;6.8;295;6.85;187
SETU26;;Market Price;2026-09-04T14:00:20.011708808Z;-5;Quote;6.8;294;6.85;187
SETU26;;Market Price;2026-09-04T14:00:20.026613087Z;-5;Quote;6.8;293;6.85;187
SETU26;;Market Price;2026-09-04T14:00:20.026613087Z;-5;Quote;6.8;290;6.85;187
SETU26;;Market Price;2026-09-04T14:00:20.852154238Z;-5;Quote;6.8;290;6.85;142
SETU26;;Market Price;2026-09-04T14:00:21.011504780Z;-5;Quote;6.8;287;6.85;142
SETU26;;Market Price;2026-09-04T14:00:21.011504780Z;-5;Quote;6.8;283;6.85;142
SETU26;;Market Price;2026-09-04T14:00:21.026334320Z;-5;Quote;6.8;279;6.85;142
SETU26;;Market Price;2026-09-04T14:00:21.026334320Z;-5;Quote;6.8;276;6.85;142
SETU26;;Market Price;2026-09-04T14:00:22.211922371Z;-5;Quote;6.8;274;6.85;142
SETU26;;Market Price;2026-09-04T14:00:23.301437570Z;-5;Quote;6.8;272;6.85;142
SETU26;;Market Price;2026-09-04T14:00:24.077041697Z;-5;Quote;6.8;272;6.85;187
SETU26;;Market Price;2026-09-04T14:00:25.012245942Z;-5;Quote;6.8;270;6.85;187
SETU26;;Market Price;2026-09-04T14:00:25.017209246Z;-5;Quote;6.8;269;6.85;187
SETU26;;Market Price;2026-09-04T14:00:29.276723977Z;-5;Quote;6.8;267;6.85;187
SETU26;;Market Price;2026-09-04T14:00:30.521926607Z;-5;Quote;6.8;267;6.85;142
SETU26;;Market Price;2026-09-04T14:00:30.986884157Z;-5;Quote;6.8;265;6.85;142
SETU26;;Market Price;2026-09-04T14:00:31.987183085Z;-5;Quote;6.8;264;6.85;142
SETU26;;Market Price;2026-09-04T14:00:32.987022501Z;-5;Quote;6.8;262;6.85;142
SETU26;;Market Price;2026-09-04T14:00:34.746294219Z;-5;Quote;6.8;262;6.85;242
SETU26;;Market Price;2026-09-04T14:00:35.606807845Z;-5;Quote;6.8;260;6.85;242
SETU26;;Market Price;2026-09-04T14:00:35.606807845Z;-5;Quote;6.8;258;6.85;242
SETU26;;Market Price;2026-09-04T14:00:38.626781355Z;-5;Quote;6.8;257;6.85;242
SETU26;;Market Price;2026-09-04T14:00:39.021927226Z;-5;Quote;6.8;256;6.85;242
SETU26;;Market Price;2026-09-04T14:00:39.066716757Z;-5;Quote;6.8;253;6.85;242
SETU26;;Market Price;2026-09-04T14:00:39.066716757Z;-5;Quote;6.8;250;6.85;242
SETU26;;Market Price;2026-09-04T14:00:39.085753735Z;-5;Quote;6.8;247;6.85;242
SETU26;;Market Price;2026-09-04T14:00:39.626866062Z;-5;Quote;6.8;243;6.85;242
SETU26;;Market Price;2026-09-04T14:00:40.022145721Z;-5;Quote;6.8;240;6.85;242
SETU26;;Market Price;2026-09-04T14:00:40.626705181Z;-5;Quote;6.8;238;6.85;242
SETU26;;Market Price;2026-09-04T14:00:40.836782354Z;-5;Quote;6.8;236;6.85;242
SETU26;;Market Price;2026-09-04T14:00:40.876689876Z;-5;Quote;6.8;234;6.85;242
SETU26;;Market Price;2026-09-04T14:00:40.876689876Z;-5;Quote;6.8;233;6.85;242
SETU26;;Market Price;2026-09-04T14:00:41.017014102Z;-5;Quote;6.8;231;6.85;242
SETU26;;Market Price;2026-09-04T14:00:41.626988391Z;-5;Quote;6.8;230;6.85;242
SETU26;;Market Price;2026-09-04T14:00:41.876898537Z;-5;Quote;6.8;229;6.85;242
SETU26;;Market Price;2026-09-04T14:00:47.331972273Z;-5;Quote;6.8;227;6.85;242
SETU26;;Market Price;2026-09-04T14:00:47.335930411Z;-5;Quote;6.8;226;6.85;242
SETU26;;Market Price;2026-09-04T14:00:50.536998288Z;-5;Quote;6.8;225;6.85;242
SETU26;;Market Price;2026-09-04T14:00:50.536998288Z;-5;Quote;6.8;223;6.85;242
SETU26;;Market Price;2026-09-04T14:00:51.041678091Z;-5;Quote;6.8;222;6.85;242
SETU26;;Market Price;2026-09-04T14:00:51.532216388Z;-5;Quote;6.8;221;6.85;242
SETU26;;Market Price;2026-09-04T14:00:56.161958007Z;-5;Quote;6.8;220;6.85;242
SETU26;;Market Price;2026-09-04T14:00:59.321440098Z;-5;Quote;6.8;219;6.85;242
SETU26;;Market Price;2026-09-04T14:01:00.946534333Z;-5;Quote;6.8;217;6.85;242
SETU26;;Market Price;2026-09-04T14:01:04.337206247Z;-5;Quote;6.8;199;6.85;242
SETU26;;Market Price;2026-09-04T14:01:04.337206247Z;-5;Quote;6.8;199;6.85;287
SETU26;;Market Price;2026-09-04T14:01:04.626816911Z;-5;Quote;6.8;199;6.85;242
SETU26;;Market Price;2026-09-04T14:01:05.627076164Z;-5;Quote;6.8;196;6.85;242
SETU26;;Market Price;2026-09-04T14:01:05.801588196Z;-5;Quote;6.8;194;6.85;242
SETU26;;Market Price;2026-09-04T14:01:05.871917973Z;-5;Quote;6.8;194;6.85;287
SETU26;;Market Price;2026-09-04T14:01:06.451739522Z;-5;Quote;6.8;195;6.85;287
SETU26;;Market Price;2026-09-04T14:01:06.691695098Z;-5;Quote;6.8;194;6.85;287
SETU26;;Market Price;2026-09-04T14:01:06.802206560Z;-5;Quote;6.8;192;6.85;287
SETU26;;Market Price;2026-09-04T14:01:07.692050382Z;-5;Quote;6.8;190;6.85;287
SETU26;;Market Price;2026-09-04T14:01:10.066978719Z;-5;Quote;6.8;173;6.85;287
SETU26;;Market Price;2026-09-04T14:01:12.461411111Z;-5;Quote;6.8;172;6.85;286
SETU26;;Market Price;2026-09-04T14:01:15.467031772Z;-5;Quote;6.8;172;6.85;241
SETU26;;Market Price;2026-09-04T14:01:23.531555221Z;-5;Quote;6.8;152;6.85;241
SETU26;;Market Price;2026-09-04T14:01:23.536535676Z;-5;Quote;6.8;152;6.85;286
SETU26;;Market Price;2026-09-04T14:01:23.681869980Z;-5;Quote;6.8;152;6.85;241
SETU26;;Market Price;2026-09-04T14:01:28.826922394Z;-5;Quote;6.8;152;6.85;286
SETU26;;Market Price;2026-09-04T14:01:28.826922394Z;-5;Quote;6.8;152;6.85;296
SETU26;;Market Price;2026-09-04T14:01:29.456710969Z;-5;Quote;6.8;151;6.85;296
SETU26;;Market Price;2026-09-04T14:01:30.012257034Z;-5;Quote;6.8;131;6.85;296
SETU26;;Market Price;2026-09-04T14:01:30.166590333Z;-5;Quote;6.8;131;6.85;251
SETU26;;Market Price;2026-09-04T14:01:36.581958189Z;-5;Quote;6.8;131;6.85;296
SETU26;;Market Price;2026-09-04T14:01:37.061851804Z;-5;Quote;6.8;130;6.85;296
SETU26;;Market Price;2026-09-04T14:01:37.066833996Z;-5;Quote;6.8;129;6.85;296
SETU26;;Market Price;2026-09-04T14:01:38.062363556Z;-5;Quote;6.8;128;6.85;296
SETU26;;Market Price;2026-09-04T14:01:38.986538092Z;-5;Quote;6.8;126;6.85;296
SETU26;;Market Price;2026-09-04T14:01:40.016588256Z;-5;Quote;6.8;106;6.85;296
SETU26;;Market Price;2026-09-04T14:01:40.561631023Z;-5;Quote;6.8;106;6.85;251
SETU26;;Market Price;2026-09-04T14:01:41.062319671Z;-5;Quote;6.8;105;6.85;251
SETU26;;Market Price;2026-09-04T14:01:42.056512414Z;-5;Quote;6.8;102;6.85;251
SETU26;;Market Price;2026-09-04T14:01:43.381659026Z;-5;Quote;6.8;101;6.85;251
SETU26;;Market Price;2026-09-04T14:01:44.147310951Z;-5;Quote;6.8;99;6.85;251
SETU26;;Market Price;2026-09-04T14:01:44.151365412Z;-5;Quote;6.8;98;6.85;251
SETU26;;Market Price;2026-09-04T14:01:44.275331471Z;-5;Quote;6.8;97;6.85;251
SETU26;;Market Price;2026-09-04T14:01:44.381693585Z;-5;Quote;6.8;95;6.85;251
SETU26;;Market Price;2026-09-04T14:01:44.542007492Z;-5;Quote;6.8;95;6.85;296
SETU26;;Market Price;2026-09-04T14:01:45.036828138Z;-5;Quote;6.8;95;6.85;251
SETU26;;Market Price;2026-09-04T14:01:45.147364520Z;-5;Quote;6.8;94;6.85;251
SETU26;;Market Price;2026-09-04T14:01:45.152318113Z;-5;Quote;6.8;93;6.85;251
SETU26;;Market Price;2026-09-04T14:01:46.146480139Z;-5;Quote;6.8;91;6.85;251
SETU26;;Market Price;2026-09-04T14:01:46.151500927Z;-5;Quote;6.8;89;6.85;251
SETU26;;Market Price;2026-09-04T14:01:49.806692416Z;-5;Quote;6.8;86;6.85;251
SETU26;;Market Price;2026-09-04T14:01:49.811783537Z;-5;Quote;6.8;85;6.85;251
SETU26;;Market Price;2026-09-04T14:01:49.811783537Z;-5;Quote;6.8;82;6.85;251
SETU26;;Market Price;2026-09-04T14:01:50.142221971Z;-5;Quote;6.8;48;6.85;251
SETU26;;Market Price;2026-09-04T14:02:01.271738998Z;-5;Quote;6.8;46;6.85;251
SETU26;;Market Price;2026-09-04T14:02:03.491779001Z;-5;Quote;6.8;44;6.85;251
SETU26;;Market Price;2026-09-04T14:02:03.496764930Z;-5;Quote;6.8;41;6.85;251
SETU26;;Market Price;2026-09-04T14:02:05.537006993Z;-5;Quote;6.8;42;6.85;251
SETU26;;Market Price;2026-09-04T14:02:11.546661645Z;-5;Quote;6.8;41;6.85;250
SETU26;;Market Price;2026-09-04T14:02:11.551653169Z;-5;Quote;6.8;28;6.85;250
SETU26;;Market Price;2026-09-04T14:02:14.021578307Z;-5;Quote;6.8;27;6.85;250
SETU26;;Market Price;2026-09-04T14:02:14.911486486Z;-5;Quote;6.8;24;6.85;250
SETU26;;Market Price;2026-09-04T14:02:14.931402508Z;-5;Quote;6.8;22;6.85;250
SETU26;;Market Price;2026-09-04T14:02:15.022129357Z;-5;Quote;6.8;20;6.85;250
SETU26;;Market Price;2026-09-04T14:02:15.556765849Z;-5;Quote;6.8;17;6.85;250
SETU26;;Market Price;2026-09-04T14:02:15.556765849Z;-5;Quote;6.8;14;6.85;250
SETU26;;Market Price;2026-09-04T14:02:15.556765849Z;-5;Quote;6.75;111;6.85;250
SETU26;;Market Price;2026-09-04T14:02:15.561748467Z;-5;Quote;6.8;49;6.85;250
SETU26;;Market Price;2026-09-04T14:02:16.021726387Z;-5;Quote;6.8;47;6.85;250
SETU26;;Market Price;2026-09-04T14:02:20.906713988Z;-5;Quote;6.8;44;6.85;250
SETU26;;Market Price;2026-09-04T14:02:25.011496373Z;-5;Quote;6.8;41;6.85;250
SETU26;;Market Price;2026-09-04T14:02:27.025200631Z;-5;Quote;6.8;40;6.85;250
SETU26;;Market Price;2026-09-04T14:02:27.025200631Z;-5;Quote;6.8;39;6.85;250
SETU26;;Market Price;2026-09-04T14:02:27.025200631Z;-5;Quote;6.8;38;6.85;250
SETU26;;Market Price;2026-09-04T14:02:27.025200631Z;-5;Quote;6.8;37;6.85;250
SETU26;;Market Price;2026-09-04T14:02:28.021329762Z;-5;Quote;6.8;34;6.85;250
SETU26;;Market Price;2026-09-04T14:02:31.226792042Z;-5;Quote;6.8;33;6.85;250
SETU26;;Market Price;2026-09-04T14:02:31.517261231Z;-5;Quote;6.8;32;6.85;250
SETU26;;Market Price;2026-09-04T14:02:31.522165394Z;-5;Quote;6.8;30;6.85;250
SETU26;;Market Price;2026-09-04T14:02:31.542090887Z;-5;Quote;6.75;111;6.8;70
SETU26;;Market Price;2026-09-04T14:02:31.542090887Z;-5;Quote;6.75;111;6.8;79
SETU26;;Market Price;2026-09-04T14:02:31.542090887Z;-5;Quote;6.75;111;6.8;28
SETU26;;Market Price;2026-09-04T14:02:31.547053220Z;-5;Quote;6.8;32;6.85;650
SETU26;;Market Price;2026-09-04T14:02:31.557004134Z;-5;Quote;6.8;32;6.85;250
SETU26;;Market Price;2026-09-04T14:02:31.557004134Z;-5;Quote;6.8;32;6.85;650
SETU26;;Market Price;2026-09-04T14:02:31.557004134Z;-5;Quote;6.8;32;6.85;1050
SETU26;;Market Price;2026-09-04T14:02:31.561990002Z;-5;Quote;6.8;32;6.85;650
SETU26;;Market Price;2026-09-04T14:02:31.566958385Z;-5;Quote;6.8;2;6.85;650
SETU26;;Market Price;2026-09-04T14:02:31.576917574Z;-5;Quote;6.8;2;6.85;250
SETU26;;Market Price;2026-09-04T14:02:31.726534151Z;-5;Quote;6.75;111;6.85;250
SETU26;;Market Price;2026-09-04T14:02:31.726534151Z;-5;Quote;6.8;49;6.85;250
SETU26;;Market Price;2026-09-04T14:02:32.227068087Z;-5;Quote;6.8;47;6.85;250
SETU26;;Market Price;2026-09-04T14:02:32.516417512Z;-5;Quote;6.8;46;6.85;250
SETU26;;Market Price;2026-09-04T14:02:36.672415705Z;-5;Quote;6.8;45;6.85;250
SETU26;;Market Price;2026-09-04T14:02:36.672415705Z;-5;Quote;6.8;44;6.85;250
SETU26;;Market Price;2026-09-04T14:02:36.676561867Z;-5;Quote;6.8;41;6.85;250
SETU26;;Market Price;2026-09-04T14:02:38.172076823Z;-5;Quote;6.8;40;6.85;250
SETU26;;Market Price;2026-09-04T14:02:38.172076823Z;-5;Quote;6.8;39;6.85;250
SETU26;;Market Price;2026-09-04T14:02:38.177062574Z;-5;Quote;6.8;38;6.85;250
SETU26;;Market Price;2026-09-04T14:02:39.312541928Z;-5;Quote;6.8;36;6.85;250
SETU26;;Market Price;2026-09-04T14:02:39.312541928Z;-5;Quote;6.8;33;6.85;250
SETU26;;Market Price;2026-09-04T14:02:39.312541928Z;-5;Quote;6.8;31;6.85;250
SETU26;;Market Price;2026-09-04T14:02:39.312541928Z;-5;Quote;6.8;30;6.85;250
SETU26;;Market Price;2026-09-04T14:02:40.311315289Z;-5;Quote;6.8;29;6.85;250
SETU26;;Market Price;2026-09-04T14:02:40.331879833Z;-5;Quote;6.8;26;6.85;250
SETU26;;Market Price;2026-09-04T14:02:42.261886618Z;-5;Quote;6.8;25;6.85;250
SETU26;;Market Price;2026-09-04T14:02:42.261886618Z;-5;Quote;6.8;24;6.85;250
SETU26;;Market Price;2026-09-04T14:02:44.892196935Z;-5;Quote;6.8;23;6.85;250
SETU26;;Market Price;2026-09-04T14:02:44.897171560Z;-5;Quote;6.8;20;6.85;250
SETU26;;Market Price;2026-09-04T14:02:47.222114184Z;-5;Quote;6.8;18;6.85;250
SETU26;;Market Price;2026-09-04T14:02:47.227083458Z;-5;Quote;6.8;16;6.85;250
SETU26;;Market Price;2026-09-04T14:02:47.227083458Z;-5;Quote;6.8;2;6.85;250
SETU26;;Market Price;2026-09-04T14:02:47.336544665Z;-5;Quote;6.75;111;6.85;250
SETU26;;Market Price;2026-09-04T14:02:47.336544665Z;-5;Quote;6.75;111;6.8;10
SETU26;;Market Price;2026-09-04T14:02:47.341422837Z;-5;Quote;6.8;20;6.85;242
SETU26;;Market Price;2026-09-04T14:02:47.357368513Z;-5;Quote;6.8;20;6.85;642
SETU26;;Market Price;2026-09-04T14:02:47.357368513Z;-5;Quote;6.8;20;6.85;639
SETU26;;Market Price;2026-09-04T14:02:47.357368513Z;-5;Quote;6.8;20;6.85;638
SETU26;;Market Price;2026-09-04T14:02:47.357368513Z;-5;Quote;6.8;20;6.85;637
SETU26;;Market Price;2026-09-04T14:02:47.357368513Z;-5;Quote;6.8;20;6.85;636
SETU26;;Market Price;2026-09-04T14:02:47.357368513Z;-5;Quote;6.8;20;6.85;634
SETU26;;Market Price;2026-09-04T14:02:47.357368513Z;-5;Quote;6.8;20;6.85;1034
SETU26;;Market Price;2026-09-04T14:02:47.357368513Z;-5;Quote;6.8;20;6.85;634
SETU26;;Market Price;2026-09-04T14:02:47.372315279Z;-5;Quote;6.8;20;6.85;234
SETU26;;Market Price;2026-09-04T14:02:48.727153940Z;-5;Quote;6.8;18;6.85;234
SETU26;;Market Price;2026-09-04T14:02:48.732137760Z;-5;Quote;6.8;15;6.85;234
SETU26;;Market Price;2026-09-04T14:02:48.732137760Z;-5;Quote;6.8;12;6.85;234
SETU26;;Market Price;2026-09-04T14:02:48.732137760Z;-5;Quote;6.75;111;6.85;234
SETU26;;Market Price;2026-09-04T14:02:48.737113621Z;-5;Quote;6.8;31;6.85;234
SETU26;;Market Price;2026-09-04T14:02:50.936714216Z;-5;Quote;6.8;29;6.85;234
SETU26;;Market Price;2026-09-04T14:02:53.616961052Z;-5;Quote;6.8;29;6.85;279
SETU26;;Market Price;2026-09-04T14:02:53.631913147Z;-5;Quote;6.8;9;6.85;279
SETU26;;Market Price;2026-09-04T14:02:53.636974323Z;-5;Quote;6.8;2;6.85;279
SETU26;;Market Price;2026-09-04T14:02:53.931574176Z;-5;Quote;6.75;111;6.85;279
SETU26;;Market Price;2026-09-04T14:02:53.931574176Z;-5;Quote;6.8;45;6.85;279
SETU26;;Market Price;2026-09-04T14:02:54.012260507Z;-5;Quote;6.8;45;6.85;234
SETU26;;Market Price;2026-09-04T14:02:59.352184709Z;-5;Quote;6.8;25;6.85;234
SETU26;;Market Price;2026-09-04T14:02:59.871911329Z;-5;Quote;6.8;22;6.85;234
SETU26;;Market Price;2026-09-04T14:03:00.016392631Z;-5;Quote;6.8;19;6.85;234
SETU26;;Market Price;2026-09-04T14:03:00.217395411Z;-5;Quote;6.8;18;6.85;234
SETU26;;Market Price;2026-09-04T14:03:00.217395411Z;-5;Quote;6.8;17;6.85;234
SETU26;;Market Price;2026-09-04T14:03:00.586491060Z;-5;Quote;6.75;111;6.8;34
SETU26;;Market Price;2026-09-04T14:03:00.586491060Z;-5;Quote;6.75;111;6.8;40
SETU26;;Market Price;2026-09-04T14:03:00.591480729Z;-5;Quote;6.8;21;6.85;234
SETU26;;Market Price;2026-09-04T14:03:00.606409036Z;-5;Quote;6.8;21;6.85;634
SETU26;;Market Price;2026-09-04T14:03:00.606409036Z;-5;Quote;6.8;21;6.85;1034
SETU26;;Market Price;2026-09-04T14:03:00.606409036Z;-5;Quote;6.8;21;6.85;634
SETU26;;Market Price;2026-09-04T14:03:00.611461910Z;-5;Quote;6.8;14;6.85;634
SETU26;;Market Price;2026-09-04T14:03:00.617039750Z;-5;Quote;6.8;14;6.85;620
SETU26;;Market Price;2026-09-04T14:03:00.621311357Z;-5;Quote;6.8;14;6.85;220
SETU26;;Market Price;2026-09-04T14:03:01.021613725Z;-5;Quote;6.8;12;6.85;220
SETU26;;Market Price;2026-09-04T14:03:01.046573344Z;-5;Quote;6.8;2;6.85;220
SETU26;;Market Price;2026-09-04T14:03:01.386977383Z;-5;Quote;6.75;111;6.85;220
SETU26;;Market Price;2026-09-04T14:03:01.392059909Z;-5;Quote;6.8;62;6.85;220
SETU26;;Market Price;2026-09-04T14:03:02.892240107Z;-5;Quote;6.8;61;6.85;220
SETU26;;Market Price;2026-09-04T14:03:05.625611616Z;-5;Quote;6.8;62;6.85;220
SETU26;;Market Price;2026-09-04T14:03:11.636948848Z;-5;Quote;6.8;61;6.85;219
SETU26;;Market Price;2026-09-04T14:03:13.161885601Z;-5;Quote;6.8;48;6.85;219
SETU26;;Market Price;2026-09-04T14:03:13.161885601Z;-5;Quote;6.8;28;6.85;219
SETU26;;Market Price;2026-09-04T14:03:13.161885601Z;-5;Quote;6.8;28;6.85;249
SETU26;;Market Price;2026-09-04T14:03:14.501710746Z;-5;Quote;6.8;25;6.85;249
SETU26;;Market Price;2026-09-04T14:03:15.256507247Z;-5;Quote;6.8;24;6.85;249
SETU26;;Market Price;2026-09-04T14:03:16.257055820Z;-5;Quote;6.8;23;6.85;249
SETU26;;Market Price;2026-09-04T14:03:17.277370669Z;-5;Quote;6.8;22;6.85;249
SETU26;;Market Price;2026-09-04T14:03:18.152159963Z;-5;Quote;6.8;19;6.85;249
SETU26;;Market Price;2026-09-04T14:03:19.366509947Z;-5;Quote;6.8;16;6.85;249
SETU26;;Market Price;2026-09-04T14:03:19.366509947Z;-5;Quote;6.75;111;6.85;249
SETU26;;Market Price;2026-09-04T14:03:19.366509947Z;-5;Quote;6.75;111;6.8;10
SETU26;;Market Price;2026-09-04T14:03:19.366509947Z;-5;Quote;6.75;111;6.8;15
SETU26;;Market Price;2026-09-04T14:03:19.371325071Z;-5;Quote;6.8;44;6.85;239
SETU26;;Market Price;2026-09-04T14:03:19.382289216Z;-5;Quote;6.8;44;6.85;639
SETU26;;Market Price;2026-09-04T14:03:19.387276601Z;-5;Quote;6.8;44;6.85;1039
SETU26;;Market Price;2026-09-04T14:03:19.387276601Z;-5;Quote;6.8;44;6.85;639
SETU26;;Market Price;2026-09-04T14:03:19.402196478Z;-5;Quote;6.8;44;6.85;239
SETU26;;Market Price;2026-09-04T14:03:20.566810573Z;-5;Quote;6.8;43;6.85;239
SETU26;;Market Price;2026-09-04T14:03:21.162256882Z;-5;Quote;6.8;40;6.85;239
SETU26;;Market Price;2026-09-04T14:03:21.567327516Z;-5;Quote;6.8;37;6.85;239
SETU26;;Market Price;2026-09-04T14:03:22.386378148Z;-5;Quote;6.75;111;6.8;101
SETU26;;Market Price;2026-09-04T14:03:22.391399509Z;-5;Quote;6.75;111;6.8;110
SETU26;;Market Price;2026-09-04T14:03:22.391399509Z;-5;Quote;6.75;111;6.8;43
SETU26;;Market Price;2026-09-04T14:03:22.396285332Z;-5;Quote;6.8;4;6.85;239
SETU26;;Market Price;2026-09-04T14:03:22.407340690Z;-5;Quote;6.8;4;6.85;639
SETU26;;Market Price;2026-09-04T14:03:22.407340690Z;-5;Quote;6.8;4;6.85;1039
SETU26;;Market Price;2026-09-04T14:03:22.412212933Z;-5;Quote;6.8;4;6.85;639
SETU26;;Market Price;2026-09-04T14:03:22.416976285Z;-5;Quote;6.8;2;6.85;639
SETU26;;Market Price;2026-09-04T14:03:22.416976285Z;-5;Quote;6.8;1;6.85;639
SETU26;;Market Price;2026-09-04T14:03:22.422268382Z;-5;Quote;6.75;111;6.85;639
SETU26;;Market Price;2026-09-04T14:03:22.422268382Z;-5;Quote;6.75;111;6.85;239
SETU26;;Market Price;2026-09-04T14:03:26.172211536Z;-5;Quote;6.7;4150;6.75;52
SETU26;;Market Price;2026-09-04T14:03:26.172211536Z;-5;Quote;6.7;3750;6.75;52
SETU26;;Market Price;2026-09-04T14:03:26.187152800Z;-5;Quote;6.7;3350;6.75;52
SETU26;;Market Price;2026-09-04T14:03:26.187152800Z;-5;Quote;6.7;2950;6.75;52
SETU26;;Market Price;2026-09-04T14:03:26.187152800Z;-5;Quote;6.7;2550;6.75;52
SETU26;;Market Price;2026-09-04T14:03:26.192035103Z;-5;Quote;6.7;2150;6.75;52
SETU26;;Market Price;2026-09-04T14:03:26.221911394Z;-5;Quote;6.7;1750;6.75;52
SETU26;;Market Price;2026-09-04T14:03:26.221911394Z;-5;Quote;6.7;1350;6.75;52
SETU26;;Market Price;2026-09-04T14:03:26.236850677Z;-5;Quote;6.7;950;6.75;52
SETU26;;Market Price;2026-09-04T14:03:39.082027728Z;-5;Quote;6.7;947;6.75;52
SETU26;;Market Price;2026-09-04T14:03:39.696519476Z;-5;Quote;6.7;950;6.75;52
SETU26;;Market Price;2026-09-04T14:03:40.202293988Z;-5;Quote;6.7;947;6.75;52
SETU26;;Market Price;2026-09-04T14:03:45.812214435Z;-5;Quote;6.7;946;6.75;52
SETU26;;Market Price;2026-09-04T14:03:46.181708754Z;-5;Quote;6.7;546;6.75;52
SETU26;;Market Price;2026-09-04T14:03:46.902303049Z;-5;Quote;6.7;545;6.75;52
SETU26;;Market Price;2026-09-04T14:03:48.421918047Z;-5;Quote;6.7;543;6.75;52
SETU26;;Market Price;2026-09-04T14:03:49.726879513Z;-5;Quote;6.7;543;6.75;36
SETU26;;Market Price;2026-09-04T14:03:49.841492346Z;-5;Quote;6.7;543;6.75;19
SETU26;;Market Price;2026-09-04T14:03:49.917042347Z;-5;Quote;6.7;543;6.75;2
SETU26;;Market Price;2026-09-04T14:03:49.996385156Z;-5;Quote;6.75;15;6.8;830
SETU26;;Market Price;2026-09-04T14:03:50.011616508Z;-5;Quote;6.75;15;6.8;430
SETU26;;Market Price;2026-09-04T14:03:50.016597524Z;-5;Quote;6.75;15;6.8;30
SETU26;;Market Price;2026-09-04T14:03:50.226672340Z;-5;Quote;6.75;13;6.8;30
SETU26;;Market Price;2026-09-04T14:03:50.231650772Z;-5;Quote;6.75;11;6.8;30
SETU26;;Market Price;2026-09-04T14:03:51.256751908Z;-5;Quote;6.7;543;6.8;19
SETU26;;Market Price;2026-09-04T14:03:51.256751908Z;-5;Quote;6.7;943;6.8;19
SETU26;;Market Price;2026-09-04T14:03:51.256751908Z;-5;Quote;6.7;543;6.8;19
SETU26;;Market Price;2026-09-04T14:03:51.256751908Z;-5;Quote;6.7;543;6.8;38
SETU26;;Market Price;2026-09-04T14:03:52.257025383Z;-5;Quote;6.7;542;6.8;38
SETU26;;Market Price;2026-09-04T14:03:52.446564830Z;-5;Quote;6.7;539;6.8;38
SETU26;;Market Price;2026-09-04T14:03:54.116950560Z;-5;Quote;6.7;537;6.8;38
SETU26;;Market Price;2026-09-04T14:03:54.151791562Z;-5;Quote;6.8;112;6.85;3839
SETU26;;Market Price;2026-09-04T14:03:54.151791562Z;-5;Quote;6.8;112;6.85;3439
SETU26;;Market Price;2026-09-04T14:03:54.151791562Z;-5;Quote;6.8;92;6.85;3439
SETU26;;Market Price;2026-09-04T14:03:54.151791562Z;-5;Quote;6.8;92;6.85;3039
SETU26;;Market Price;2026-09-04T14:03:54.151791562Z;-5;Quote;6.8;88;6.85;3039
SETU26;;Market Price;2026-09-04T14:03:54.166722387Z;-5;Quote;6.8;88;6.85;2639
SETU26;;Market Price;2026-09-04T14:03:54.171695722Z;-5;Quote;6.8;88;6.85;2239
SETU26;;Market Price;2026-09-04T14:03:54.171695722Z;-5;Quote;6.8;88;6.85;1839
SETU26;;Market Price;2026-09-04T14:03:54.196586611Z;-5;Quote;6.8;88;6.85;1439
SETU26;;Market Price;2026-09-04T14:03:54.216501879Z;-5;Quote;6.8;88;6.85;1039
SETU26;;Market Price;2026-09-04T14:03:54.386491906Z;-5;Quote;6.8;87;6.85;1039
SETU26;;Market Price;2026-09-04T14:03:54.391505859Z;-5;Quote;6.8;86;6.85;1039
SETU26;;Market Price;2026-09-04T14:03:57.012283585Z;-5;Quote;6.8;83;6.85;1039
SETU26;;Market Price;2026-09-04T14:03:57.171591926Z;-5;Quote;6.7;3337;6.8;66
SETU26;;Market Price;2026-09-04T14:03:57.171591926Z;-5;Quote;6.7;3337;6.8;96
SETU26;;Market Price;2026-09-04T14:03:57.171591926Z;-5;Quote;6.7;2937;6.8;96
SETU26;;Market Price;2026-09-04T14:03:57.171591926Z;-5;Quote;6.7;2937;6.8;100
SETU26;;Market Price;2026-09-04T14:03:57.186535654Z;-5;Quote;6.7;2537;6.8;100
SETU26;;Market Price;2026-09-04T14:03:57.186535654Z;-5;Quote;6.7;2137;6.8;100
SETU26;;Market Price;2026-09-04T14:03:57.186535654Z;-5;Quote;6.7;1737;6.8;100
SETU26;;Market Price;2026-09-04T14:03:57.191494448Z;-5;Quote;6.7;1337;6.8;100
SETU26;;Market Price;2026-09-04T14:03:57.211311578Z;-5;Quote;6.7;937;6.8;100
SETU26;;Market Price;2026-09-04T14:03:57.221521096Z;-5;Quote;6.7;537;6.8;100
SETU26;;Market Price;2026-09-04T14:03:57.307003078Z;-5;Quote;6.7;537;6.8;110
SETU26;;Market Price;2026-09-04T14:03:58.371622811Z;-5;Quote;6.7;534;6.8;110
SETU26;;Market Price;2026-09-04T14:04:00.036700247Z;-5;Quote;6.7;532;6.8;110
SETU26;;Market Price;2026-09-04T14:04:00.041676261Z;-5;Quote;6.7;529;6.8;110
SETU26;;Market Price;2026-09-04T14:04:02.201671155Z;-5;Quote;6.7;929;6.8;110
SETU26;;Market Price;2026-09-04T14:04:02.486339600Z;-5;Quote;6.7;400;6.8;110
SETU26;;Market Price;2026-09-04T14:04:04.501970545Z;-5;Quote;6.7;400;6.8;142
SETU26;;Market Price;2026-09-04T14:04:05.721717095Z;-5;Quote;6.7;401;6.8;142
SETU26;;Market Price;2026-09-04T14:04:06.161978362Z;-5;Quote;6.7;1;6.8;142
SETU26;;Market Price;2026-09-04T14:04:07.892055979Z;-5;Quote;6.7;1;6.8;138
SETU26;;Market Price;2026-09-04T14:04:07.892055979Z;-5;Quote;6.7;1;6.8;128
SETU26;;Market Price;2026-09-04T14:04:11.732201992Z;-5;Quote;6.65;3800;6.8;127
SETU26;;Market Price;2026-09-04T14:04:11.732201992Z;-5;Quote;6.65;3800;6.8;141
SETU26;;Market Price;2026-09-04T14:04:11.747145936Z;-5;Quote;6.65;3400;6.8;141
SETU26;;Market Price;2026-09-04T14:04:11.747145936Z;-5;Quote;6.65;3400;6.8;541
SETU26;;Market Price;2026-09-04T14:04:11.752098610Z;-5;Quote;6.65;3000;6.8;541
SETU26;;Market Price;2026-09-04T14:04:11.752098610Z;-5;Quote;6.65;3000;6.8;941
SETU26;;Market Price;2026-09-04T14:04:11.781974061Z;-5;Quote;6.65;2600;6.8;941
SETU26;;Market Price;2026-09-04T14:04:11.796914693Z;-5;Quote;6.65;2200;6.8;941
SETU26;;Market Price;2026-09-04T14:04:11.816819374Z;-5;Quote;6.65;2600;6.8;941
SETU26;;Market Price;2026-09-04T14:04:12.786673372Z;-5;Quote;6.65;3000;6.8;941
SETU26;;Market Price;2026-09-04T14:04:13.231710781Z;-5;Quote;6.65;2999;6.8;941
SETU26;;Market Price;2026-09-04T14:04:21.846259798Z;-5;Quote;6.65;2997;6.8;941
SETU26;;Market Price;2026-09-04T14:04:26.556571548Z;-5;Quote;6.65;2997;6.8;1041
SETU26;;Market Price;2026-09-04T14:04:40.631835140Z;-5;Quote;6.7;25;6.8;1041
SETU26;;Market Price;2026-09-04T14:04:40.631835140Z;-5;Quote;6.7;25;6.8;641
SETU26;;Market Price;2026-09-04T14:04:40.651742796Z;-5;Quote;6.7;25;6.8;241
SETU26;;Market Price;2026-09-04T14:05:05.811447086Z;-5;Quote;6.7;26;6.8;241
SETU26;;Market Price;2026-09-04T14:05:10.222049096Z;-5;Quote;6.7;26;6.75;25
SETU26;;Market Price;2026-09-04T14:05:10.227030846Z;-5;Quote;6.7;26;6.75;57
SETU26;;Market Price;2026-09-04T14:05:11.822038588Z;-5;Quote;6.7;25;6.75;56
SETU26;;Market Price;2026-09-04T14:05:42.937293762Z;-5;Quote;6.7;24;6.75;56
SETU26;;Market Price;2026-09-04T14:05:52.512064378Z;-5;Quote;6.7;21;6.75;56
SETU26;;Market Price;2026-09-04T14:06:05.266514471Z;-5;Quote;6.7;19;6.75;56
SETU26;;Market Price;2026-09-04T14:06:05.271394636Z;-5;Quote;6.7;18;6.75;56
SETU26;;Market Price;2026-09-04T14:06:05.366854663Z;-5;Quote;6.7;15;6.75;56
SETU26;;Market Price;2026-09-04T14:06:05.906688166Z;-5;Quote;6.7;16;6.75;56
SETU26;;Market Price;2026-09-04T14:06:06.561701249Z;-5;Quote;6.7;15;6.75;56
SETU26;;Market Price;2026-09-04T14:06:06.581446156Z;-5;Quote;6.7;14;6.75;56
SETU26;;Market Price;2026-09-04T14:06:09.006373520Z;-5;Quote;6.7;13;6.75;56
SETU26;;Market Price;2026-09-04T14:06:09.006373520Z;-5;Quote;6.7;12;6.75;56
SETU26;;Market Price;2026-09-04T14:06:09.013269132Z;-5;Quote;6.7;10;6.75;56
SETU26;;Market Price;2026-09-04T14:06:11.916533007Z;-5;Quote;6.7;9;6.75;55
SETU26;;Market Price;2026-09-04T14:06:26.051652091Z;-5;Quote;6.7;9;6.75;105
SETU26;;Market Price;2026-09-04T14:06:27.262328952Z;-5;Quote;6.7;9;6.75;55
SETU26;;Market Price;2026-09-04T14:06:56.921772049Z;-5;Quote;6.7;309;6.75;55
SETU26;;Market Price;2026-09-04T14:06:57.801904398Z;-5;Quote;6.7;309;6.75;100
SETU26;;Market Price;2026-09-04T14:07:00.191985812Z;-5;Quote;6.7;9;6.75;100
SETU26;;Market Price;2026-09-04T14:07:00.451967802Z;-5;Quote;6.7;6;6.75;100
SETU26;;Market Price;2026-09-04T14:07:00.572046211Z;-5;Quote;6.7;5;6.75;100
SETU26;;Market Price;2026-09-04T14:07:00.577130388Z;-5;Quote;6.7;3;6.75;100
SETU26;;Market Price;2026-09-04T14:07:02.801762170Z;-5;Quote;6.7;3;6.75;55
SETU26;;Market Price;2026-09-04T14:07:02.937267980Z;-5;Quote;6.7;25;6.75;55
SETU26;;Market Price;2026-09-04T14:07:04.991535363Z;-5;Quote;6.7;26;6.75;55
SETU26;;Market Price;2026-09-04T14:07:11.002200289Z;-5;Quote;6.7;25;6.75;54
SETU26;;Market Price;2026-09-04T14:07:14.431680931Z;-5;Quote;6.7;325;6.75;54
SETU26;;Market Price;2026-09-04T14:07:24.351875326Z;-5;Quote;6.7;325;6.75;64
SETU26;;Market Price;2026-09-04T14:07:28.146862050Z;-5;Quote;6.7;325;6.75;109
SETU26;;Market Price;2026-09-04T14:07:29.771809361Z;-5;Quote;6.7;325;6.75;110
SETU26;;Market Price;2026-09-04T14:07:34.456579726Z;-5;Quote;6.7;380;6.75;110
SETU26;;Market Price;2026-09-04T14:08:05.082114632Z;-5;Quote;6.7;381;6.75;110
SETU26;;Market Price;2026-09-04T14:08:11.092293082Z;-5;Quote;6.7;380;6.75;109
SETU26;;Market Price;2026-09-04T14:08:32.816730642Z;-5;Quote;6.7;380;6.75;64
SETU26;;Market Price;2026-09-04T14:08:39.441439782Z;-5;Quote;6.7;380;6.75;109
SETU26;;Market Price;2026-09-04T14:08:39.552366217Z;-5;Quote;6.7;380;6.75;64
SETU26;;Market Price;2026-09-04T14:08:50.296722225Z;-5;Quote;6.7;405;6.75;64
SETU26;;Market Price;2026-09-04T14:08:52.266800786Z;-5;Quote;6.7;405;6.75;109
SETU26;;Market Price;2026-09-04T14:08:55.271730888Z;-5;Quote;6.7;430;6.75;109
SETU26;;Market Price;2026-09-04T14:08:56.416444205Z;-5;Quote;6.7;455;6.75;109
SETU26;;Market Price;2026-09-04T14:08:57.272208218Z;-5;Quote;6.7;455;6.75;64
SETU26;;Market Price;2026-09-04T14:09:05.202262101Z;-5;Quote;6.7;456;6.75;64
SETU26;;Market Price;2026-09-04T14:09:11.217050575Z;-5;Quote;6.7;455;6.75;63
SETU26;;Market Price;2026-09-04T14:09:15.196666343Z;-5;Quote;6.7;505;6.75;63
SETU26;;Market Price;2026-09-04T14:09:21.566498838Z;-5;Quote;6.7;504;6.75;63
SETU26;;Market Price;2026-09-04T14:09:21.777077657Z;-5;Quote;6.7;501;6.75;63
SETU26;;Market Price;2026-09-04T14:09:28.306900575Z;-5;Quote;6.7;500;6.75;63
SETU26;;Market Price;2026-09-04T14:09:28.306900575Z;-5;Quote;6.7;499;6.75;63
SETU26;;Market Price;2026-09-04T14:09:28.321752954Z;-5;Quote;6.7;498;6.75;63
SETU26;;Market Price;2026-09-04T14:09:30.371537216Z;-5;Quote;6.7;495;6.75;63
SETU26;;Market Price;2026-09-04T14:09:30.707008066Z;-5;Quote;6.7;494;6.75;63
SETU26;;Market Price;2026-09-04T14:09:30.716976576Z;-5;Quote;6.7;493;6.75;63
SETU26;;Market Price;2026-09-04T14:09:30.721843132Z;-5;Quote;6.7;492;6.75;63
SETU26;;Market Price;2026-09-04T14:09:34.987163784Z;-5;Quote;6.7;490;6.75;63
SETU26;;Market Price;2026-09-04T14:09:34.992036235Z;-5;Quote;6.7;487;6.75;63
SETU26;;Market Price;2026-09-04T14:09:34.992036235Z;-5;Quote;6.7;486;6.75;63
SETU26;;Market Price;2026-09-04T14:09:35.991393724Z;-5;Quote;6.7;484;6.75;63
SETU26;;Market Price;2026-09-04T14:09:39.736631037Z;-5;Quote;6.7;484;6.75;80
SETU26;;Market Price;2026-09-04T14:09:48.711408154Z;-5;Quote;6.7;481;6.75;80
SETU26;;Market Price;2026-09-04T14:09:49.267102442Z;-5;Quote;6.7;504;6.75;80
SETU26;;Market Price;2026-09-04T14:09:49.281930210Z;-5;Quote;6.7;502;6.75;80
SETU26;;Market Price;2026-09-04T14:09:51.546520671Z;-5;Quote;6.7;499;6.75;80
SETU26;;Market Price;2026-09-04T14:09:53.306361904Z;-5;Quote;6.7;419;6.75;80
SETU26;;Market Price;2026-09-04T14:10:00.607025111Z;-5;Quote;6.7;418;6.75;80
SETU26;;Market Price;2026-09-04T14:10:01.606521510Z;-5;Quote;6.7;416;6.75;80
SETU26;;Market Price;2026-09-04T14:10:05.291437389Z;-5;Quote;6.7;417;6.75;80
SETU26;;Market Price;2026-09-04T14:10:10.336861462Z;-5;Quote;6.7;415;6.75;80
SETU26;;Market Price;2026-09-04T14:10:10.341860902Z;-5;Quote;6.7;412;6.75;80
SETU26;;Market Price;2026-09-04T14:10:11.302283498Z;-5;Quote;6.7;411;6.75;79
SETU26;;Market Price;2026-09-04T14:10:14.846476227Z;-5;Quote;6.7;409;6.75;79
SETU26;;Market Price;2026-09-04T14:10:15.846975064Z;-5;Quote;6.7;408;6.75;79
SETU26;;Market Price;2026-09-04T14:10:16.456488899Z;-5;Quote;6.7;407;6.75;79
SETU26;;Market Price;2026-09-04T14:10:16.571793333Z;-5;Quote;6.75;81;6.8;1420
SETU26;;Market Price;2026-09-04T14:10:16.571793333Z;-5;Quote;6.75;61;6.8;1420
SETU26;;Market Price;2026-09-04T14:10:16.581762995Z;-5;Quote;6.75;61;6.8;1020
SETU26;;Market Price;2026-09-04T14:10:16.586630259Z;-5;Quote;6.75;61;6.8;620
SETU26;;Market Price;2026-09-04T14:10:16.586630259Z;-5;Quote;6.75;61;6.8;220
SETU26;;Market Price;2026-09-04T14:10:16.641692675Z;-5;Quote;6.75;58;6.8;220
SETU26;;Market Price;2026-09-04T14:10:16.767143048Z;-5;Quote;6.75;58;6.8;238
SETU26;;Market Price;2026-09-04T14:10:17.457119658Z;-5;Quote;6.75;55;6.8;238
SETU26;;Market Price;2026-09-04T14:10:17.676670124Z;-5;Quote;6.7;407;6.8;238
SETU26;;Market Price;2026-09-04T14:10:17.676670124Z;-5;Quote;6.7;407;6.8;250
SETU26;;Market Price;2026-09-04T14:10:18.926451145Z;-5;Quote;6.7;404;6.8;250
SETU26;;Market Price;2026-09-04T14:10:18.936447171Z;-5;Quote;6.7;402;6.8;250
SETU26;;Market Price;2026-09-04T14:10:20.416690286Z;-5;Quote;6.7;401;6.8;250
SETU26;;Market Price;2026-09-04T14:10:20.416690286Z;-5;Quote;6.7;399;6.8;250
SETU26;;Market Price;2026-09-04T14:10:21.417168828Z;-5;Quote;6.7;396;6.8;250
SETU26;;Market Price;2026-09-04T14:10:26.611425821Z;-5;Quote;6.7;396;6.8;264
SETU26;;Market Price;2026-09-04T14:10:37.266678668Z;-5;Quote;6.7;396;6.8;64
SETU26;;Market Price;2026-09-04T14:10:40.596744220Z;-5;Quote;6.7;395;6.8;64
SETU26;;Market Price;2026-09-04T14:10:41.086539365Z;-5;Quote;6.7;394;6.8;64
SETU26;;Market Price;2026-09-04T14:10:41.596308308Z;-5;Quote;6.7;393;6.8;64
SETU26;;Market Price;2026-09-04T14:10:42.196745876Z;-5;Quote;6.7;391;6.8;64
SETU26;;Market Price;2026-09-04T14:10:42.537258866Z;-5;Quote;6.7;388;6.8;64
SETU26;;Market Price;2026-09-04T14:10:42.596969672Z;-5;Quote;6.7;385;6.8;64
SETU26;;Market Price;2026-09-04T14:10:43.887322213Z;-5;Quote;6.7;384;6.8;64
SETU26;;Market Price;2026-09-04T14:10:46.872358067Z;-5;Quote;6.7;384;6.8;74
SETU26;;Market Price;2026-09-04T14:10:50.661432533Z;-5;Quote;6.7;384;6.8;54
SETU26;;Market Price;2026-09-04T14:10:50.816766068Z;-5;Quote;6.7;384;6.8;99
SETU26;;Market Price;2026-09-04T14:10:52.507125185Z;-5;Quote;6.7;384;6.8;54
SETU26;;Market Price;2026-09-04T14:10:54.247326668Z;-5;Quote;6.7;383;6.8;54
SETU26;;Market Price;2026-09-04T14:10:55.246815181Z;-5;Quote;6.7;381;6.8;54
SETU26;;Market Price;2026-09-04T14:10:55.301560220Z;-5;Quote;6.7;381;6.8;99
SETU26;;Market Price;2026-09-04T14:10:55.392209992Z;-5;Quote;6.7;381;6.8;54
SETU26;;Market Price;2026-09-04T14:10:57.421408591Z;-5;Quote;6.7;381;6.8;99
SETU26;;Market Price;2026-09-04T14:11:04.386709240Z;-5;Quote;6.7;382;6.8;99
SETU26;;Market Price;2026-09-04T14:11:04.776702693Z;-5;Quote;6.7;381;6.8;99
SETU26;;Market Price;2026-09-04T14:11:04.801583627Z;-5;Quote;6.7;383;6.8;99
SETU26;;Market Price;2026-09-04T14:11:05.802261074Z;-5;Quote;6.75;2;6.8;99
SETU26;;Market Price;2026-09-04T14:11:05.802261074Z;-5;Quote;6.7;381;6.8;99
SETU26;;Market Price;2026-09-04T14:11:06.351841683Z;-5;Quote;6.7;380;6.8;99
SETU26;;Market Price;2026-09-04T14:11:09.376845816Z;-5;Quote;6.7;325;6.8;99
SETU26;;Market Price;2026-09-04T14:11:10.812065586Z;-5;Quote;6.75;1;6.8;99
SETU26;;Market Price;2026-09-04T14:11:10.812065586Z;-5;Quote;6.7;325;6.8;99
SETU26;;Market Price;2026-09-04T14:11:14.967253964Z;-5;Quote;6.7;325;6.8;119
SETU26;;Market Price;2026-09-04T14:11:15.821394331Z;-5;Quote;6.75;1;6.8;119
SETU26;;Market Price;2026-09-04T14:11:20.032349992Z;-5;Quote;6.7;325;6.8;119
SETU26;;Market Price;2026-09-04T14:11:20.831588287Z;-5;Quote;6.7;326;6.8;119
SETU26;;Market Price;2026-09-04T14:11:21.831535486Z;-5;Quote;6.75;1;6.8;119
SETU26;;Market Price;2026-09-04T14:11:25.331474536Z;-5;Quote;6.7;324;6.8;119
SETU26;;Market Price;2026-09-04T14:11:25.836979190Z;-5;Quote;6.7;325;6.8;119
SETU26;;Market Price;2026-09-04T14:11:26.386567610Z;-5;Quote;6.7;325;6.8;74
SETU26;;Market Price;2026-09-04T14:11:26.551835416Z;-5;Quote;6.7;325;6.8;119
SETU26;;Market Price;2026-09-04T14:11:26.841572327Z;-5;Quote;6.75;1;6.8;119
SETU26;;Market Price;2026-09-04T14:11:29.386277874Z;-5;Quote;6.75;1;6.8;74
SETU26;;Market Price;2026-09-04T14:11:29.471959854Z;-5;Quote;6.75;1;6.8;119
SETU26;;Market Price;2026-09-04T14:11:30.021510414Z;-5;Quote;6.7;324;6.8;119
SETU26;;Market Price;2026-09-04T14:11:30.847237310Z;-5;Quote;6.7;325;6.8;119
SETU26;;Market Price;2026-09-04T14:11:31.852107107Z;-5;Quote;6.75;1;6.8;119
SETU26;;Market Price;2026-09-04T14:11:32.307100090Z;-5;Quote;6.75;1;6.8;109
SETU26;;Market Price;2026-09-04T14:11:40.042322122Z;-5;Quote;6.7;324;6.8;109
SETU26;;Market Price;2026-09-04T14:11:40.866380253Z;-5;Quote;6.75;1;6.8;109
SETU26;;Market Price;2026-09-04T14:11:46.376516130Z;-5;Quote;6.75;1;6.8;64
SETU26;;Market Price;2026-09-04T14:11:46.457169051Z;-5;Quote;6.75;1;6.8;109
SETU26;;Market Price;2026-09-04T14:11:49.091551434Z;-5;Quote;6.7;324;6.8;109
SETU26;;Market Price;2026-09-04T14:11:49.491840276Z;-5;Quote;6.7;321;6.8;109
SETU26;;Market Price;2026-09-04T14:11:49.526696547Z;-5;Quote;6.7;321;6.8;64
SETU26;;Market Price;2026-09-04T14:11:49.606326974Z;-5;Quote;6.7;321;6.8;109
SETU26;;Market Price;2026-09-04T14:11:49.882022894Z;-5;Quote;6.75;1;6.8;109
SETU26;;Market Price;2026-09-04T14:11:50.077248327Z;-5;Quote;6.7;321;6.8;109
SETU26;;Market Price;2026-09-04T14:11:50.881733090Z;-5;Quote;6.75;1;6.8;109
SETU26;;Market Price;2026-09-04T14:11:51.237144020Z;-5;Quote;6.75;1;6.8;64
SETU26;;Market Price;2026-09-04T14:11:51.406424565Z;-5;Quote;6.75;1;6.8;109
SETU26;;Market Price;2026-09-04T14:11:55.507105239Z;-5;Quote;6.75;1;6.8;64
SETU26;;Market Price;2026-09-04T14:12:00.331673335Z;-5;Quote;6.7;317;6.8;64
SETU26;;Market Price;2026-09-04T14:12:00.902154834Z;-5;Quote;6.75;1;6.8;64
SETU26;;Market Price;2026-09-04T14:12:00.991721314Z;-5;Quote;6.7;317;6.8;64
SETU26;;Market Price;2026-09-04T14:12:00.991721314Z;-5;Quote;6.7;317;6.8;109
SETU26;;Market Price;2026-09-04T14:12:01.901487574Z;-5;Quote;6.75;1;6.8;109
SETU26;;Market Price;2026-09-04T14:12:10.017185338Z;-5;Quote;6.7;317;6.8;109
SETU26;;Market Price;2026-09-04T14:12:10.921460590Z;-5;Quote;6.75;1;6.8;109
SETU26;;Market Price;2026-09-04T14:12:16.577150459Z;-5;Quote;6.75;1;6.8;64
SETU26;;Market Price;2026-09-04T14:12:17.027036932Z;-5;Quote;6.8;36;6.85;4389
SETU26;;Market Price;2026-09-04T14:12:17.027036932Z;-5;Quote;6.8;36;6.85;3989
SETU26;;Market Price;2026-09-04T14:12:17.027036932Z;-5;Quote;6.8;36;6.85;3589
SETU26;;Market Price;2026-09-04T14:12:17.041958695Z;-5;Quote;6.8;36;6.85;3189
SETU26;;Market Price;2026-09-04T14:12:17.041958695Z;-5;Quote;6.8;36;6.85;2789
SETU26;;Market Price;2026-09-04T14:12:17.041958695Z;-5;Quote;6.8;36;6.85;2389
SETU26;;Market Price;2026-09-04T14:12:17.046948804Z;-5;Quote;6.8;36;6.85;1989
SETU26;;Market Price;2026-09-04T14:12:17.076803881Z;-5;Quote;6.8;36;6.85;1589
SETU26;;Market Price;2026-09-04T14:12:17.091734474Z;-5;Quote;6.8;36;6.85;1189
SETU26;;Market Price;2026-09-04T14:12:20.687061160Z;-5;Quote;6.75;1;6.85;1189
SETU26;;Market Price;2026-09-04T14:12:27.042088319Z;-5;Quote;6.75;1;6.85;1201
SETU26;;Market Price;2026-09-04T14:12:27.666912083Z;-5;Quote;6.75;168;6.85;1201
SETU26;;Market Price;2026-09-04T14:12:28.531862811Z;-5;Quote;6.75;168;6.85;1171
SETU26;;Market Price;2026-09-04T14:12:29.236402868Z;-5;Quote;6.75;168;6.85;1216
SETU26;;Market Price;2026-09-04T14:12:29.236402868Z;-5;Quote;6.75;148;6.85;1216
SETU26;;Market Price;2026-09-04T14:12:29.451375236Z;-5;Quote;6.75;148;6.85;1171
SETU26;;Market Price;2026-09-04T14:12:29.957012326Z;-5;Quote;6.75;149;6.85;1171
SETU26;;Market Price;2026-09-04T14:12:35.492220452Z;-5;Quote;6.75;149;6.85;1216
SETU26;;Market Price;2026-09-04T14:12:35.497205319Z;-5;Quote;6.75;129;6.85;1216
SETU26;;Market Price;2026-09-04T14:12:35.731829976Z;-5;Quote;6.75;129;6.85;1171
SETU26;;Market Price;2026-09-04T14:12:36.811780838Z;-5;Quote;6.75;129;6.85;1216
SETU26;;Market Price;2026-09-04T14:12:37.246893122Z;-5;Quote;6.75;129;6.85;1171
SETU26;;Market Price;2026-09-04T14:12:37.402208363Z;-5;Quote;6.75;129;6.85;1216
SETU26;;Market Price;2026-09-04T14:12:40.011260125Z;-5;Quote;6.75;109;6.85;1216
SETU26;;Market Price;2026-09-04T14:12:41.541995149Z;-5;Quote;6.75;109;6.85;1171
SETU26;;Market Price;2026-09-04T14:12:44.576811793Z;-5;Quote;6.75;109;6.85;1216
SETU26;;Market Price;2026-09-04T14:12:48.631766795Z;-5;Quote;6.75;98;6.85;1216
SETU26;;Market Price;2026-09-04T14:12:50.032251041Z;-5;Quote;6.75;78;6.85;1216
SETU26;;Market Price;2026-09-04T14:12:50.472308313Z;-5;Quote;6.75;78;6.85;1171
SETU26;;Market Price;2026-09-04T14:13:02.511436143Z;-5;Quote;6.75;103;6.85;1171
SETU26;;Market Price;2026-09-04T14:13:21.021394654Z;-5;Quote;6.75;83;6.85;1171
SETU26;;Market Price;2026-09-04T14:13:21.021394654Z;-5;Quote;6.75;83;6.85;1216
SETU26;;Market Price;2026-09-04T14:13:21.211527640Z;-5;Quote;6.75;83;6.85;1171
SETU26;;Market Price;2026-09-04T14:13:22.882143288Z;-5;Quote;6.75;83;6.85;1216
SETU26;;Market Price;2026-09-04T14:13:23.396850298Z;-5;Quote;6.75;83;6.85;1171
SETU26;;Market Price;2026-09-04T14:13:23.676615244Z;-5;Quote;6.75;83;6.85;771
SETU26;;Market Price;2026-09-04T14:13:24.377187318Z;-5;Quote;6.75;83;6.85;772
SETU26;;Market Price;2026-09-04T14:13:25.936625369Z;-5;Quote;6.75;83;6.85;272
SETU26;;Market Price;2026-09-04T14:13:33.746567211Z;-5;Quote;6.75;63;6.85;272
SETU26;;Market Price;2026-09-04T14:13:33.751535449Z;-5;Quote;6.75;63;6.85;317
SETU26;;Market Price;2026-09-04T14:13:33.841417316Z;-5;Quote;6.75;63;6.85;272
SETU26;;Market Price;2026-09-04T14:13:35.006745331Z;-5;Quote;6.75;63;6.85;262
SETU26;;Market Price;2026-09-04T14:13:36.371765217Z;-5;Quote;6.75;63;6.85;13
SETU26;;Market Price;2026-09-04T14:13:36.371765217Z;-5;Quote;6.75;63;6.85;15
SETU26;;Market Price;2026-09-04T14:14:32.586431494Z;-5;Quote;6.75;63;6.8;25
SETU26;;Market Price;2026-09-04T14:14:32.586431494Z;-5;Quote;6.75;63;6.8;39
SETU26;;Market Price;2026-09-04T14:14:32.586431494Z;-5;Quote;6.75;63;6.8;64
SETU26;;Market Price;2026-09-04T14:14:32.592373411Z;-5;Quote;6.75;63;6.8;66
SETU26;;Market Price;2026-09-04T14:14:32.941578168Z;-5;Quote;6.75;63;6.8;67
SETU26;;Market Price;2026-09-04T14:14:34.382178028Z;-5;Quote;6.75;63;6.8;68
SETU26;;Market Price;2026-09-04T14:14:42.836988761Z;-5;Quote;6.75;63;6.8;8
SETU26;;Market Price;2026-09-04T14:15:00.017204421Z;-5;Quote;6.75;62;6.8;8
SETU26;;Market Price;2026-09-04T14:15:10.692096704Z;-5;Quote;6.75;62;6.8;7
SETU26;;Market Price;2026-09-04T14:15:10.692096704Z;-5;Quote;6.75;62;6.8;5
SETU26;;Market Price;2026-09-04T14:15:10.741878466Z;-5;Quote;6.75;62;6.8;6
SETU26;;Market Price;2026-09-04T14:15:23.542104678Z;-5;Quote;6.75;62;6.8;2
SETU26;;Market Price;2026-09-04T14:15:29.281680365Z;-5;Quote;6.75;62;6.8;3
SETU26;;Market Price;2026-09-04T14:15:31.692041931Z;-5;Quote;6.75;62;6.8;2
SETU26;;Market Price;2026-09-04T14:15:31.741825720Z;-5;Quote;6.75;62;6.8;3
SETU26;;Market Price;2026-09-04T14:15:40.726658077Z;-5;Quote;6.75;60;6.8;3
SETU26;;Market Price;2026-09-04T14:16:07.442036095Z;-5;Quote;6.75;59;6.8;3
SETU26;;Market Price;2026-09-04T14:16:07.442036095Z;-5;Quote;6.75;58;6.8;3
SETU26;;Market Price;2026-09-04T14:16:07.446996419Z;-5;Quote;6.75;57;6.8;3
SETU26;;Market Price;2026-09-04T14:16:16.591345978Z;-5;Quote;6.75;57;6.8;7
SETU26;;Market Price;2026-09-04T14:16:29.101392349Z;-5;Quote;6.75;57;6.8;8
SETU26;;Market Price;2026-09-04T14:16:38.801483783Z;-5;Quote;6.75;57;6.85;1200
SETU26;;Market Price;2026-09-04T14:16:38.811410871Z;-5;Quote;6.75;57;6.85;800
SETU26;;Market Price;2026-09-04T14:16:38.816400844Z;-5;Quote;6.75;57;6.85;400
SETU26;;Market Price;2026-09-04T14:16:38.816400844Z;-5;Quote;6.75;457;6.85;400
SETU26;;Market Price;2026-09-04T14:16:39.157119334Z;-5;Quote;6.75;457;6.85;412
SETU26;;Market Price;2026-09-04T14:16:48.867384542Z;-5;Quote;6.75;457;6.85;419
SETU26;;Market Price;2026-09-04T14:17:30.331729657Z;-5;Quote;6.75;457;6.85;19
SETU26;;Market Price;2026-09-04T14:17:30.401278316Z;-5;Quote;6.75;457;6.85;12
SETU26;;Market Price;2026-09-04T14:17:30.401278316Z;-5;Quote;6.75;464;6.85;12
SETU26;;Market Price;2026-09-04T14:17:45.332173899Z;-5;Quote;6.75;464;6.85;57
SETU26;;Market Price;2026-09-04T14:17:46.451819896Z;-5;Quote;6.75;464;6.85;12
SETU26;;Market Price;2026-09-04T14:17:54.737400837Z;-5;Quote;6.75;464;6.85;57
SETU26;;Market Price;2026-09-04T14:17:55.886630216Z;-5;Quote;6.75;464;6.85;12
SETU26;;Market Price;2026-09-04T14:17:56.006349658Z;-5;Quote;6.75;464;6.85;57
SETU26;;Market Price;2026-09-04T14:17:57.821954527Z;-5;Quote;6.75;464;6.8;25
SETU26;;Market Price;2026-09-04T14:17:57.821954527Z;-5;Quote;6.75;464;6.8;70
SETU26;;Market Price;2026-09-04T14:17:57.821954527Z;-5;Quote;6.75;464;6.8;80
SETU26;;Market Price;2026-09-04T14:17:57.836864199Z;-5;Quote;6.75;64;6.8;80
SETU26;;Market Price;2026-09-04T14:17:59.147124369Z;-5;Quote;6.75;314;6.8;80
SETU26;;Market Price;2026-09-04T14:17:59.191928626Z;-5;Quote;6.75;294;6.8;80
SETU26;;Market Price;2026-09-04T14:17:59.536391651Z;-5;Quote;6.75;244;6.8;80
SETU26;;Market Price;2026-09-04T14:18:00.561730319Z;-5;Quote;6.75;244;6.8;35
SETU26;;Market Price;2026-09-04T14:18:02.182146710Z;-5;Quote;6.75;244;6.8;80
SETU26;;Market Price;2026-09-04T14:18:10.492341303Z;-5;Quote;6.75;269;6.8;80
SETU26;;Market Price;2026-09-04T14:18:19.092223164Z;-5;Quote;6.75;257;6.8;80
SETU26;;Market Price;2026-09-04T14:18:29.091688912Z;-5;Quote;6.75;237;6.8;80
SETU26;;Market Price;2026-09-04T14:18:30.117276917Z;-5;Quote;6.75;217;6.8;80
SETU26;;Market Price;2026-09-04T14:18:40.026860962Z;-5;Quote;6.75;197;6.8;80
SETU26;;Market Price;2026-09-04T14:18:40.212054678Z;-5;Quote;6.75;197;6.8;35
SETU26;;Market Price;2026-09-04T14:18:41.081870064Z;-5;Quote;6.75;197;6.8;80
SETU26;;Market Price;2026-09-04T14:18:50.016219342Z;-5;Quote;6.75;177;6.8;80
SETU26;;Market Price;2026-09-04T14:19:00.056213012Z;-5;Quote;6.75;157;6.8;80
SETU26;;Market Price;2026-09-04T14:19:10.111442946Z;-5;Quote;6.75;138;6.8;80
SETU26;;Market Price;2026-09-04T14:19:20.037397097Z;-5;Quote;6.75;118;6.8;80
SETU26;;Market Price;2026-09-04T14:19:30.016917915Z;-5;Quote;6.75;98;6.8;80
SETU26;;Market Price;2026-09-04T14:19:40.151549406Z;-5;Quote;6.75;78;6.8;80
SETU26;;Market Price;2026-09-04T14:19:50.097144269Z;-5;Quote;6.75;58;6.8;80
SETU26;;Market Price;2026-09-04T14:20:00.012147478Z;-5;Quote;6.75;38;6.8;80
SETU26;;Market Price;2026-09-04T14:20:10.017306788Z;-5;Quote;6.75;318;6.8;80
SETU26;;Market Price;2026-09-04T14:20:20.057385355Z;-5;Quote;6.75;298;6.8;80
SETU26;;Market Price;2026-09-04T14:20:27.236495781Z;-5;Quote;6.75;298;6.8;79
SETU26;;Market Price;2026-09-04T14:20:30.011275715Z;-5;Quote;6.75;278;6.8;79
SETU26;;Market Price;2026-09-04T14:20:30.422266712Z;-5;Quote;6.75;278;6.8;76
SETU26;;Market Price;2026-09-04T14:20:31.422287128Z;-5;Quote;6.75;278;6.8;74
SETU26;;Market Price;2026-09-04T14:20:32.066880851Z;-5;Quote;6.75;278;6.8;72
SETU26;;Market Price;2026-09-04T14:20:32.421384744Z;-5;Quote;6.75;278;6.8;69
SETU26;;Market Price;2026-09-04T14:20:33.066822535Z;-5;Quote;6.75;278;6.8;68
SETU26;;Market Price;2026-09-04T14:20:33.421413168Z;-5;Quote;6.75;278;6.8;66
SETU26;;Market Price;2026-09-04T14:20:34.557103550Z;-5;Quote;6.75;278;6.8;64
SETU26;;Market Price;2026-09-04T14:20:34.557103550Z;-5;Quote;6.75;278;6.8;62
SETU26;;Market Price;2026-09-04T14:20:35.556352326Z;-5;Quote;6.75;278;6.8;61
SETU26;;Market Price;2026-09-04T14:20:36.556843400Z;-5;Quote;6.75;278;6.8;60
SETU26;;Market Price;2026-09-04T14:20:37.426707020Z;-5;Quote;6.75;278;6.8;57
SETU26;;Market Price;2026-09-04T14:20:38.466450183Z;-5;Quote;6.75;278;6.8;56
SETU26;;Market Price;2026-09-04T14:20:40.027079397Z;-5;Quote;6.75;258;6.8;56
SETU26;;Market Price;2026-09-04T14:20:40.056868085Z;-5;Quote;6.75;258;6.8;53
SETU26;;Market Price;2026-09-04T14:20:40.106384122Z;-5;Quote;6.75;258;6.8;50
SETU26;;Market Price;2026-09-04T14:20:40.346365639Z;-5;Quote;6.75;258;6.8;51
SETU26;;Market Price;2026-09-04T14:20:40.696938795Z;-5;Quote;6.7;3773;6.8;51
SETU26;;Market Price;2026-09-04T14:20:40.696938795Z;-5;Quote;6.7;3373;6.8;51
SETU26;;Market Price;2026-09-04T14:20:40.696938795Z;-5;Quote;6.7;3343;6.8;51
SETU26;;Market Price;2026-09-04T14:20:40.696938795Z;-5;Quote;6.7;2943;6.8;51
SETU26;;Market Price;2026-09-04T14:20:40.726776098Z;-5;Quote;6.7;2543;6.8;51
SETU26;;Market Price;2026-09-04T14:20:40.741715976Z;-5;Quote;6.7;2143;6.8;51
SETU26;;Market Price;2026-09-04T14:20:40.882103461Z;-5;Quote;6.7;1743;6.8;51
SETU26;;Market Price;2026-09-04T14:20:43.271861320Z;-5;Quote;6.7;1743;6.8;48
SETU26;;Market Price;2026-09-04T14:20:43.521782009Z;-5;Quote;6.7;1743;6.8;45
SETU26;;Market Price;2026-09-04T14:20:44.277221759Z;-5;Quote;6.7;1743;6.8;42
SETU26;;Market Price;2026-09-04T14:20:48.466144012Z;-5;Quote;6.7;1744;6.8;42
SETU26;;Market Price;2026-09-04T14:20:50.151701839Z;-5;Quote;6.75;400;6.8;42
SETU26;;Market Price;2026-09-04T14:20:50.151701839Z;-5;Quote;6.75;401;6.8;42
SETU26;;Market Price;2026-09-04T14:20:50.156684317Z;-5;Quote;6.75;401;6.8;50
SETU26;;Market Price;2026-09-04T14:20:50.156684317Z;-5;Quote;6.75;381;6.8;50
SETU26;;Market Price;2026-09-04T14:20:50.661407873Z;-5;Quote;6.75;401;6.8;50
SETU26;;Market Price;2026-09-04T14:20:56.652225513Z;-5;Quote;6.75;401;6.8;49
SETU26;;Market Price;2026-09-04T14:20:56.657195657Z;-5;Quote;6.75;401;6.8;48
SETU26;;Market Price;2026-09-04T14:20:58.191447702Z;-5;Quote;6.75;1;6.8;48
SETU26;;Market Price;2026-09-04T14:20:58.191447702Z;-5;Quote;6.7;2944;6.8;48
SETU26;;Market Price;2026-09-04T14:20:58.206380675Z;-5;Quote;6.7;2544;6.8;48
SETU26;;Market Price;2026-09-04T14:20:58.227297780Z;-5;Quote;6.7;2144;6.8;48
SETU26;;Market Price;2026-09-04T14:20:58.881343537Z;-5;Quote;6.7;1744;6.8;48
SETU26;;Market Price;2026-09-04T14:21:04.656683156Z;-5;Quote;6.7;1344;6.8;48
SETU26;;Market Price;2026-09-04T14:21:05.936892033Z;-5;Quote;6.7;1344;6.8;73
SETU26;;Market Price;2026-09-04T14:21:05.941890035Z;-5;Quote;6.7;1344;6.8;98
SETU26;;Market Price;2026-09-04T14:21:19.916693061Z;-5;Quote;6.7;1344;6.8;118
SETU26;;Market Price;2026-09-04T14:21:23.941410358Z;-5;Quote;6.7;1344;6.8;79
SETU26;;Market Price;2026-09-04T14:21:23.956271896Z;-5;Quote;6.7;1344;6.8;77
SETU26;;Market Price;2026-09-04T14:21:23.962331266Z;-5;Quote;6.7;1344;6.8;76
SETU26;;Market Price;2026-09-04T14:21:23.962331266Z;-5;Quote;6.7;1344;6.8;73
SETU26;;Market Price;2026-09-04T14:21:23.962331266Z;-5;Quote;6.7;1344;6.8;70
SETU26;;Market Price;2026-09-04T14:21:24.024940755Z;-5;Quote;6.7;1344;6.8;115
SETU26;;Market Price;2026-09-04T14:21:24.396446852Z;-5;Quote;6.7;1344;6.8;128
SETU26;;Market Price;2026-09-04T14:21:24.941993742Z;-5;Quote;6.7;1344;6.8;126
SETU26;;Market Price;2026-09-04T14:21:27.696920276Z;-5;Quote;6.7;1344;6.8;113
SETU26;;Market Price;2026-09-04T14:21:27.746701891Z;-5;Quote;6.7;1344;6.8;126
SETU26;;Market Price;2026-09-04T14:21:45.387326017Z;-5;Quote;6.7;1344;6.75;25
SETU26;;Market Price;2026-09-04T14:21:45.407230542Z;-5;Quote;6.7;944;6.75;25
SETU26;;Market Price;2026-09-04T14:21:57.261508862Z;-5;Quote;6.7;944;6.8;926
SETU26;;Market Price;2026-09-04T14:21:57.261508862Z;-5;Quote;6.7;944;6.8;526
SETU26;;Market Price;2026-09-04T14:21:57.276460768Z;-5;Quote;6.7;944;6.8;126
SETU26;;Market Price;2026-09-04T14:21:57.276460768Z;-5;Quote;6.7;1344;6.8;126
SETU26;;Market Price;2026-09-04T14:23:15.166365709Z;-5;Quote;6.75;55;6.8;126
SETU26;;Market Price;2026-09-04T14:23:15.166365709Z;-5;Quote;6.75;56;6.8;126
SETU26;;Market Price;2026-09-04T14:23:16.931708862Z;-5;Quote;6.75;49;6.8;126
SETU26;;Market Price;2026-09-04T14:23:20.026449826Z;-5;Quote;6.75;42;6.8;126
SETU26;;Market Price;2026-09-04T14:23:29.701687568Z;-5;Quote;6.75;42;6.8;113
SETU26;;Market Price;2026-09-04T14:23:31.086294427Z;-5;Quote;6.75;38;6.8;113
SETU26;;Market Price;2026-09-04T14:23:40.012413395Z;-5;Quote;6.75;26;6.8;113
SETU26;;Market Price;2026-09-04T14:23:50.032308445Z;-5;Quote;6.75;6;6.8;113
SETU26;;Market Price;2026-09-04T14:24:00.157171678Z;-5;Quote;6.75;55;6.8;113
SETU26;;Market Price;2026-09-04T14:24:00.181542306Z;-5;Quote;6.75;56;6.8;113
SETU26;;Market Price;2026-09-04T14:24:07.656992055Z;-5;Quote;6.75;56;6.8;150
SETU26;;Market Price;2026-09-04T14:24:10.026932923Z;-5;Quote;6.75;36;6.8;150
SETU26;;Market Price;2026-09-04T14:24:20.091359297Z;-5;Quote;6.75;16;6.8;150
SETU26;;Market Price;2026-09-04T14:24:30.011664334Z;-5;Quote;6.75;55;6.8;150
SETU26;;Market Price;2026-09-04T14:24:32.607164121Z;-5;Quote;6.75;105;6.8;150
SETU26;;Market Price;2026-09-04T14:24:32.607164121Z;-5;Quote;6.75;105;6.8;156
SETU26;;Market Price;2026-09-04T14:24:40.161853274Z;-5;Quote;6.75;85;6.8;156
SETU26;;Market Price;2026-09-04T14:24:50.007154674Z;-5;Quote;6.75;65;6.8;156
SETU26;;Market Price;2026-09-04T14:25:00.066584093Z;-5;Quote;6.75;100;6.8;156
SETU26;;Market Price;2026-09-04T14:25:10.076243310Z;-5;Quote;6.75;80;6.8;156
SETU26;;Market Price;2026-09-04T14:25:11.576948262Z;-5;Quote;6.75;105;6.8;156
SETU26;;Market Price;2026-09-04T14:25:20.031878328Z;-5;Quote;6.75;85;6.8;156
SETU26;;Market Price;2026-09-04T14:25:30.037095228Z;-5;Quote;6.75;65;6.8;156
SETU26;;Market Price;2026-09-04T14:25:39.472193403Z;-5;Quote;6.75;66;6.8;156
SETU26;;Market Price;2026-09-04T14:25:40.036273712Z;-5;Quote;6.75;46;6.8;156
SETU26;;Market Price;2026-09-04T14:25:43.126382158Z;-5;Quote;6.75;304;6.8;156
SETU26;;Market Price;2026-09-04T14:25:43.126382158Z;-5;Quote;6.75;304;6.8;161
SETU26;;Market Price;2026-09-04T14:26:55.351764044Z;-5;Quote;6.75;304;6.8;127
SETU26;;Market Price;2026-09-04T14:27:12.171708104Z;-5;Quote;6.75;299;6.8;127
SETU26;;Market Price;2026-09-04T14:27:13.946258066Z;-5;Quote;6.75;338;6.8;127
SETU26;;Market Price;2026-09-04T14:27:19.497275149Z;-5;Quote;6.75;336;6.8;127
SETU26;;Market Price;2026-09-04T14:27:20.101629231Z;-5;Quote;6.75;332;6.8;127
SETU26;;Market Price;2026-09-04T14:27:25.782231267Z;-5;Quote;6.75;332;6.8;132
SETU26;;Market Price;2026-09-04T14:27:30.036966899Z;-5;Quote;6.75;312;6.8;132
SETU26;;Market Price;2026-09-04T14:27:39.731888348Z;-5;Quote;6.75;271;6.8;132
SETU26;;Market Price;2026-09-04T14:27:40.061423029Z;-5;Quote;6.75;251;6.8;132
SETU26;;Market Price;2026-09-04T14:27:50.112444133Z;-5;Quote;6.75;231;6.8;132
SETU26;;Market Price;2026-09-04T14:27:57.471776462Z;-5;Quote;6.75;232;6.8;132
SETU26;;Market Price;2026-09-04T14:28:00.051433620Z;-5;Quote;6.75;212;6.8;132
SETU26;;Market Price;2026-09-04T14:28:09.692190994Z;-5;Quote;6.75;212;6.8;127
SETU26;;Market Price;2026-09-04T14:28:09.697258762Z;-5;Quote;6.75;212;6.8;121
SETU26;;Market Price;2026-09-04T14:28:09.747043093Z;-5;Quote;6.75;212;6.8;129
SETU26;;Market Price;2026-09-04T14:28:10.021750212Z;-5;Quote;6.75;192;6.8;129
SETU26;;Market Price;2026-09-04T14:28:20.111945174Z;-5;Quote;6.75;172;6.8;129
SETU26;;Market Price;2026-09-04T14:28:30.071821638Z;-5;Quote;6.75;152;6.8;129
SETU26;;Market Price;2026-09-04T14:28:40.011995121Z;-5;Quote;6.75;132;6.8;129
SETU26;;Market Price;2026-09-04T14:28:50.011249406Z;-5;Quote;6.75;112;6.8;129
SETU26;;Market Price;2026-09-04T14:29:00.066433609Z;-5;Quote;6.75;92;6.8;129
SETU26;;Market Price;2026-09-04T14:29:00.256476343Z;-5;Quote;6.75;92;6.8;84
SETU26;;Market Price;2026-09-04T14:29:01.191898675Z;-5;Quote;6.75;92;6.8;129
SETU26;;Market Price;2026-09-04T14:29:01.551714247Z;-5;Quote;6.75;92;6.8;84
SETU26;;Market Price;2026-09-04T14:29:02.031613252Z;-5;Quote;6.75;92;6.8;129
SETU26;;Market Price;2026-09-04T14:29:02.766949055Z;-5;Quote;6.75;92;6.8;84
SETU26;;Market Price;2026-09-04T14:29:33.206740827Z;-5;Quote;6.75;92;6.8;129
SETU26;;Market Price;2026-09-04T14:29:37.461425455Z;-5;Quote;6.75;91;6.8;129
SETU26;;Market Price;2026-09-04T14:29:37.486250439Z;-5;Quote;6.75;91;6.8;128
SETU26;;Market Price;2026-09-04T14:29:40.277151025Z;-5;Quote;6.75;91;6.8;83
SETU26;;Market Price;2026-09-04T14:29:41.196318011Z;-5;Quote;6.75;91;6.8;128
SETU26;;Market Price;2026-09-04T14:29:42.477014137Z;-5;Quote;6.75;91;6.8;173
SETU26;;Market Price;2026-09-04T14:29:42.591530526Z;-5;Quote;6.75;91;6.8;128
SETU26;;Market Price;2026-09-04T14:29:42.927043116Z;-5;Quote;6.75;91;6.8;173
SETU26;;Market Price;2026-09-04T14:29:44.146962881Z;-5;Quote;6.75;91;6.8;128
SETU26;;Market Price;2026-09-04T14:29:45.836431874Z;-5;Quote;6.75;91;6.8;173
SETU26;;Market Price;2026-09-04T14:29:50.476404874Z;-5;Quote;6.75;91;6.8;128
SETU26;;Market Price;2026-09-04T14:29:50.621852578Z;-5;Quote;6.75;91;6.8;173
SETU26;;Market Price;2026-09-04T14:30:00.101460545Z;-5;Quote;6.75;92;6.8;173
SETU26;;Market Price;2026-09-04T14:30:14.216339344Z;-5;Quote;6.75;90;6.8;173
SETU26;;Market Price;2026-09-04T14:30:20.011819201Z;-5;Quote;6.75;86;6.8;173
SETU26;;Market Price;2026-09-04T14:30:24.441764510Z;-5;Quote;6.75;87;6.8;173
SETU26;;Market Price;2026-09-04T14:30:30.101157215Z;-5;Quote;6.75;72;6.8;173
SETU26;;Market Price;2026-09-04T14:30:40.057136091Z;-5;Quote;6.75;152;6.8;173
SETU26;;Market Price;2026-09-04T14:30:46.721758044Z;-5;Quote;6.75;152;6.8;172
SETU26;;Market Price;2026-09-04T14:30:46.721758044Z;-5;Quote;6.75;152;6.8;171
SETU26;;Market Price;2026-09-04T14:30:50.041773763Z;-5;Quote;6.75;132;6.8;171
SETU26;;Market Price;2026-09-04T14:30:51.941933151Z;-5;Quote;6.75;132;6.8;126
SETU26;;Market Price;2026-09-04T14:30:54.981779581Z;-5;Quote;6.75;132;6.8;171
SETU26;;Market Price;2026-09-04T14:30:57.446279450Z;-5;Quote;6.75;132;6.8;126
SETU26;;Market Price;2026-09-04T14:31:00.536405553Z;-5;Quote;6.75;132;6.8;125
SETU26;;Market Price;2026-09-04T14:31:00.536405553Z;-5;Quote;6.75;132;6.8;123
SETU26;;Market Price;2026-09-04T14:31:00.541382810Z;-5;Quote;6.75;132;6.8;120
SETU26;;Market Price;2026-09-04T14:31:00.827136910Z;-5;Quote;6.75;132;6.8;165
SETU26;;Market Price;2026-09-04T14:31:00.827136910Z;-5;Quote;6.75;112;6.8;165
SETU26;;Market Price;2026-09-04T14:31:01.121859563Z;-5;Quote;6.75;112;6.8;120
SETU26;;Market Price;2026-09-04T14:31:01.522107754Z;-5;Quote;6.75;112;6.8;119
SETU26;;Market Price;2026-09-04T14:31:01.527172715Z;-5;Quote;6.75;112;6.8;118
SETU26;;Market Price;2026-09-04T14:31:35.796881624Z;-5;Quote;6.75;114;6.8;118
SETU26;;Market Price;2026-09-04T14:31:42.496918995Z;-5;Quote;6.75;114;6.8;117
SETU26;;Market Price;2026-09-04T14:31:42.496918995Z;-5;Quote;6.75;113;6.8;117
SETU26;;Market Price;2026-09-04T14:31:42.501993552Z;-5;Quote;6.75;114;6.8;117
SETU26;;Market Price;2026-09-04T14:31:55.361314881Z;-5;Quote;6.75;243;6.8;117
SETU26;;Market Price;2026-09-04T14:33:13.286626825Z;-5;Quote;6.75;268;6.8;117
SETU26;;Market Price;2026-09-04T14:33:18.877183599Z;-5;Quote;6.75;268;6.8;122
SETU26;;Market Price;2026-09-04T14:33:22.376434037Z;-5;Quote;6.75;268;6.8;167
SETU26;;Market Price;2026-09-04T14:33:32.226343118Z;-5;Quote;6.75;268;6.8;166
SETU26;;Market Price;2026-09-04T14:33:32.226343118Z;-5;Quote;6.75;267;6.8;166
SETU26;;Market Price;2026-09-04T14:33:32.231405044Z;-5;Quote;6.75;268;6.8;166
SETU26;;Market Price;2026-09-04T14:33:35.216417021Z;-5;Quote;6.75;268;6.8;165
SETU26;;Market Price;2026-09-04T14:33:45.667055929Z;-5;Quote;6.75;268;6.8;120
SETU26;;Market Price;2026-09-04T14:33:48.302171461Z;-5;Quote;6.75;268;6.8;165
SETU26;;Market Price;2026-09-04T14:34:08.326230423Z;-5;Quote;6.75;268;6.85;365
SETU26;;Market Price;2026-09-04T14:34:08.342169676Z;-5;Quote;6.75;268;6.9;5759
SETU26;;Market Price;2026-09-04T14:34:08.342169676Z;-5;Quote;6.75;268;6.9;5729
SETU26;;Market Price;2026-09-04T14:34:08.342169676Z;-5;Quote;6.75;268;6.9;5329
SETU26;;Market Price;2026-09-04T14:34:08.342169676Z;-5;Quote;6.75;668;6.9;5329
SETU26;;Market Price;2026-09-04T14:34:08.342169676Z;-5;Quote;6.75;1068;6.9;5329
SETU26;;Market Price;2026-09-04T14:34:08.342169676Z;-5;Quote;6.75;1068;6.9;4929
SETU26;;Market Price;2026-09-04T14:34:08.356134319Z;-5;Quote;6.75;1068;6.9;4529
SETU26;;Market Price;2026-09-04T14:34:08.362081372Z;-5;Quote;6.75;1068;6.9;4429
SETU26;;Market Price;2026-09-04T14:34:08.362081372Z;-5;Quote;6.75;1068;6.9;1929
SETU26;;Market Price;2026-09-04T14:34:08.377109270Z;-5;Quote;6.75;1068;6.9;1529
SETU26;;Market Price;2026-09-04T14:34:08.397011363Z;-5;Quote;6.75;1068;6.9;1929
SETU26;;Market Price;2026-09-04T14:34:08.416935454Z;-5;Quote;6.75;1068;6.9;1529
SETU26;;Market Price;2026-09-04T14:34:08.441863296Z;-5;Quote;6.75;1068;6.9;1929
SETU26;;Market Price;2026-09-04T14:34:08.466697441Z;-5;Quote;6.75;1068;6.9;1942
SETU26;;Market Price;2026-09-04T14:34:08.701673855Z;-5;Quote;6.75;1068;6.9;1955
SETU26;;Market Price;2026-09-04T14:34:09.356788089Z;-5;Quote;6.75;1068;6.9;2355
SETU26;;Market Price;2026-09-04T14:34:17.426293815Z;-5;Quote;6.75;1068;6.9;2755
SETU26;;Market Price;2026-09-04T14:34:30.196559780Z;-5;Quote;6.75;1068;6.8;46
SETU26;;Market Price;2026-09-04T14:34:30.196559780Z;-5;Quote;6.75;668;6.8;46
SETU26;;Market Price;2026-09-04T14:34:30.196559780Z;-5;Quote;6.75;668;6.8;68
SETU26;;Market Price;2026-09-04T14:34:30.201622213Z;-5;Quote;6.75;668;6.8;81
SETU26;;Market Price;2026-09-04T14:34:30.216464889Z;-5;Quote;6.75;268;6.8;81
SETU26;;Market Price;2026-09-04T14:34:31.892025614Z;-5;Quote;6.75;268;6.8;59
SETU26;;Market Price;2026-09-04T14:34:31.941907471Z;-5;Quote;6.75;268;6.8;70
SETU26;;Market Price;2026-09-04T14:35:14.276523702Z;-5;Quote;6.75;268;6.8;69
SETU26;;Market Price;2026-09-04T14:35:14.276523702Z;-5;Quote;6.75;267;6.8;69
SETU26;;Market Price;2026-09-04T14:35:14.281409177Z;-5;Quote;6.75;268;6.8;69
SETU26;;Market Price;2026-09-04T14:35:15.781895738Z;-5;Quote;6.8;1;6.85;800
SETU26;;Market Price;2026-09-04T14:35:15.781895738Z;-5;Quote;6.8;2;6.85;800
SETU26;;Market Price;2026-09-04T14:35:15.781895738Z;-5;Quote;6.75;267;6.85;800
SETU26;;Market Price;2026-09-04T14:35:15.791865674Z;-5;Quote;6.75;267;6.85;400
SETU26;;Market Price;2026-09-04T14:35:15.796742016Z;-5;Quote;6.75;267;6.9;3559
SETU26;;Market Price;2026-09-04T14:35:15.796742016Z;-5;Quote;6.75;267;6.9;3529
SETU26;;Market Price;2026-09-04T14:35:15.796742016Z;-5;Quote;6.75;667;6.9;3529
SETU26;;Market Price;2026-09-04T14:35:15.796742016Z;-5;Quote;6.75;667;6.9;3129
SETU26;;Market Price;2026-09-04T14:35:15.801811341Z;-5;Quote;6.75;668;6.9;3129
SETU26;;Market Price;2026-09-04T14:35:15.831677541Z;-5;Quote;6.75;668;6.9;2729
SETU26;;Market Price;2026-09-04T14:35:15.831677541Z;-5;Quote;6.75;668;6.9;2329
SETU26;;Market Price;2026-09-04T14:35:15.831677541Z;-5;Quote;6.75;1068;6.9;2329
SETU26;;Market Price;2026-09-04T14:35:15.846658539Z;-5;Quote;6.75;1068;6.9;1929
SETU26;;Market Price;2026-09-04T14:35:15.846658539Z;-5;Quote;6.75;1061;6.9;1929
SETU26;;Market Price;2026-09-04T14:35:15.861481750Z;-5;Quote;6.75;1061;6.9;2329
SETU26;;Market Price;2026-09-04T14:35:15.861481750Z;-5;Quote;6.75;661;6.9;2329
SETU26;;Market Price;2026-09-04T14:35:15.861481750Z;-5;Quote;6.75;661;6.9;2729
SETU26;;Market Price;2026-09-04T14:35:16.831257380Z;-5;Quote;6.75;661;6.9;3129
SETU26;;Market Price;2026-09-04T14:35:22.351957679Z;-5;Quote;6.75;661;6.9;3131
SETU26;;Market Price;2026-09-04T14:35:34.156097239Z;-5;Quote;6.75;661;6.9;3139
SETU26;;Market Price;2026-09-04T14:35:42.571586984Z;-5;Quote;6.75;661;6.85;20
SETU26;;Market Price;2026-09-04T14:35:42.576662796Z;-5;Quote;6.75;661;6.85;43
SETU26;;Market Price;2026-09-04T14:35:42.576662796Z;-5;Quote;6.75;661;6.85;45
SETU26;;Market Price;2026-09-04T14:35:42.586620720Z;-5;Quote;6.75;661;6.85;53
SETU26;;Market Price;2026-09-04T14:35:49.671545752Z;-5;Quote;6.75;661;6.85;78
SETU26;;Market Price;2026-09-04T14:35:49.671545752Z;-5;Quote;6.75;661;6.85;88
SETU26;;Market Price;2026-09-04T14:35:58.791353273Z;-5;Quote;6.75;661;6.85;68
SETU26;;Market Price;2026-09-04T14:36:01.797171290Z;-5;Quote;6.8;100;6.85;68
SETU26;;Market Price;2026-09-04T14:36:01.797171290Z;-5;Quote;6.8;101;6.85;68
SETU26;;Market Price;2026-09-04T14:36:14.061606609Z;-5;Quote;6.8;103;6.85;68
SETU26;;Market Price;2026-09-04T14:36:34.196900125Z;-5;Quote;6.8;102;6.85;68
SETU26;;Market Price;2026-09-04T14:36:34.617067126Z;-5;Quote;6.8;102;6.85;113
SETU26;;Market Price;2026-09-04T14:36:34.627011735Z;-5;Quote;6.8;82;6.85;113
SETU26;;Market Price;2026-09-04T14:36:34.836792031Z;-5;Quote;6.8;82;6.85;68
SETU26;;Market Price;2026-09-04T14:36:42.511916480Z;-5;Quote;6.8;107;6.85;68
SETU26;;Market Price;2026-09-04T14:37:03.881579593Z;-5;Quote;6.8;109;6.85;68
SETU26;;Market Price;2026-09-04T14:37:18.206532337Z;-5;Quote;6.8;108;6.85;68
SETU26;;Market Price;2026-09-04T14:37:19.206767145Z;-5;Quote;6.8;105;6.85;68
SETU26;;Market Price;2026-09-04T14:37:59.707042570Z;-5;Quote;6.8;104;6.85;68
SETU26;;Market Price;2026-09-04T14:38:11.531867959Z;-5;Quote;6.8;101;6.85;68
SETU26;;Market Price;2026-09-04T14:38:24.451255460Z;-5;Quote;6.8;100;6.85;68
SETU26;;Market Price;2026-09-04T14:38:40.496661714Z;-5;Quote;6.8;98;6.85;68
SETU26;;Market Price;2026-09-04T14:38:40.772370846Z;-5;Quote;6.8;227;6.85;68
SETU26;;Market Price;2026-09-04T14:38:43.547272012Z;-5;Quote;6.8;207;6.85;68
SETU26;;Market Price;2026-09-04T14:38:54.056946654Z;-5;Quote;6.8;187;6.85;68
SETU26;;Market Price;2026-09-04T14:38:54.056946654Z;-5;Quote;6.8;185;6.85;68
SETU26;;Market Price;2026-09-04T14:38:57.531360802Z;-5;Quote;6.8;184;6.85;68
SETU26;;Market Price;2026-09-04T14:38:58.521675293Z;-5;Quote;6.8;84;6.85;68
SETU26;;Market Price;2026-09-04T14:38:58.536689949Z;-5;Quote;6.8;86;6.85;68
SETU26;;Market Price;2026-09-04T14:38:59.331311873Z;-5;Quote;6.8;88;6.85;68
SETU26;;Market Price;2026-09-04T14:39:02.116151256Z;-5;Quote;6.8;88;6.85;168
SETU26;;Market Price;2026-09-04T14:39:03.736431599Z;-5;Quote;6.8;68;6.85;168
SETU26;;Market Price;2026-09-04T14:39:03.901516495Z;-5;Quote;6.8;67;6.85;168
SETU26;;Market Price;2026-09-04T14:39:06.306199242Z;-5;Quote;6.8;67;6.85;268
SETU26;;Market Price;2026-09-04T14:39:10.631491431Z;-5;Quote;6.8;47;6.85;268
SETU26;;Market Price;2026-09-04T14:39:10.631491431Z;-5;Quote;6.8;45;6.85;268
SETU26;;Market Price;2026-09-04T14:39:12.686774550Z;-5;Quote;6.8;25;6.85;268
SETU26;;Market Price;2026-09-04T14:39:14.886614669Z;-5;Quote;6.8;5;6.85;268
SETU26;;Market Price;2026-09-04T14:39:14.886614669Z;-5;Quote;6.8;2;6.85;268
SETU26;;Market Price;2026-09-04T14:39:15.306770219Z;-5;Quote;6.75;633;6.85;268
SETU26;;Market Price;2026-09-04T14:39:15.306770219Z;-5;Quote;6.75;633;6.85;279
SETU26;;Market Price;2026-09-04T14:39:15.351656157Z;-5;Quote;6.8;2;6.85;279
SETU26;;Market Price;2026-09-04T14:39:15.736959125Z;-5;Quote;6.75;633;6.85;279
SETU26;;Market Price;2026-09-04T14:39:16.356990011Z;-5;Quote;6.8;2;6.85;279
SETU26;;Market Price;2026-09-04T14:39:16.356990011Z;-5;Quote;6.75;633;6.85;279
SETU26;;Market Price;2026-09-04T14:39:17.356505589Z;-5;Quote;6.8;2;6.85;279
SETU26;;Market Price;2026-09-04T14:39:17.356505589Z;-5;Quote;6.75;633;6.85;279
SETU26;;Market Price;2026-09-04T14:39:18.362096853Z;-5;Quote;6.8;2;6.85;279
SETU26;;Market Price;2026-09-04T14:39:18.362096853Z;-5;Quote;6.75;633;6.85;279
SETU26;;Market Price;2026-09-04T14:39:19.361804258Z;-5;Quote;6.75;635;6.85;279
SETU26;;Market Price;2026-09-04T14:39:20.897044925Z;-5;Quote;6.75;633;6.85;279
SETU26;;Market Price;2026-09-04T14:39:22.366510587Z;-5;Quote;6.8;2;6.85;279
SETU26;;Market Price;2026-09-04T14:39:22.366510587Z;-5;Quote;6.75;631;6.85;279
SETU26;;Market Price;2026-09-04T14:39:22.841272474Z;-5;Quote;6.75;586;6.85;279
SETU26;;Market Price;2026-09-04T14:39:26.731405586Z;-5;Quote;6.75;586;6.8;20
SETU26;;Market Price;2026-09-04T14:39:26.736315350Z;-5;Quote;6.75;586;6.8;50
SETU26;;Market Price;2026-09-04T14:39:26.736315350Z;-5;Quote;6.75;586;6.8;52
SETU26;;Market Price;2026-09-04T14:39:26.736315350Z;-5;Quote;6.75;586;6.8;60
SETU26;;Market Price;2026-09-04T14:39:26.751319213Z;-5;Quote;6.75;186;6.8;60
SETU26;;Market Price;2026-09-04T14:39:28.316765759Z;-5;Quote;6.75;286;6.8;60
SETU26;;Market Price;2026-09-04T14:39:34.081697436Z;-5;Quote;6.75;286;6.8;117
SETU26;;Market Price;2026-09-04T14:39:37.441844276Z;-5;Quote;6.75;286;6.8;116
SETU26;;Market Price;2026-09-04T14:39:37.461769489Z;-5;Quote;6.75;286;6.8;115
SETU26;;Market Price;2026-09-04T14:39:37.486566923Z;-5;Quote;6.75;286;6.8;114
SETU26;;Market Price;2026-09-04T14:39:37.506483962Z;-5;Quote;6.75;286;6.8;113
SETU26;;Market Price;2026-09-04T14:39:37.526394423Z;-5;Quote;6.75;286;6.8;112
SETU26;;Market Price;2026-09-04T14:39:37.781331287Z;-5;Quote;6.75;286;6.8;97
SETU26;;Market Price;2026-09-04T14:39:43.521426420Z;-5;Quote;6.75;286;6.8;107
SETU26;;Market Price;2026-09-04T14:39:50.406724937Z;-5;Quote;6.75;288;6.8;107
SETU26;;Market Price;2026-09-04T14:39:53.411777764Z;-5;Quote;6.75;286;6.8;105
SETU26;;Market Price;2026-09-04T14:39:53.572079609Z;-5;Quote;6.75;286;6.8;107
SETU26;;Market Price;2026-09-04T14:40:01.576349283Z;-5;Quote;6.75;236;6.8;97
SETU26;;Market Price;2026-09-04T14:40:21.456760958Z;-5;Quote;6.75;238;6.8;97
SETU26;;Market Price;2026-09-04T14:40:24.461932298Z;-5;Quote;6.75;236;6.8;95
SETU26;;Market Price;2026-09-04T14:40:24.642243464Z;-5;Quote;6.75;236;6.8;97
SETU26;;Market Price;2026-09-04T14:40:33.422087288Z;-5;Quote;6.75;237;6.8;97
SETU26;;Market Price;2026-09-04T14:40:51.496171159Z;-5;Quote;6.75;240;6.8;97
SETU26;;Market Price;2026-09-04T14:40:55.506889367Z;-5;Quote;6.75;237;6.8;94
SETU26;;Market Price;2026-09-04T14:40:55.691972384Z;-5;Quote;6.75;237;6.8;97
SETU26;;Market Price;2026-09-04T14:41:12.441974352Z;-5;Quote;6.75;236;6.8;97
SETU26;;Market Price;2026-09-04T14:41:18.631787882Z;-5;Quote;6.75;235;6.8;97
SETU26;;Market Price;2026-09-04T14:41:22.547101763Z;-5;Quote;6.75;237;6.8;97
SETU26;;Market Price;2026-09-04T14:41:25.551966494Z;-5;Quote;6.75;235;6.8;95
SETU26;;Market Price;2026-09-04T14:41:25.931306180Z;-5;Quote;6.75;235;6.8;97
SETU26;;Market Price;2026-09-04T14:41:26.531948523Z;-5;Quote;6.75;215;6.8;97
SETU26;;Market Price;2026-09-04T14:41:26.536878609Z;-5;Quote;6.75;214;6.8;97
SETU26;;Market Price;2026-09-04T14:41:28.646982651Z;-5;Quote;6.75;194;6.8;97
SETU26;;Market Price;2026-09-04T14:41:37.622059001Z;-5;Quote;6.75;172;6.8;97
SETU26;;Market Price;2026-09-04T14:41:53.586451249Z;-5;Quote;6.75;174;6.8;97
SETU26;;Market Price;2026-09-04T14:41:56.596509298Z;-5;Quote;6.75;172;6.8;95
SETU26;;Market Price;2026-09-04T14:41:56.706979079Z;-5;Quote;6.75;172;6.8;97
SETU26;;Market Price;2026-09-04T14:42:12.446559107Z;-5;Quote;6.75;171;6.8;97
SETU26;;Market Price;2026-09-04T14:42:15.632286329Z;-5;Quote;6.75;159;6.8;97
SETU26;;Market Price;2026-09-04T14:42:24.631563711Z;-5;Quote;6.75;161;6.8;97
SETU26;;Market Price;2026-09-04T14:42:25.281820018Z;-5;Quote;6.75;160;6.8;97
SETU26;;Market Price;2026-09-04T14:42:25.701976832Z;-5;Quote;6.75;149;6.8;97
SETU26;;Market Price;2026-09-04T14:42:26.031520607Z;-5;Quote;6.75;149;6.8;142
SETU26;;Market Price;2026-09-04T14:42:26.031520607Z;-5;Quote;6.75;129;6.8;142
SETU26;;Market Price;2026-09-04T14:42:26.087191505Z;-5;Quote;6.75;129;6.8;97
SETU26;;Market Price;2026-09-04T14:42:27.636488572Z;-5;Quote;6.75;127;6.8;95
SETU26;;Market Price;2026-09-04T14:42:27.917141664Z;-5;Quote;6.75;127;6.8;97
SETU26;;Market Price;2026-09-04T14:42:29.596987171Z;-5;Quote;6.75;127;6.8;142
SETU26;;Market Price;2026-09-04T14:42:31.407101557Z;-5;Quote;6.75;127;6.8;97
SETU26;;Market Price;2026-09-04T14:42:33.372192826Z;-5;Quote;6.75;127;6.8;142
SETU26;;Market Price;2026-09-04T14:42:36.031549542Z;-5;Quote;6.75;107;6.8;142
SETU26;;Market Price;2026-09-04T14:42:36.231665758Z;-5;Quote;6.75;107;6.8;97
SETU26;;Market Price;2026-09-04T14:42:40.442086313Z;-5;Quote;6.75;96;6.8;97
SETU26;;Market Price;2026-09-04T14:42:41.491406240Z;-5;Quote;6.75;76;6.8;97
SETU26;;Market Price;2026-09-04T14:42:41.491406240Z;-5;Quote;6.75;76;6.8;142
SETU26;;Market Price;2026-09-04T14:42:41.541456895Z;-5;Quote;6.75;76;6.8;97
SETU26;;Market Price;2026-09-04T14:42:54.536187369Z;-5;Quote;6.75;1;6.8;97
SETU26;;Market Price;2026-09-04T14:42:54.557204934Z;-5;Quote;6.75;2;6.8;97
SETU26;;Market Price;2026-09-04T14:42:55.511565012Z;-5;Quote;6.75;32;6.8;97
SETU26;;Market Price;2026-09-04T14:42:55.511565012Z;-5;Quote;6.75;7;6.8;97
SETU26;;Market Price;2026-09-04T14:42:55.511565012Z;-5;Quote;6.75;37;6.8;97
SETU26;;Market Price;2026-09-04T14:42:55.676984365Z;-5;Quote;6.75;39;6.8;97
SETU26;;Market Price;2026-09-04T14:42:58.681643876Z;-5;Quote;6.75;37;6.8;95
SETU26;;Market Price;2026-09-04T14:42:58.931375662Z;-5;Quote;6.7;982;6.8;95
SETU26;;Market Price;2026-09-04T14:42:59.131621776Z;-5;Quote;6.7;982;6.8;97
SETU26;;Market Price;2026-09-04T14:42:59.717067653Z;-5;Quote;6.7;582;6.8;97
SETU26;;Market Price;2026-09-04T14:43:01.881437506Z;-5;Quote;6.7;582;6.8;106
SETU26;;Market Price;2026-09-04T14:43:03.472284169Z;-5;Quote;6.7;482;6.8;106
SETU26;;Market Price;2026-09-04T14:43:15.331985020Z;-5;Quote;6.75;30;6.8;106
SETU26;;Market Price;2026-09-04T14:43:24.081869316Z;-5;Quote;6.75;30;6.8;131
SETU26;;Market Price;2026-09-04T14:43:24.081869316Z;-5;Quote;6.75;30;6.8;156
SETU26;;Market Price;2026-09-04T14:43:24.081869316Z;-5;Quote;6.75;30;6.8;181
SETU26;;Market Price;2026-09-04T14:43:25.461665692Z;-5;Quote;6.75;28;6.8;181
SETU26;;Market Price;2026-09-04T14:43:25.716651735Z;-5;Quote;6.75;30;6.8;181
SETU26;;Market Price;2026-09-04T14:43:28.722254544Z;-5;Quote;6.75;28;6.8;179
SETU26;;Market Price;2026-09-04T14:43:29.141759208Z;-5;Quote;6.75;28;6.8;181
SETU26;;Market Price;2026-09-04T14:43:38.221917283Z;-5;Quote;6.75;28;6.8;177
SETU26;;Market Price;2026-09-04T14:43:38.716692038Z;-5;Quote;6.75;28;6.8;181
SETU26;;Market Price;2026-09-04T14:43:45.286795440Z;-5;Quote;6.75;128;6.8;181
SETU26;;Market Price;2026-09-04T14:43:56.761362384Z;-5;Quote;6.75;130;6.8;181
SETU26;;Market Price;2026-09-04T14:43:59.766371091Z;-5;Quote;6.75;128;6.8;179
SETU26;;Market Price;2026-09-04T14:44:00.256755468Z;-5;Quote;6.75;128;6.8;181
SETU26;;Market Price;2026-09-04T14:44:19.712278354Z;-5;Quote;6.75;128;6.8;206
SETU26;;Market Price;2026-09-04T14:44:22.036718526Z;-5;Quote;6.75;103;6.8;181
SETU26;;Market Price;2026-09-04T14:44:22.041783040Z;-5;Quote;6.75;78;6.8;156
SETU26;;Market Price;2026-09-04T14:44:22.041783040Z;-5;Quote;6.75;53;6.8;131
SETU26;;Market Price;2026-09-04T14:44:22.041783040Z;-5;Quote;6.75;28;6.8;106
SETU26;;Market Price;2026-09-04T14:44:27.426927787Z;-5;Quote;6.75;29;6.8;106
SETU26;;Market Price;2026-09-04T14:44:27.806456204Z;-5;Quote;6.75;31;6.8;106
SETU26;;Market Price;2026-09-04T14:44:30.811597104Z;-5;Quote;6.75;29;6.8;104
SETU26;;Market Price;2026-09-04T14:44:31.077026676Z;-5;Quote;6.75;29;6.8;106
SETU26;;Market Price;2026-09-04T14:44:58.851292438Z;-5;Quote;6.75;29;6.8;104
SETU26;;Market Price;2026-09-04T14:44:59.271129724Z;-5;Quote;6.75;29;6.8;106
SETU26;;Market Price;2026-09-04T14:46:04.256709360Z;-5;Quote;6.75;30;6.8;106
SETU26;;Market Price;2026-09-04T14:47:39.731868898Z;-5;Quote;6.75;15;6.8;106
SETU26;;Market Price;2026-09-04T14:48:00.806634165Z;-5;Quote;6.75;14;6.8;106
SETU26;;Market Price;2026-09-04T14:48:01.807156334Z;-5;Quote;6.75;12;6.8;106
SETU26;;Market Price;2026-09-04T14:48:03.956796463Z;-5;Quote;6.75;12;6.8;131
SETU26;;Market Price;2026-09-04T14:48:04.082236158Z;-5;Quote;6.75;12;6.8;156
SETU26;;Market Price;2026-09-04T14:48:41.907126717Z;-5;Quote;6.75;12;6.8;136
SETU26;;Market Price;2026-09-04T14:48:41.907126717Z;-5;Quote;6.75;12;6.8;133
SETU26;;Market Price;2026-09-04T14:48:41.907126717Z;-5;Quote;6.75;12;6.8;131
SETU26;;Market Price;2026-09-04T14:48:41.907126717Z;-5;Quote;6.75;12;6.8;129
SETU26;;Market Price;2026-09-04T14:48:41.907126717Z;-5;Quote;6.75;12;6.8;126
SETU26;;Market Price;2026-09-04T14:48:44.897170578Z;-5;Quote;6.75;12;6.8;151
SETU26;;Market Price;2026-09-04T14:48:45.061326147Z;-5;Quote;6.75;12;6.8;176
SETU26;;Market Price;2026-09-04T14:49:27.616933651Z;-5;Quote;6.7;482;6.75;13
SETU26;;Market Price;2026-09-04T14:49:27.616933651Z;-5;Quote;6.7;482;6.75;19
SETU26;;Market Price;2026-09-04T14:49:27.616933651Z;-5;Quote;6.7;482;6.75;21
SETU26;;Market Price;2026-09-04T14:49:27.636845224Z;-5;Quote;6.7;82;6.75;21
SETU26;;Market Price;2026-09-04T14:49:27.641908097Z;-5;Quote;6.7;83;6.75;21
SETU26;;Market Price;2026-09-04T14:49:35.326646115Z;-5;Quote;6.7;83;6.75;46
SETU26;;Market Price;2026-09-04T14:49:35.492000753Z;-5;Quote;6.7;83;6.75;71
SETU26;;Market Price;2026-09-04T14:49:37.421778535Z;-5;Quote;6.7;82;6.75;71
SETU26;;Market Price;2026-09-04T14:49:37.441667556Z;-5;Quote;6.7;82;6.75;70
SETU26;;Market Price;2026-09-04T14:49:37.466480069Z;-5;Quote;6.7;82;6.75;69
SETU26;;Market Price;2026-09-04T14:49:52.402131241Z;-5;Quote;6.7;57;6.75;69
SETU26;;Market Price;2026-09-04T14:49:54.461781745Z;-5;Quote;6.7;32;6.75;69
SETU26;;Market Price;2026-09-04T14:49:56.211859901Z;-5;Quote;6.7;7;6.75;69
SETU26;;Market Price;2026-09-04T14:49:58.276772262Z;-5;Quote;6.65;1397;6.7;18
SETU26;;Market Price;2026-09-04T14:49:58.276772262Z;-5;Quote;6.65;1397;6.7;23
SETU26;;Market Price;2026-09-04T14:49:58.281831263Z;-5;Quote;6.65;1400;6.7;23
SETU26;;Market Price;2026-09-04T14:49:58.291781549Z;-5;Quote;6.65;1400;6.7;25
SETU26;;Market Price;2026-09-04T14:49:58.291781549Z;-5;Quote;6.65;1000;6.7;25
SETU26;;Market Price;2026-09-04T14:50:22.901676030Z;-5;Quote;6.65;984;6.7;25
SETU26;;Market Price;2026-09-04T14:50:24.421439892Z;-5;Quote;6.65;985;6.7;25
SETU26;;Market Price;2026-09-04T14:50:29.546725860Z;-5;Quote;6.65;983;6.7;25
SETU26;;Market Price;2026-09-04T14:50:32.591296565Z;-5;Quote;6.65;433;6.7;25
SETU26;;Market Price;2026-09-04T14:50:32.971588042Z;-5;Quote;6.65;398;6.7;25
SETU26;;Market Price;2026-09-04T14:50:33.232162431Z;-5;Quote;6.65;404;6.7;25
SETU26;;Market Price;2026-09-04T14:50:34.236463675Z;-5;Quote;6.65;4;6.7;25
SETU26;;Market Price;2026-09-04T14:50:36.291554863Z;-5;Quote;6.6;2175;6.65;46
SETU26;;Market Price;2026-09-04T14:50:36.291554863Z;-5;Quote;6.6;1775;6.65;46
SETU26;;Market Price;2026-09-04T14:50:36.291554863Z;-5;Quote;6.6;1775;6.65;59
SETU26;;Market Price;2026-09-04T14:50:36.291554863Z;-5;Quote;6.6;1775;6.65;61
SETU26;;Market Price;2026-09-04T14:50:36.306351948Z;-5;Quote;6.6;1375;6.65;61
SETU26;;Market Price;2026-09-04T14:50:36.327246648Z;-5;Quote;6.6;975;6.65;61
SETU26;;Market Price;2026-09-04T14:50:40.051861248Z;-5;Quote;6.6;425;6.65;61
SETU26;;Market Price;2026-09-04T14:50:53.411706201Z;-5;Quote;6.6;580;6.65;61
SETU26;;Market Price;2026-09-04T14:51:15.721728124Z;-5;Quote;6.6;180;6.65;61
SETU26;;Market Price;2026-09-04T14:52:00.426796092Z;-5;Quote;6.6;181;6.65;61
SETU26;;Market Price;2026-09-04T14:52:38.811730401Z;-5;Quote;6.6;281;6.65;61
SETU26;;Market Price;2026-09-04T14:52:48.561844514Z;-5;Quote;6.6;481;6.65;61
SETU26;;Market Price;2026-09-04T14:54:28.097076504Z;-5;Quote;6.6;479;6.65;59
SETU26;;Market Price;2026-09-04T14:54:28.097076504Z;-5;Quote;6.6;479;6.65;60
SETU26;;Market Price;2026-09-04T14:54:33.946768455Z;-5;Quote;6.6;479;6.65;58
SETU26;;Market Price;2026-09-04T14:54:43.706654607Z;-5;Quote;6.6;479;6.65;59
SETU26;;Market Price;2026-09-04T14:54:49.336214372Z;-5;Quote;6.6;479;6.65;47
SETU26;;Market Price;2026-09-04T14:54:55.116328101Z;-5;Quote;6.6;476;6.65;47
SETU26;;Market Price;2026-09-04T14:54:55.167221242Z;-5;Quote;6.6;473;6.65;47
SETU26;;Market Price;2026-09-04T14:55:15.617299088Z;-5;Quote;6.6;475;6.65;47
SETU26;;Market Price;2026-09-04T14:56:58.526775294Z;-5;Quote;6.6;475;6.65;29
SETU26;;Market Price;2026-09-04T14:58:24.432437511Z;-5;Quote;6.6;474;6.65;29
SETU26;;Market Price;2026-09-04T14:59:35.762059465Z;-5;Quote;6.6;472;6.65;29
SETU26;;Market Price;2026-09-04T14:59:37.426903020Z;-5;Quote;6.6;472;6.65;28
SETU26;;Market Price;2026-09-04T14:59:37.454743975Z;-5;Quote;6.6;472;6.65;27
SETU26;;Market Price;2026-09-04T14:59:37.476663134Z;-5;Quote;6.6;472;6.65;26
SETU26;;Market Price;2026-09-04T14:59:37.496584281Z;-5;Quote;6.6;472;6.65;25
SETU26;;Market Price;2026-09-04T14:59:37.521506303Z;-5;Quote;6.6;472;6.65;24
SETU26;;Market Price;2026-09-04T14:59:40.181377875Z;-5;Quote;6.6;601;6.65;24
SETU26;;Market Price;2026-09-04T14:59:44.811908395Z;-5;Quote;6.6;501;6.65;24
SETU26;;Market Price;2026-09-04T14:59:48.236898802Z;-5;Quote;6.6;401;6.65;24
SETU26;;Market Price;2026-09-04T14:59:57.376958641Z;-5;Quote;6.6;401;6.65;81
SETU26;;Market Price;2026-09-04T15:00:05.821447129Z;-5;Quote;6.6;401;6.65;131
SETU26;;Market Price;2026-09-04T15:00:27.292243117Z;-5;Quote;6.6;426;6.65;131
SETU26;;Market Price;2026-09-04T15:00:32.416309379Z;-5;Quote;6.6;426;6.65;122
SETU26;;Market Price;2026-09-04T15:00:32.416309379Z;-5;Quote;6.6;426;6.65;72
SETU26;;Market Price;2026-09-04T15:00:36.241442678Z;-5;Quote;6.6;426;6.65;70
SETU26;;Market Price;2026-09-04T15:00:36.241442678Z;-5;Quote;6.6;425;6.65;70
SETU26;;Market Price;2026-09-04T15:00:36.246375157Z;-5;Quote;6.6;427;6.65;70
SETU26;;Market Price;2026-09-04T15:00:42.106194023Z;-5;Quote;6.6;427;6.65;170
SETU26;;Market Price;2026-09-04T15:01:12.426277863Z;-5;Quote;6.6;428;6.65;170
SETU26;;Market Price;2026-09-04T15:01:34.782034267Z;-5;Quote;6.6;415;6.65;170
SETU26;;Market Price;2026-09-04T15:02:21.757209544Z;-5;Quote;6.6;404;6.65;170
SETU26;;Market Price;2026-09-04T15:02:28.951610148Z;-5;Quote;6.6;404;6.65;215
SETU26;;Market Price;2026-09-04T15:02:28.951610148Z;-5;Quote;6.6;384;6.65;215
SETU26;;Market Price;2026-09-04T15:02:29.186579294Z;-5;Quote;6.6;384;6.65;170
SETU26;;Market Price;2026-09-04T15:02:31.817127597Z;-5;Quote;6.6;362;6.65;170
SETU26;;Market Price;2026-09-04T15:02:40.742273889Z;-5;Quote;6.6;362;6.65;215
SETU26;;Market Price;2026-09-04T15:02:40.742273889Z;-5;Quote;6.6;442;6.65;215
SETU26;;Market Price;2026-09-04T15:02:41.151672762Z;-5;Quote;6.6;442;6.65;170
SETU26;;Market Price;2026-09-04T15:02:43.722374287Z;-5;Quote;6.6;442;6.65;168
SETU26;;Market Price;2026-09-04T15:02:43.722374287Z;-5;Quote;6.6;442;6.65;167
SETU26;;Market Price;2026-09-04T15:02:44.721821951Z;-5;Quote;6.6;442;6.65;166
SETU26;;Market Price;2026-09-04T15:04:14.561472224Z;-5;Quote;6.6;442;6.65;164
SETU26;;Market Price;2026-09-04T15:04:14.561472224Z;-5;Quote;6.6;440;6.65;164
SETU26;;Market Price;2026-09-04T15:04:14.566370934Z;-5;Quote;6.6;442;6.65;164
SETU26;;Market Price;2026-09-04T15:04:34.336688912Z;-5;Quote;6.6;450;6.65;164
SETU26;;Market Price;2026-09-04T15:04:46.657304129Z;-5;Quote;6.6;450;6.65;214
SETU26;;Market Price;2026-09-04T15:06:24.522195167Z;-5;Quote;6.6;425;6.65;189
SETU26;;Market Price;2026-09-04T15:06:30.166804473Z;-5;Quote;6.6;425;6.65;239
SETU26;;Market Price;2026-09-04T15:06:34.621640979Z;-5;Quote;6.6;425;6.65;263
SETU26;;Market Price;2026-09-04T15:07:39.992329667Z;-5;Quote;6.6;425;6.65;261
SETU26;;Market Price;2026-09-04T15:07:39.992329667Z;-5;Quote;6.6;423;6.65;261
SETU26;;Market Price;2026-09-04T15:07:40.032189877Z;-5;Quote;6.6;425;6.65;261
SETU26;;Market Price;2026-09-04T15:08:00.401680535Z;-5;Quote;6.6;423;6.65;261
SETU26;;Market Price;2026-09-04T15:09:36.567358852Z;-5;Quote;6.6;420;6.65;261
SETU26;;Market Price;2026-09-04T15:09:37.427086968Z;-5;Quote;6.6;419;6.65;261
SETU26;;Market Price;2026-09-04T15:09:37.447039349Z;-5;Quote;6.6;419;6.65;260
SETU26;;Market Price;2026-09-04T15:09:37.466894571Z;-5;Quote;6.6;419;6.65;259
SETU26;;Market Price;2026-09-04T15:09:37.491800803Z;-5;Quote;6.6;419;6.65;258
SETU26;;Market Price;2026-09-04T15:09:57.256535452Z;-5;Quote;6.6;369;6.65;258
SETU26;;Market Price;2026-09-04T15:09:58.002273431Z;-5;Quote;6.6;319;6.65;258
SETU26;;Market Price;2026-09-04T15:10:58.221546352Z;-5;Quote;6.6;329;6.65;258
SETU26;;Market Price;2026-09-04T15:11:00.496909886Z;-5;Quote;6.6;329;6.65;248
SETU26;;Market Price;2026-09-04T15:11:11.537096006Z;-5;Quote;6.6;329;6.65;293
SETU26;;Market Price;2026-09-04T15:11:12.286933130Z;-5;Quote;6.6;329;6.65;248
SETU26;;Market Price;2026-09-04T15:11:20.322280293Z;-5;Quote;6.6;329;6.65;246
SETU26;;Market Price;2026-09-04T15:11:20.322280293Z;-5;Quote;6.6;327;6.65;246
SETU26;;Market Price;2026-09-04T15:11:20.367115937Z;-5;Quote;6.6;329;6.65;246
SETU26;;Market Price;2026-09-04T15:11:20.996220824Z;-5;Quote;6.6;328;6.65;246
SETU26;;Market Price;2026-09-04T15:11:26.906476571Z;-5;Quote;6.6;328;6.65;346
SETU26;;Market Price;2026-09-04T15:11:28.416867444Z;-5;Quote;6.6;328;6.65;391
SETU26;;Market Price;2026-09-04T15:11:28.842015424Z;-5;Quote;6.6;328;6.65;346
SETU26;;Market Price;2026-09-04T15:11:31.391809131Z;-5;Quote;6.6;328;6.65;391
SETU26;;Market Price;2026-09-04T15:12:46.671858347Z;-5;Quote;6.6;328;6.65;346
SETU26;;Market Price;2026-09-04T15:13:06.536701261Z;-5;Quote;6.6;325;6.65;346
SETU26;;Market Price;2026-09-04T15:13:06.536701261Z;-5;Quote;6.6;324;6.65;346
SETU26;;Market Price;2026-09-04T15:13:06.541677728Z;-5;Quote;6.6;323;6.65;346
SETU26;;Market Price;2026-09-04T15:13:22.006799017Z;-5;Quote;6.6;303;6.65;346
SETU26;;Market Price;2026-09-04T15:13:33.841443430Z;-5;Quote;6.6;303;6.65;348
SETU26;;Market Price;2026-09-04T15:13:53.846944374Z;-5;Quote;6.6;303;6.65;395
SETU26;;Market Price;2026-09-04T15:13:57.376904098Z;-5;Quote;6.6;278;6.65;395
SETU26;;Market Price;2026-09-04T15:14:32.306912874Z;-5;Quote;6.6;528;6.65;395
SETU26;;Market Price;2026-09-04T15:14:58.796519898Z;-5;Quote;6.6;528;6.65;393
SETU26;;Market Price;2026-09-04T15:14:58.796519898Z;-5;Quote;6.6;526;6.65;393
SETU26;;Market Price;2026-09-04T15:14:58.801429844Z;-5;Quote;6.6;528;6.65;393
SETU26;;Market Price;2026-09-04T15:15:10.431725590Z;-5;Quote;6.6;528;6.7;880
SETU26;;Market Price;2026-09-04T15:15:10.431725590Z;-5;Quote;6.6;528;6.7;850
SETU26;;Market Price;2026-09-04T15:15:10.431725590Z;-5;Quote;6.6;528;6.7;890
SETU26;;Market Price;2026-09-04T15:15:10.431725590Z;-5;Quote;6.6;540;6.7;890
SETU26;;Market Price;2026-09-04T15:15:10.441692034Z;-5;Quote;6.6;540;6.7;490
SETU26;;Market Price;2026-09-04T15:15:10.446771563Z;-5;Quote;6.6;540;6.7;90
SETU26;;Market Price;2026-09-04T15:15:10.446771563Z;-5;Quote;6.6;940;6.7;90
SETU26;;Market Price;2026-09-04T15:15:20.526662058Z;-5;Quote;6.6;940;6.7;120
SETU26;;Market Price;2026-09-04T15:15:40.697150798Z;-5;Quote;6.6;928;6.7;120
SETU26;;Market Price;2026-09-04T15:15:40.697150798Z;-5;Quote;6.6;928;6.7;80
SETU26;;Market Price;2026-09-04T15:15:40.697150798Z;-5;Quote;6.6;928;6.7;127
SETU26;;Market Price;2026-09-04T15:15:48.576947846Z;-5;Quote;6.6;928;6.7;126
SETU26;;Market Price;2026-09-04T15:15:59.001371013Z;-5;Quote;6.6;928;6.7;125
SETU26;;Market Price;2026-09-04T15:15:59.001487483Z;-5;Quote;6.6;928;6.7;124
SETU26;;Market Price;2026-09-04T15:16:03.896469349Z;-5;Quote;6.6;928;6.7;121
SETU26;;Market Price;2026-09-04T15:16:03.902327865Z;-5;Quote;6.6;928;6.7;118
SETU26;;Market Price;2026-09-04T15:16:03.942139030Z;-5;Quote;6.6;928;6.7;117
SETU26;;Market Price;2026-09-04T15:16:10.922035821Z;-5;Quote;6.6;928;6.7;167
SETU26;;Market Price;2026-09-04T15:16:17.696947838Z;-5;Quote;6.6;928;6.7;267
SETU26;;Market Price;2026-09-04T15:16:30.102286176Z;-5;Quote;6.65;48;6.7;267
SETU26;;Market Price;2026-09-04T15:16:30.102286176Z;-5;Quote;6.65;60;6.7;267
SETU26;;Market Price;2026-09-04T15:16:30.637198568Z;-5;Quote;6.65;53;6.7;267
SETU26;;Market Price;2026-09-04T15:17:09.776520673Z;-5;Quote;6.65;53;6.7;264
SETU26;;Market Price;2026-09-04T15:17:13.451700031Z;-5;Quote;6.65;53;6.7;263
SETU26;;Market Price;2026-09-04T15:17:13.451700031Z;-5;Quote;6.65;53;6.7;262
SETU26;;Market Price;2026-09-04T15:17:13.451700031Z;-5;Quote;6.65;53;6.7;261
SETU26;;Market Price;2026-09-04T15:17:15.691888293Z;-5;Quote;6.65;53;6.7;252
SETU26;;Market Price;2026-09-04T15:17:15.691888293Z;-5;Quote;6.65;54;6.7;252
SETU26;;Market Price;2026-09-04T15:17:27.277196415Z;-5;Quote;6.65;54;6.7;249
SETU26;;Market Price;2026-09-04T15:17:27.277196415Z;-5;Quote;6.65;54;6.7;246
SETU26;;Market Price;2026-09-04T15:17:29.971559798Z;-5;Quote;6.65;99;6.7;246
SETU26;;Market Price;2026-09-04T15:17:54.707268169Z;-5;Quote;6.65;99;6.7;245
SETU26;;Market Price;2026-09-04T15:18:05.291879046Z;-5;Quote;6.65;99;6.7;228
SETU26;;Market Price;2026-09-04T15:18:15.292475428Z;-5;Quote;6.65;99;6.7;212
SETU26;;Market Price;2026-09-04T15:18:15.292475428Z;-5;Quote;6.65;100;6.7;212
SETU26;;Market Price;2026-09-04T15:18:18.631865460Z;-5;Quote;6.65;200;6.7;212
SETU26;;Market Price;2026-09-04T15:18:20.021784373Z;-5;Quote;6.65;200;6.7;192
SETU26;;Market Price;2026-09-04T15:18:20.021784373Z;-5;Quote;6.65;201;6.7;192
SETU26;;Market Price;2026-09-04T15:18:20.511975803Z;-5;Quote;6.65;201;6.7;197
SETU26;;Market Price;2026-09-04T15:18:20.792187414Z;-5;Quote;6.65;201;6.7;196
SETU26;;Market Price;2026-09-04T15:18:21.101927517Z;-5;Quote;6.65;201;6.7;197
SETU26;;Market Price;2026-09-04T15:18:21.786546639Z;-5;Quote;6.65;201;6.7;196
SETU26;;Market Price;2026-09-04T15:18:22.127054765Z;-5;Quote;6.65;201;6.7;197
SETU26;;Market Price;2026-09-04T15:18:30.062072082Z;-5;Quote;6.65;201;6.7;190
SETU26;;Market Price;2026-09-04T15:18:30.136609050Z;-5;Quote;6.65;201;6.7;212
SETU26;;Market Price;2026-09-04T15:18:30.451246260Z;-5;Quote;6.65;201;6.7;219
SETU26;;Market Price;2026-09-04T15:18:32.036412556Z;-5;Quote;6.65;201;6.7;22
SETU26;;Market Price;2026-09-04T15:18:32.376780035Z;-5;Quote;6.65;201;6.7;29
SETU26;;Market Price;2026-09-04T15:18:32.552109962Z;-5;Quote;6.7;168;6.75;2250
SETU26;;Market Price;2026-09-04T15:18:32.552109962Z;-5;Quote;6.7;175;6.75;2250
SETU26;;Market Price;2026-09-04T15:18:32.552109962Z;-5;Quote;6.7;9;6.75;2250
SETU26;;Market Price;2026-09-04T15:18:32.552109962Z;-5;Quote;6.65;186;6.75;2250
SETU26;;Market Price;2026-09-04T15:18:32.566163123Z;-5;Quote;6.65;186;6.75;1850
SETU26;;Market Price;2026-09-04T15:18:32.566948998Z;-5;Quote;6.65;186;6.75;1450
SETU26;;Market Price;2026-09-04T15:18:32.572027718Z;-5;Quote;6.65;586;6.75;1450
SETU26;;Market Price;2026-09-04T15:18:32.591928637Z;-5;Quote;6.65;586;6.75;1050
SETU26;;Market Price;2026-09-04T15:18:32.616722294Z;-5;Quote;6.65;584;6.75;1050
SETU26;;Market Price;2026-09-04T15:18:33.036878575Z;-5;Quote;6.65;604;6.75;1050
SETU26;;Market Price;2026-09-04T15:18:33.051905397Z;-5;Quote;6.65;604;6.75;1086
SETU26;;Market Price;2026-09-04T15:18:35.661711910Z;-5;Quote;6.65;604;6.75;536
SETU26;;Market Price;2026-09-04T15:18:35.661711910Z;-5;Quote;6.65;604;6.75;549
SETU26;;Market Price;2026-09-04T15:18:38.001656133Z;-5;Quote;6.65;604;6.75;547
SETU26;;Market Price;2026-09-04T15:18:38.001656133Z;-5;Quote;6.7;2;6.75;547
SETU26;;Market Price;2026-09-04T15:18:38.001656133Z;-5;Quote;6.65;584;6.75;547
SETU26;;Market Price;2026-09-04T15:18:38.051414207Z;-5;Quote;6.65;604;6.75;547
SETU26;;Market Price;2026-09-04T15:18:42.567155944Z;-5;Quote;6.65;604;6.75;571
SETU26;;Market Price;2026-09-04T15:18:49.297080529Z;-5;Quote;6.65;604;6.75;570
SETU26;;Market Price;2026-09-04T15:18:54.546908640Z;-5;Quote;6.65;604;6.75;567
SETU26;;Market Price;2026-09-04T15:18:56.562331260Z;-5;Quote;6.65;604;6.75;565
SETU26;;Market Price;2026-09-04T15:19:05.366555817Z;-5;Quote;6.65;604;6.75;563
SETU26;;Market Price;2026-09-04T15:19:33.656585184Z;-5;Quote;6.65;559;6.75;563
SETU26;;Market Price;2026-09-04T15:20:12.146809022Z;-5;Quote;6.65;539;6.75;563
SETU26;;Market Price;2026-09-04T15:20:12.146809022Z;-5;Quote;6.65;539;6.75;550
SETU26;;Market Price;2026-09-04T15:20:12.146809022Z;-5;Quote;6.65;539;6.75;514
SETU26;;Market Price;2026-09-04T15:20:12.196523395Z;-5;Quote;6.65;559;6.75;514
SETU26;;Market Price;2026-09-04T15:20:12.196523395Z;-5;Quote;6.65;559;6.75;563
SETU26;;Market Price;2026-09-04T15:20:20.316246981Z;-5;Quote;6.65;561;6.75;563
SETU26;;Market Price;2026-09-04T15:21:15.697094978Z;-5;Quote;6.65;561;6.75;514
SETU26;;Market Price;2026-09-04T15:21:15.697094978Z;-5;Quote;6.65;541;6.75;514
SETU26;;Market Price;2026-09-04T15:21:15.746890153Z;-5;Quote;6.65;561;6.75;514
SETU26;;Market Price;2026-09-04T15:21:15.746890153Z;-5;Quote;6.65;561;6.75;563
SETU26;;Market Price;2026-09-04T15:22:18.377329550Z;-5;Quote;6.65;554;6.75;563
SETU26;;Market Price;2026-09-04T15:22:18.377329550Z;-5;Quote;6.65;555;6.75;563
SETU26;;Market Price;2026-09-04T15:23:00.697140627Z;-5;Quote;6.65;554;6.75;563
SETU26;;Market Price;2026-09-04T15:23:00.697140627Z;-5;Quote;6.65;554;6.75;514
SETU26;;Market Price;2026-09-04T15:23:00.697140627Z;-5;Quote;6.65;534;6.75;514
SETU26;;Market Price;2026-09-04T15:23:00.697140627Z;-5;Quote;6.65;534;6.75;562
SETU26;;Market Price;2026-09-04T15:23:00.746919204Z;-5;Quote;6.65;555;6.75;562
SETU26;;Market Price;2026-09-04T15:23:02.746417662Z;-5;Quote;6.65;555;6.75;162
SETU26;;Market Price;2026-09-04T15:23:22.636882992Z;-5;Quote;6.7;400;6.75;162
SETU26;;Market Price;2026-09-04T15:23:31.226778543Z;-5;Quote;6.7;399;6.75;162
SETU26;;Market Price;2026-09-04T15:23:31.226778543Z;-5;Quote;6.7;396;6.75;162
SETU26;;Market Price;2026-09-04T15:23:57.436634509Z;-5;Quote;6.7;388;6.75;162
SETU26;;Market Price;2026-09-04T15:23:58.266802799Z;-5;Quote;6.7;385;6.75;162
SETU26;;Market Price;2026-09-04T15:24:03.301907857Z;-5;Quote;6.7;365;6.75;162
SETU26;;Market Price;2026-09-04T15:24:10.937246726Z;-5;Quote;6.7;363;6.75;162
SETU26;;Market Price;2026-09-04T15:24:26.517067310Z;-5;Quote;6.65;1755;6.7;37
SETU26;;Market Price;2026-09-04T15:24:26.517067310Z;-5;Quote;6.65;1355;6.7;37
SETU26;;Market Price;2026-09-04T15:24:26.517067310Z;-5;Quote;6.65;955;6.7;37
SETU26;;Market Price;2026-09-04T15:24:26.517067310Z;-5;Quote;6.65;955;6.7;71
SETU26;;Market Price;2026-09-04T15:24:26.517067310Z;-5;Quote;6.65;955;6.7;70
SETU26;;Market Price;2026-09-04T15:24:26.517067310Z;-5;Quote;6.65;934;6.7;70
SETU26;;Market Price;2026-09-04T15:24:26.517067310Z;-5;Quote;6.65;934;6.7;118
SETU26;;Market Price;2026-09-04T15:24:26.532074426Z;-5;Quote;6.65;534;6.7;118
SETU26;;Market Price;2026-09-04T15:24:26.556888497Z;-5;Quote;6.65;134;6.7;118
SETU26;;Market Price;2026-09-04T15:24:26.556888497Z;-5;Quote;6.65;157;6.7;118
SETU26;;Market Price;2026-09-04T15:24:26.612099833Z;-5;Quote;6.65;154;6.7;118
SETU26;;Market Price;2026-09-04T15:24:35.052154345Z;-5;Quote;6.65;151;6.7;118
SETU26;;Market Price;2026-09-04T15:24:35.961544424Z;-5;Quote;6.65;151;6.7;318
SETU26;;Market Price;2026-09-04T15:24:35.961544424Z;-5;Quote;6.65;160;6.7;318
SETU26;;Market Price;2026-09-04T15:24:53.637028850Z;-5;Quote;6.65;159;6.7;318
SETU26;;Market Price;2026-09-04T15:24:54.636745959Z;-5;Quote;6.65;157;6.7;318
SETU26;;Market Price;2026-09-04T15:24:59.351494219Z;-5;Quote;6.65;557;6.7;318
SETU26;;Market Price;2026-09-04T15:25:17.601930133Z;-5;Quote;6.65;557;6.7;418
SETU26;;Market Price;2026-09-04T15:25:30.012238434Z;-5;Quote;6.65;457;6.7;318
SETU26;;Market Price;2026-09-04T15:25:30.012238434Z;-5;Quote;6.65;460;6.7;318
SETU26;;Market Price;2026-09-04T15:25:42.677252695Z;-5;Quote;6.65;457;6.7;318
SETU26;;Market Price;2026-09-04T15:25:42.677252695Z;-5;Quote;6.65;458;6.7;318
SETU26;;Market Price;2026-09-04T15:25:42.677252695Z;-5;Quote;6.65;455;6.7;318
SETU26;;Market Price;2026-09-04T15:25:44.227173766Z;-5;Quote;6.65;455;6.7;316
SETU26;;Market Price;2026-09-04T15:25:44.227173766Z;-5;Quote;6.65;454;6.7;316
SETU26;;Market Price;2026-09-04T15:25:44.227173766Z;-5;Quote;6.65;456;6.7;316
SETU26;;Market Price;2026-09-04T15:26:12.321926549Z;-5;Quote;6.65;456;6.7;331
SETU26;;Market Price;2026-09-04T15:26:43.037275554Z;-5;Quote;6.65;455;6.7;331
SETU26;;Market Price;2026-09-04T15:27:05.766864577Z;-5;Quote;6.65;452;6.7;331
SETU26;;Market Price;2026-09-04T15:28:43.091862637Z;-5;Quote;6.65;352;6.7;331
SETU26;;Market Price;2026-09-04T15:28:43.096739407Z;-5;Quote;6.65;357;6.7;331
SETU26;;Market Price;2026-09-04T15:29:15.467354347Z;-5;Quote;6.65;382;6.7;331
SETU26;;Market Price;2026-09-04T15:31:06.611502007Z;-5;Quote;6.65;382;6.7;381
SETU26;;Market Price;2026-09-04T15:31:08.712301658Z;-5;Quote;6.65;382;6.7;379
SETU26;;Market Price;2026-09-04T15:31:08.712301658Z;-5;Quote;6.65;380;6.7;379
SETU26;;Market Price;2026-09-04T15:31:08.717248440Z;-5;Quote;6.65;383;6.7;379
SETU26;;Market Price;2026-09-04T15:31:15.036533263Z;-5;Quote;6.65;358;6.7;379
SETU26;;Market Price;2026-09-04T15:31:33.772157192Z;-5;Quote;6.65;346;6.7;379
SETU26;;Market Price;2026-09-04T15:31:43.851479616Z;-5;Quote;6.65;313;6.7;379
SETU26;;Market Price;2026-09-04T15:31:43.851479616Z;-5;Quote;6.65;314;6.7;379
SETU26;;Market Price;2026-09-04T15:31:49.626947277Z;-5;Quote;6.65;312;6.7;379
SETU26;;Market Price;2026-09-04T15:31:49.631914303Z;-5;Quote;6.65;310;6.7;379
SETU26;;Market Price;2026-09-04T15:31:49.631914303Z;-5;Quote;6.65;311;6.7;379
SETU26;;Market Price;2026-09-04T15:32:39.586405059Z;-5;Quote;6.65;311;6.7;388
SETU26;;Market Price;2026-09-04T15:33:23.442224126Z;-5;Quote;6.65;310;6.7;388
SETU26;;Market Price;2026-09-04T15:33:23.467075993Z;-5;Quote;6.65;310;6.7;387
SETU26;;Market Price;2026-09-04T15:33:51.152572212Z;-5;Quote;6.65;309;6.7;387
SETU26;;Market Price;2026-09-04T15:33:52.152151841Z;-5;Quote;6.65;305;6.7;387
SETU26;;Market Price;2026-09-04T15:34:35.346371650Z;-5;Quote;6.65;304;6.7;387
SETU26;;Market Price;2026-09-04T15:34:35.346371650Z;-5;Quote;6.65;303;6.7;387
SETU26;;Market Price;2026-09-04T15:34:35.351673511Z;-5;Quote;6.65;302;6.7;387
SETU26;;Market Price;2026-09-04T15:34:48.446825405Z;-5;Quote;6.65;302;6.7;385
SETU26;;Market Price;2026-09-04T15:34:48.446825405Z;-5;Quote;6.65;300;6.7;385
SETU26;;Market Price;2026-09-04T15:34:48.451817108Z;-5;Quote;6.65;302;6.7;385
SETU26;;Market Price;2026-09-04T15:34:53.147287035Z;-5;Quote;6.65;302;6.7;337
SETU26;;Market Price;2026-09-04T15:34:53.197053856Z;-5;Quote;6.65;302;6.7;382
SETU26;;Market Price;2026-09-04T15:35:23.482099178Z;-5;Quote;6.65;301;6.7;382
SETU26;;Market Price;2026-09-04T15:35:39.016419986Z;-5;Quote;6.65;281;6.7;382
SETU26;;Market Price;2026-09-04T15:35:39.016419986Z;-5;Quote;6.65;282;6.7;382
SETU26;;Market Price;2026-09-04T15:35:41.952490649Z;-5;Quote;6.65;262;6.7;382
SETU26;;Market Price;2026-09-04T15:35:44.321682902Z;-5;Quote;6.65;242;6.7;382
SETU26;;Market Price;2026-09-04T15:35:44.321682902Z;-5;Quote;6.65;243;6.7;382
SETU26;;Market Price;2026-09-04T15:36:03.036797976Z;-5;Quote;6.65;243;6.7;383
SETU26;;Market Price;2026-09-04T15:36:07.556710897Z;-5;Quote;6.65;241;6.7;383
SETU26;;Market Price;2026-09-04T15:36:07.556710897Z;-5;Quote;6.65;240;6.7;383
SETU26;;Market Price;2026-09-04T15:36:07.556710897Z;-5;Quote;6.65;235;6.7;383
SETU26;;Market Price;2026-09-04T15:36:07.556710897Z;-5;Quote;6.65;234;6.7;383
SETU26;;Market Price;2026-09-04T15:36:07.556710897Z;-5;Quote;6.65;231;6.7;383
SETU26;;Market Price;2026-09-04T15:36:07.581546145Z;-5;Quote;6.65;231;6.7;371
SETU26;;Market Price;2026-09-04T15:36:11.521691203Z;-5;Quote;6.65;181;6.7;371
SETU26;;Market Price;2026-09-04T15:36:11.521691203Z;-5;Quote;6.65;182;6.7;371
SETU26;;Market Price;2026-09-04T15:36:17.816913251Z;-5;Quote;6.65;182;6.7;421
SETU26;;Market Price;2026-09-04T15:38:13.236422564Z;-5;Quote;6.65;182;6.7;419
SETU26;;Market Price;2026-09-04T15:38:13.236422564Z;-5;Quote;6.65;180;6.7;419
SETU26;;Market Price;2026-09-04T15:38:13.242392912Z;-5;Quote;6.65;182;6.7;419
SETU26;;Market Price;2026-09-04T15:38:41.147081875Z;-5;Quote;6.65;182;6.7;374
SETU26;;Market Price;2026-09-04T15:38:41.147081875Z;-5;Quote;6.65;181;6.7;374
SETU26;;Market Price;2026-09-04T15:38:41.201961205Z;-5;Quote;6.65;182;6.7;374
SETU26;;Market Price;2026-09-04T15:38:45.376681757Z;-5;Quote;6.65;182;6.7;424
SETU26;;Market Price;2026-09-04T15:38:51.676511941Z;-5;Quote;6.65;181;6.7;424
SETU26;;Market Price;2026-09-04T15:38:51.701367945Z;-5;Quote;6.65;181;6.7;423
SETU26;;Market Price;2026-09-04T15:38:55.117315823Z;-5;Quote;6.65;131;6.7;423
SETU26;;Market Price;2026-09-04T15:38:55.117315823Z;-5;Quote;6.65;133;6.7;423
SETU26;;Market Price;2026-09-04T15:39:41.151557728Z;-5;Quote;6.65;131;6.7;423
SETU26;;Market Price;2026-09-04T15:39:41.201382694Z;-5;Quote;6.65;133;6.7;423
SETU26;;Market Price;2026-09-04T15:41:06.172493910Z;-5;Quote;6.65;83;6.7;423
SETU26;;Market Price;2026-09-04T15:41:06.172493910Z;-5;Quote;6.65;84;6.7;423
SETU26;;Market Price;2026-09-04T15:41:35.797089398Z;-5;Quote;6.65;83;6.7;423
SETU26;;Market Price;2026-09-04T15:41:35.797089398Z;-5;Quote;6.65;81;6.7;423
SETU26;;Market Price;2026-09-04T15:41:35.821956581Z;-5;Quote;6.65;81;6.7;420
SETU26;;Market Price;2026-09-04T15:41:52.132406518Z;-5;Quote;6.65;81;6.7;418
SETU26;;Market Price;2026-09-04T15:41:52.132406518Z;-5;Quote;6.65;79;6.7;418
SETU26;;Market Price;2026-09-04T15:41:52.132406518Z;-5;Quote;6.65;80;6.7;418
SETU26;;Market Price;2026-09-04T15:41:52.136415783Z;-5;Quote;6.65;82;6.7;418
SETU26;;Market Price;2026-09-04T15:44:19.917365090Z;-5;Quote;6.65;81;6.7;418
SETU26;;Market Price;2026-09-04T15:44:19.942218967Z;-5;Quote;6.65;81;6.7;417
SETU26;;Market Price;2026-09-04T15:44:43.517023317Z;-5;Quote;6.65;61;6.7;417
SETU26;;Market Price;2026-09-04T15:44:48.246878960Z;-5;Quote;6.65;86;6.7;417
SETU26;;Market Price;2026-09-04T15:44:54.296741727Z;-5;Quote;6.7;133;6.75;2930
SETU26;;Market Price;2026-09-04T15:44:54.296741727Z;-5;Quote;6.7;133;6.75;2530
SETU26;;Market Price;2026-09-04T15:44:54.296741727Z;-5;Quote;6.7;133;6.75;2500
SETU26;;Market Price;2026-09-04T15:44:54.296741727Z;-5;Quote;6.7;133;6.75;2100
SETU26;;Market Price;2026-09-04T15:44:54.296741727Z;-5;Quote;6.7;133;6.75;1700
SETU26;;Market Price;2026-09-04T15:44:54.296741727Z;-5;Quote;6.7;146;6.75;1700
SETU26;;Market Price;2026-09-04T15:44:54.296741727Z;-5;Quote;6.7;31;6.75;1700
SETU26;;Market Price;2026-09-04T15:44:54.311591004Z;-5;Quote;6.7;31;6.75;1300
SETU26;;Market Price;2026-09-04T15:44:54.311591004Z;-5;Quote;6.7;31;6.75;900
SETU26;;Market Price;2026-09-04T15:44:54.336559444Z;-5;Quote;6.7;31;6.75;500
SETU26;;Market Price;2026-09-04T15:44:54.346500367Z;-5;Quote;6.7;31;6.75;100
SETU26;;Market Price;2026-09-04T15:44:54.931902959Z;-5;Quote;6.7;4;6.75;100
SETU26;;Market Price;2026-09-04T15:45:04.357235650Z;-5;Quote;6.7;4;6.75;122
SETU26;;Market Price;2026-09-04T15:45:31.176698689Z;-5;Quote;6.7;4;6.75;120
SETU26;;Market Price;2026-09-04T15:45:31.181575065Z;-5;Quote;6.7;6;6.75;120
SETU26;;Market Price;2026-09-04T15:45:31.181575065Z;-5;Quote;6.7;10;6.75;120
SETU26;;Market Price;2026-09-04T15:45:53.247000885Z;-5;Quote;6.7;55;6.75;120
SETU26;;Market Price;2026-09-04T15:46:07.410603617Z;-5;Quote;6.7;54;6.75;120
SETU26;;Market Price;2026-09-04T15:46:07.442283295Z;-5;Quote;6.7;9;6.75;120
SETU26;;Market Price;2026-09-04T15:46:07.667506227Z;-5;Quote;6.7;54;6.75;120
SETU26;;Market Price;2026-09-04T15:46:07.737192700Z;-5;Quote;6.7;9;6.75;120
SETU26;;Market Price;2026-09-04T15:46:16.002001002Z;-5;Quote;6.7;9;6.75;70
SETU26;;Market Price;2026-09-04T15:46:40.801788786Z;-5;Quote;6.7;67;6.75;70
SETU26;;Market Price;2026-09-04T15:46:45.211460653Z;-5;Quote;6.7;67;6.75;95
SETU26;;Market Price;2026-09-04T15:46:54.321795497Z;-5;Quote;6.7;42;6.75;70
SETU26;;Market Price;2026-09-04T15:46:54.321795497Z;-5;Quote;6.7;43;6.75;70
SETU26;;Market Price;2026-09-04T15:47:04.031770997Z;-5;Quote;6.7;42;6.75;70
SETU26;;Market Price;2026-09-04T15:47:04.061634061Z;-5;Quote;6.7;42;6.75;69
SETU26;;Market Price;2026-09-04T15:47:16.161411449Z;-5;Quote;6.7;43;6.75;69
SETU26;;Market Price;2026-09-04T15:47:37.806334184Z;-5;Quote;6.7;88;6.75;69
SETU26;;Market Price;2026-09-04T15:47:38.736207496Z;-5;Quote;6.7;43;6.75;69
SETU26;;Market Price;2026-09-04T15:47:38.816601186Z;-5;Quote;6.7;88;6.75;69
SETU26;;Market Price;2026-09-04T15:47:42.241300456Z;-5;Quote;6.7;43;6.75;69
SETU26;;Market Price;2026-09-04T15:47:43.086580184Z;-5;Quote;6.7;43;6.75;64
SETU26;;Market Price;2026-09-04T15:47:43.086580184Z;-5;Quote;6.7;88;6.75;64
SETU26;;Market Price;2026-09-04T15:47:53.086966002Z;-5;Quote;6.7;88;6.75;58
SETU26;;Market Price;2026-09-04T15:47:58.272079335Z;-5;Quote;6.7;43;6.75;58
SETU26;;Market Price;2026-09-04T15:47:59.766357253Z;-5;Quote;6.7;88;6.75;58
SETU26;;Market Price;2026-09-04T15:48:01.627016128Z;-5;Quote;6.7;43;6.75;58
SETU26;;Market Price;2026-09-04T15:48:01.872205818Z;-5;Quote;6.7;88;6.75;58
SETU26;;Market Price;2026-09-04T15:48:08.116423399Z;-5;Quote;6.7;43;6.75;58
SETU26;;Market Price;2026-09-04T15:48:15.272013651Z;-5;Quote;6.7;88;6.75;58
SETU26;;Market Price;2026-09-04T15:48:15.341705759Z;-5;Quote;6.7;43;6.75;58
SETU26;;Market Price;2026-09-04T15:48:18.931919145Z;-5;Quote;6.7;43;6.75;68
SETU26;;Market Price;2026-09-04T15:48:41.706930121Z;-5;Quote;6.7;88;6.75;68
SETU26;;Market Price;2026-09-04T15:48:41.882211823Z;-5;Quote;6.7;88;6.75;73
SETU26;;Market Price;2026-09-04T15:48:44.991724402Z;-5;Quote;6.7;43;6.75;73
SETU26;;Market Price;2026-09-04T15:49:05.561795523Z;-5;Quote;6.7;44;6.75;73
SETU26;;Market Price;2026-09-04T15:50:02.021519922Z;-5;Quote;6.7;42;6.75;73
SETU26;;Market Price;2026-09-04T15:50:02.026490626Z;-5;Quote;6.7;39;6.75;73
SETU26;;Market Price;2026-09-04T15:50:02.776540818Z;-5;Quote;6.7;36;6.75;73
SETU26;;Market Price;2026-09-04T15:50:36.957193378Z;-5;Quote;6.7;33;6.75;73
SETU26;;Market Price;2026-09-04T15:50:54.106846735Z;-5;Quote;6.7;32;6.75;73
SETU26;;Market Price;2026-09-04T15:50:54.106846735Z;-5;Quote;6.7;30;6.75;73
SETU26;;Market Price;2026-09-04T15:50:54.106846735Z;-5;Quote;6.7;31;6.75;73
SETU26;;Market Price;2026-09-04T15:50:54.111884194Z;-5;Quote;6.7;29;6.75;73
SETU26;;Market Price;2026-09-04T15:50:54.111884194Z;-5;Quote;6.7;28;6.75;73
SETU26;;Market Price;2026-09-04T15:50:55.041531524Z;-5;Quote;6.7;28;6.75;72
SETU26;;Market Price;2026-09-04T15:50:55.056530965Z;-5;Quote;6.7;29;6.75;72
SETU26;;Market Price;2026-09-04T15:50:55.107222755Z;-5;Quote;6.7;28;6.75;72
SETU26;;Market Price;2026-09-04T15:50:55.112276470Z;-5;Quote;6.7;27;6.75;72
SETU26;;Market Price;2026-09-04T15:51:10.671313954Z;-5;Quote;6.7;27;6.75;99
SETU26;;Market Price;2026-09-04T15:51:11.786451392Z;-5;Quote;6.7;10;6.75;99
SETU26;;Market Price;2026-09-04T15:51:11.786451392Z;-5;Quote;6.7;13;6.75;99
SETU26;;Market Price;2026-09-04T15:51:11.791343320Z;-5;Quote;6.65;417;6.75;99
SETU26;;Market Price;2026-09-04T15:51:11.791343320Z;-5;Quote;6.65;417;6.75;119
SETU26;;Market Price;2026-09-04T15:51:11.817219664Z;-5;Quote;6.65;419;6.75;119
SETU26;;Market Price;2026-09-04T15:51:12.231387849Z;-5;Quote;6.65;419;6.75;123
SETU26;;Market Price;2026-09-04T15:51:19.017074831Z;-5;Quote;6.65;417;6.75;123
SETU26;;Market Price;2026-09-04T15:51:21.726663566Z;-5;Quote;6.65;417;6.7;30
SETU26;;Market Price;2026-09-04T15:51:21.726663566Z;-5;Quote;6.65;417;6.7;37
SETU26;;Market Price;2026-09-04T15:51:21.726663566Z;-5;Quote;6.65;417;6.7;36
SETU26;;Market Price;2026-09-04T15:51:21.726663566Z;-5;Quote;6.65;417;6.7;37
SETU26;;Market Price;2026-09-04T15:51:21.746602217Z;-5;Quote;6.65;17;6.7;37
SETU26;;Market Price;2026-09-04T15:51:45.332152054Z;-5;Quote;6.65;17;6.7;39
SETU26;;Market Price;2026-09-04T15:52:20.397124628Z;-5;Quote;6.6;2620;6.65;3
SETU26;;Market Price;2026-09-04T15:52:20.397124628Z;-5;Quote;6.6;2620;6.65;8
SETU26;;Market Price;2026-09-04T15:52:20.397124628Z;-5;Quote;6.6;2620;6.65;10
SETU26;;Market Price;2026-09-04T15:52:20.397124628Z;-5;Quote;6.6;2220;6.65;10
SETU26;;Market Price;2026-09-04T15:52:20.397124628Z;-5;Quote;6.6;2220;6.65;37
SETU26;;Market Price;2026-09-04T15:52:20.417025340Z;-5;Quote;6.6;1820;6.65;37
SETU26;;Market Price;2026-09-04T15:52:20.791754418Z;-5;Quote;6.6;1820;6.65;38
SETU26;;Market Price;2026-09-04T15:52:20.892334869Z;-5;Quote;6.6;1420;6.65;38
SETU26;;Market Price;2026-09-04T15:52:28.311861603Z;-5;Quote;6.6;1020;6.65;38
SETU26;;Market Price;2026-09-04T15:52:41.086427299Z;-5;Quote;6.6;946;6.65;38
SETU26;;Market Price;2026-09-04T15:52:41.086427299Z;-5;Quote;6.6;934;6.65;38
SETU26;;Market Price;2026-09-04T15:52:41.086427299Z;-5;Quote;6.6;919;6.65;38
SETU26;;Market Price;2026-09-04T15:52:41.086427299Z;-5;Quote;6.6;919;6.65;35
SETU26;;Market Price;2026-09-04T15:52:41.086427299Z;-5;Quote;6.6;919;6.65;34
SETU26;;Market Price;2026-09-04T15:52:41.086427299Z;-5;Quote;6.6;919;6.65;30
SETU26;;Market Price;2026-09-04T15:52:41.111258768Z;-5;Quote;6.6;919;6.65;35
SETU26;;Market Price;2026-09-04T15:52:41.137261242Z;-5;Quote;6.6;919;6.65;31
SETU26;;Market Price;2026-09-04T15:52:41.501647132Z;-5;Quote;6.6;919;6.65;30
SETU26;;Market Price;2026-09-04T15:52:45.817014176Z;-5;Quote;6.6;909;6.65;30
SETU26;;Market Price;2026-09-04T15:52:45.817014176Z;-5;Quote;6.6;909;6.65;32
SETU26;;Market Price;2026-09-04T15:52:49.356997748Z;-5;Quote;6.6;909;6.65;28
SETU26;;Market Price;2026-09-04T15:52:49.356997748Z;-5;Quote;6.6;909;6.65;29
SETU26;;Market Price;2026-09-04T15:52:59.356895034Z;-5;Quote;6.6;909;6.65;27
SETU26;;Market Price;2026-09-04T15:52:59.461952022Z;-5;Quote;6.6;909;6.65;45
SETU26;;Market Price;2026-09-04T15:53:05.396665185Z;-5;Quote;6.6;909;6.65;198
SETU26;;Market Price;2026-09-04T15:53:17.801786935Z;-5;Quote;6.6;909;6.65;195
SETU26;;Market Price;2026-09-04T15:53:17.801786935Z;-5;Quote;6.6;909;6.65;196
SETU26;;Market Price;2026-09-04T15:53:27.767134390Z;-5;Quote;6.6;909;6.65;396
SETU26;;Market Price;2026-09-04T15:53:27.801922448Z;-5;Quote;6.6;909;6.65;392
SETU26;;Market Price;2026-09-04T15:53:27.801922448Z;-5;Quote;6.6;909;6.65;393
SETU26;;Market Price;2026-09-04T15:53:30.712354213Z;-5;Quote;6.6;934;6.65;393
SETU26;;Market Price;2026-09-04T15:54:29.307126387Z;-5;Quote;6.6;935;6.65;393
SETU26;;Market Price;2026-09-04T15:55:15.316786891Z;-5;Quote;6.6;385;6.65;393
SETU26;;Market Price;2026-09-04T15:55:24.611605207Z;-5;Quote;6.6;385;6.7;1659
SETU26;;Market Price;2026-09-04T15:55:24.611605207Z;-5;Quote;6.6;385;6.7;1259
SETU26;;Market Price;2026-09-04T15:55:24.611605207Z;-5;Quote;6.6;385;6.7;1229
SETU26;;Market Price;2026-09-04T15:55:24.611605207Z;-5;Quote;6.6;397;6.7;1229
SETU26;;Market Price;2026-09-04T15:55:24.621786052Z;-5;Quote;6.6;397;6.7;829
SETU26;;Market Price;2026-09-04T15:55:24.621786052Z;-5;Quote;6.6;355;6.7;829
SETU26;;Market Price;2026-09-04T15:55:24.626194863Z;-5;Quote;6.6;355;6.7;429
SETU26;;Market Price;2026-09-04T15:55:24.626801036Z;-5;Quote;6.6;755;6.7;429
SETU26;;Market Price;2026-09-04T15:55:24.646703685Z;-5;Quote;6.6;755;6.7;29
SETU26;;Market Price;2026-09-04T15:55:24.946339192Z;-5;Quote;6.6;755;6.7;87
SETU26;;Market Price;2026-09-04T15:55:34.701480583Z;-5;Quote;6.6;755;6.7;134
SETU26;;Market Price;2026-09-04T15:56:01.236552117Z;-5;Quote;6.6;755;6.7;334
SETU26;;Market Price;2026-09-04T15:56:02.761862507Z;-5;Quote;6.6;710;6.7;334
SETU26;;Market Price;2026-09-04T15:56:19.276422144Z;-5;Quote;6.6;710;6.7;333
SETU26;;Market Price;2026-09-04T15:56:19.276422144Z;-5;Quote;6.6;709;6.7;333
SETU26;;Market Price;2026-09-04T15:56:19.281462920Z;-5;Quote;6.6;710;6.7;333
SETU26;;Market Price;2026-09-04T15:57:22.056850700Z;-5;Quote;6.6;755;6.7;333
SETU26;;Market Price;2026-09-04T15:57:57.611657612Z;-5;Quote;6.6;710;6.7;333
SETU26;;Market Price;2026-09-04T15:58:00.512022313Z;-5;Quote;6.6;698;6.7;333
SETU26;;Market Price;2026-09-04T15:58:00.536875648Z;-5;Quote;6.6;698;6.7;319
SETU26;;Market Price;2026-09-04T15:58:00.536875648Z;-5;Quote;6.6;695;6.7;319
SETU26;;Market Price;2026-09-04T15:58:00.536875648Z;-5;Quote;6.6;695;6.7;312
SETU26;;Market Price;2026-09-04T15:58:00.561701620Z;-5;Quote;6.6;695;6.7;319
SETU26;;Market Price;2026-09-04T15:58:00.722096569Z;-5;Quote;6.6;695;6.7;320
SETU26;;Market Price;2026-09-04T15:58:01.847225553Z;-5;Quote;6.6;695;6.7;319
SETU26;;Market Price;2026-09-04T15:58:01.847225553Z;-5;Quote;6.6;694;6.7;319
SETU26;;Market Price;2026-09-04T15:58:01.852101062Z;-5;Quote;6.6;695;6.7;319
SETU26;;Market Price;2026-09-04T15:58:25.426744940Z;-5;Quote;6.6;740;6.7;319
SETU26;;Market Price;2026-09-04T15:59:14.506561407Z;-5;Quote;6.6;695;6.7;319
SETU26;;Market Price;2026-09-04T15:59:22.831174403Z;-5;Quote;6.6;740;6.7;319
SETU26;;Market Price;2026-09-04T15:59:51.301199912Z;-5;Quote;6.6;740;6.7;318
SETU26;;Market Price;2026-09-04T15:59:51.301199912Z;-5;Quote;6.6;739;6.7;318
SETU26;;Market Price;2026-09-04T15:59:51.301199912Z;-5;Quote;6.6;739;6.7;319
SETU26;;Market Price;2026-09-04T15:59:55.216387585Z;-5;Quote;6.65;10;6.7;319
SETU26;;Market Price;2026-09-04T15:59:55.216387585Z;-5;Quote;6.65;10;6.7;318
SETU26;;Market Price;2026-09-04T15:59:55.216387585Z;-5;Quote;6.65;10;6.7;317
SETU26;;Market Price;2026-09-04T15:59:55.216387585Z;-5;Quote;6.65;55;6.7;317
SETU26;;Market Price;2026-09-04T15:59:55.216387585Z;-5;Quote;6.65;55;6.7;311
SETU26;;Market Price;2026-09-04T15:59:55.267105347Z;-5;Quote;6.65;55;6.7;319
SETU26;;Market Price;2026-09-04T15:59:55.701195691Z;-5;Quote;6.65;46;6.7;319
SETU26;;Market Price;2026-09-04T15:59:55.707170594Z;-5;Quote;6.65;44;6.7;319
SETU26;;Market Price;2026-09-04T15:59:55.707170594Z;-5;Quote;6.65;44;6.7;311
SETU26;;Market Price;2026-09-04T15:59:55.707170594Z;-5;Quote;6.65;45;6.7;311
SETU26;;Market Price;2026-09-04T15:59:55.732112847Z;-5;Quote;6.65;45;6.7;319
SETU26;;Market Price;2026-09-04T15:59:57.381372236Z;-5;Quote;6.6;739;6.7;319
SETU26;;Market Price;2026-09-04T15:59:57.876188071Z;-5;Quote;6.6;739;6.7;318
SETU26;;Market Price;2026-09-04T16:00:00.011633233Z;-5;Quote;6.6;739;6.7;319
SETU26;;Market Price;2026-09-04T16:00:00.321346752Z;-5;Quote;6.65;1;6.7;319
SETU26;;Market Price;2026-09-04T16:00:00.321346752Z;-5;Quote;6.6;739;6.7;319
SETU26;;Market Price;2026-09-04T16:00:00.321346752Z;-5;Quote;6.6;739;6.7;318
SETU26;;Market Price;2026-09-04T16:00:00.327258822Z;-5;Quote;6.6;739;6.7;319
SETU26;;Market Price;2026-09-04T16:00:00.721528083Z;-5;Quote;6.6;739;6.7;320
SETU26;;Market Price;2026-09-04T16:00:04.191446095Z;-5;Quote;6.6;739;6.7;319
SETU26;;Market Price;2026-09-04T16:00:04.197264477Z;-5;Quote;6.6;739;6.7;318
SETU26;;Market Price;2026-09-04T16:00:05.196598321Z;-5;Quote;6.6;739;6.7;317
SETU26;;Market Price;2026-09-04T16:00:12.011474090Z;-5;Quote;6.6;739;6.7;315
SETU26;;Market Price;2026-09-04T16:00:12.011474090Z;-5;Quote;6.6;739;6.7;316
SETU26;;Market Price;2026-09-04T16:00:12.471464233Z;-5;Quote;6.6;694;6.7;316
SETU26;;Market Price;2026-09-04T16:00:13.066730591Z;-5;Quote;6.6;694;6.7;315
SETU26;;Market Price;2026-09-04T16:00:13.076680216Z;-5;Quote;6.6;694;6.7;314
SETU26;;Market Price;2026-09-04T16:00:33.286465613Z;-5;Quote;6.6;694;6.7;312
SETU26;;Market Price;2026-09-04T16:00:33.286465613Z;-5;Quote;6.6;693;6.7;312
SETU26;;Market Price;2026-09-04T16:00:33.286465613Z;-5;Quote;6.6;693;6.7;310
SETU26;;Market Price;2026-09-04T16:00:33.286465613Z;-5;Quote;6.6;693;6.7;309
SETU26;;Market Price;2026-09-04T16:00:33.286465613Z;-5;Quote;6.6;693;6.7;303
SETU26;;Market Price;2026-09-04T16:00:33.312327182Z;-5;Quote;6.6;693;6.7;312
SETU26;;Market Price;2026-09-04T16:00:37.736569556Z;-5;Quote;6.6;693;6.7;309
SETU26;;Market Price;2026-09-04T16:00:37.741611984Z;-5;Quote;6.6;693;6.7;306
SETU26;;Market Price;2026-09-04T16:00:37.741611984Z;-5;Quote;6.6;693;6.7;303
SETU26;;Market Price;2026-09-04T16:00:38.186432994Z;-5;Quote;6.6;693;6.7;305
SETU26;;Market Price;2026-09-04T16:00:44.657113712Z;-5;Quote;6.6;693;6.7;304
SETU26;;Market Price;2026-09-04T16:02:09.501207593Z;-5;Quote;6.65;1;6.7;304
SETU26;;Market Price;2026-09-04T16:02:09.501207593Z;-5;Quote;6.6;693;6.7;304
SETU26;;Market Price;2026-09-04T16:02:09.501207593Z;-5;Quote;6.6;693;6.7;303
SETU26;;Market Price;2026-09-04T16:02:09.501207593Z;-5;Quote;6.6;693;6.7;305
SETU26;;Market Price;2026-09-04T16:02:23.646960186Z;-5;Quote;6.6;668;6.7;305
SETU26;;Market Price;2026-09-04T16:02:32.796464960Z;-5;Quote;6.6;668;6.7;302
SETU26;;Market Price;2026-09-04T16:02:33.981238512Z;-5;Quote;6.6;668;6.7;301
SETU26;;Market Price;2026-09-04T16:02:33.981238512Z;-5;Quote;6.6;668;6.7;302
SETU26;;Market Price;2026-09-04T16:02:33.986202871Z;-5;Quote;6.6;668;6.7;301
SETU26;;Market Price;2026-09-04T16:02:34.981835679Z;-5;Quote;6.6;668;6.7;298
SETU26;;Market Price;2026-09-04T16:02:34.981835679Z;-5;Quote;6.6;668;6.7;299
SETU26;;Market Price;2026-09-04T16:02:35.596914376Z;-5;Quote;6.6;668;6.7;297
SETU26;;Market Price;2026-09-04T16:02:36.466691991Z;-5;Quote;6.6;668;6.7;296
SETU26;;Market Price;2026-09-04T16:02:36.471614408Z;-5;Quote;6.6;668;6.7;295
SETU26;;Market Price;2026-09-04T16:02:36.471614408Z;-5;Quote;6.6;668;6.7;296
SETU26;;Market Price;2026-09-04T16:02:38.581690707Z;-5;Quote;6.6;668;6.7;293
SETU26;;Market Price;2026-09-04T16:02:38.586323726Z;-5;Quote;6.6;668;6.7;290
SETU26;;Market Price;2026-09-04T16:02:39.076351772Z;-5;Quote;6.6;668;6.7;291
SETU26;;Market Price;2026-09-04T16:02:39.151973620Z;-5;Quote;6.6;668;6.7;288
SETU26;;Market Price;2026-09-04T16:02:39.491473854Z;-5;Quote;6.6;668;6.7;289
SETU26;;Market Price;2026-09-04T16:02:41.796437826Z;-5;Quote;6.6;668;6.7;286
SETU26;;Market Price;2026-09-04T16:02:51.811482394Z;-5;Quote;6.6;668;6.7;283
SETU26;;Market Price;2026-09-04T16:02:51.811482394Z;-5;Quote;6.6;668;6.7;280
SETU26;;Market Price;2026-09-04T16:02:51.811482394Z;-5;Quote;6.6;668;6.7;281
SETU26;;Market Price;2026-09-04T16:02:51.816496374Z;-5;Quote;6.6;668;6.7;278
SETU26;;Market Price;2026-09-04T16:02:52.282061339Z;-5;Quote;6.6;668;6.7;280
SETU26;;Market Price;2026-09-04T16:02:52.816787354Z;-5;Quote;6.6;668;6.7;277
SETU26;;Market Price;2026-09-04T16:02:53.251507060Z;-5;Quote;6.6;668;6.7;276
SETU26;;Market Price;2026-09-04T16:02:53.256545682Z;-5;Quote;6.6;668;6.7;277
SETU26;;Market Price;2026-09-04T16:02:55.841559140Z;-5;Quote;6.6;668;6.7;275
SETU26;;Market Price;2026-09-04T16:02:56.011303308Z;-5;Quote;6.6;668;6.7;274
SETU26;;Market Price;2026-09-04T16:02:56.131810771Z;-5;Quote;6.6;667;6.7;274
SETU26;;Market Price;2026-09-04T16:02:56.136843963Z;-5;Quote;6.6;667;6.7;273
SETU26;;Market Price;2026-09-04T16:02:56.136843963Z;-5;Quote;6.6;667;6.7;274
SETU26;;Market Price;2026-09-04T16:02:56.176679509Z;-5;Quote;6.6;667;6.7;275
SETU26;;Market Price;2026-09-04T16:02:57.011933677Z;-5;Quote;6.6;667;6.7;274
SETU26;;Market Price;2026-09-04T16:02:57.266573246Z;-5;Quote;6.6;667;6.7;273
SETU26;;Market Price;2026-09-04T16:02:57.271490793Z;-5;Quote;6.6;667;6.7;272
SETU26;;Market Price;2026-09-04T16:03:16.587074391Z;-5;Quote;6.65;250;6.7;272
SETU26;;Market Price;2026-09-04T16:03:16.587074391Z;-5;Quote;6.65;251;6.7;272
SETU26;;Market Price;2026-09-04T16:03:20.006166759Z;-5;Quote;6.65;201;6.7;272
SETU26;;Market Price;2026-09-04T16:03:20.006166759Z;-5;Quote;6.65;203;6.7;272
SETU26;;Market Price;2026-09-04T16:03:20.006166759Z;-5;Quote;6.65;203;6.7;284
SETU26;;Market Price;2026-09-04T16:03:20.422021199Z;-5;Quote;6.65;200;6.7;284
SETU26;;Market Price;2026-09-04T16:03:28.746527720Z;-5;Quote;6.65;198;6.7;284
SETU26;;Market Price;2026-09-04T16:03:28.746527720Z;-5;Quote;6.65;197;6.7;284
SETU26;;Market Price;2026-09-04T16:03:28.771469611Z;-5;Quote;6.65;197;6.7;281
SETU26;;Market Price;2026-09-04T16:04:02.602128458Z;-5;Quote;6.6;667;6.65;3
SETU26;;Market Price;2026-09-04T16:04:02.602128458Z;-5;Quote;6.6;667;6.65;44
SETU26;;Market Price;2026-09-04T16:04:02.606888157Z;-5;Quote;6.6;667;6.65;43
SETU26;;Market Price;2026-09-04T16:04:02.606888157Z;-5;Quote;6.6;667;6.65;92
SETU26;;Market Price;2026-09-04T16:04:02.622021187Z;-5;Quote;6.6;267;6.65;92
SETU26;;Market Price;2026-09-04T16:04:03.001282706Z;-5;Quote;6.6;267;6.65;87
SETU26;;Market Price;2026-09-04T16:04:20.981427028Z;-5;Quote;6.6;266;6.65;87
SETU26;;Market Price;2026-09-04T16:04:28.226752015Z;-5;Quote;6.6;266;6.65;86
SETU26;;Market Price;2026-09-04T16:05:09.256743474Z;-5;Quote;6.6;246;6.65;86
SETU26;;Market Price;2026-09-04T16:05:09.256743474Z;-5;Quote;6.6;241;6.65;86
SETU26;;Market Price;2026-09-04T16:05:09.256743474Z;-5;Quote;6.6;241;6.65;85
SETU26;;Market Price;2026-09-04T16:05:20.401313426Z;-5;Quote;6.6;41;6.65;85
SETU26;;Market Price;2026-09-04T16:05:20.401313426Z;-5;Quote;6.55;3125;6.65;85
SETU26;;Market Price;2026-09-04T16:05:20.401313426Z;-5;Quote;6.6;6;6.65;85
SETU26;;Market Price;2026-09-04T16:05:20.401313426Z;-5;Quote;6.6;2;6.65;85
SETU26;;Market Price;2026-09-04T16:05:20.526734030Z;-5;Quote;6.55;1925;6.65;85
SETU26;;Market Price;2026-09-04T16:05:26.571750641Z;-5;Quote;6.55;1922;6.65;85
SETU26;;Market Price;2026-09-04T16:05:30.321873899Z;-5;Quote;6.55;1522;6.65;85
SETU26;;Market Price;2026-09-04T16:05:30.336862681Z;-5;Quote;6.55;1122;6.65;85
SETU26;;Market Price;2026-09-04T16:05:30.957161658Z;-5;Quote;6.6;20;6.65;85
SETU26;;Market Price;2026-09-04T16:05:30.957161658Z;-5;Quote;6.6;21;6.65;85
SETU26;;Market Price;2026-09-04T16:05:31.041712401Z;-5;Quote;6.6;1;6.65;85
SETU26;;Market Price;2026-09-04T16:05:31.041712401Z;-5;Quote;6.55;1122;6.65;85
SETU26;;Market Price;2026-09-04T16:05:33.136525137Z;-5;Quote;6.6;20;6.65;85
SETU26;;Market Price;2026-09-04T16:05:38.931651494Z;-5;Quote;6.55;1122;6.65;85
SETU26;;Market Price;2026-09-04T16:05:40.846605630Z;-5;Quote;6.6;250;6.65;85
SETU26;;Market Price;2026-09-04T16:06:01.866512888Z;-5;Quote;6.6;295;6.65;85
SETU26;;Market Price;2026-09-04T16:06:06.602213461Z;-5;Quote;6.6;595;6.65;85
SETU26;;Market Price;2026-09-04T16:06:06.602213461Z;-5;Quote;6.6;595;6.65;97
SETU26;;Market Price;2026-09-04T16:06:06.632045471Z;-5;Quote;6.6;594;6.65;97
SETU26;;Market Price;2026-09-04T16:06:06.637098787Z;-5;Quote;6.6;594;6.65;98
SETU26;;Market Price;2026-09-04T16:06:21.256432065Z;-5;Quote;6.6;593;6.65;98
SETU26;;Market Price;2026-09-04T16:06:23.712226983Z;-5;Quote;6.6;548;6.65;98
SETU26;;Market Price;2026-09-04T16:06:27.076196825Z;-5;Quote;6.6;593;6.65;98
SETU26;;Market Price;2026-09-04T16:06:34.401849785Z;-5;Quote;6.6;548;6.65;98
SETU26;;Market Price;2026-09-04T16:06:37.336864941Z;-5;Quote;6.6;548;6.65;97
SETU26;;Market Price;2026-09-04T16:06:38.336508554Z;-5;Quote;6.6;548;6.65;96
SETU26;;Market Price;2026-09-04T16:06:41.251441011Z;-5;Quote;6.6;548;6.65;95
SETU26;;Market Price;2026-09-04T16:06:41.251441011Z;-5;Quote;6.6;548;6.65;94
SETU26;;Market Price;2026-09-04T16:06:42.321393130Z;-5;Quote;6.6;548;6.65;91
SETU26;;Market Price;2026-09-04T16:06:42.436763402Z;-5;Quote;6.6;548;6.65;90
SETU26;;Market Price;2026-09-04T16:06:42.441824762Z;-5;Quote;6.6;548;6.65;89
SETU26;;Market Price;2026-09-04T16:06:44.247353485Z;-5;Quote;6.6;548;6.65;86
SETU26;;Market Price;2026-09-04T16:06:47.116387123Z;-5;Quote;6.6;548;6.65;84
SETU26;;Market Price;2026-09-04T16:06:50.306735079Z;-5;Quote;6.6;548;6.65;83
SETU26;;Market Price;2026-09-04T16:07:23.786940354Z;-5;Quote;6.6;548;6.65;81
SETU26;;Market Price;2026-09-04T16:07:23.786940354Z;-5;Quote;6.6;548;6.65;80
SETU26;;Market Price;2026-09-04T16:07:23.786940354Z;-5;Quote;6.6;548;6.65;79
SETU26;;Market Price;2026-09-04T16:07:23.791845380Z;-5;Quote;6.6;548;6.65;78
SETU26;;Market Price;2026-09-04T16:07:41.282057892Z;-5;Quote;6.6;548;6.65;77
SETU26;;Market Price;2026-09-04T16:08:29.916761314Z;-5;Quote;6.6;648;6.65;77
SETU26;;Market Price;2026-09-04T16:08:59.086453156Z;-5;Quote;6.6;648;6.65;277
SETU26;;Market Price;2026-09-04T16:09:07.851852045Z;-5;Quote;6.6;693;6.65;277
SETU26;;Market Price;2026-09-04T16:09:31.546477454Z;-5;Quote;6.6;692;6.65;277
SETU26;;Market Price;2026-09-04T16:09:31.546477454Z;-5;Quote;6.6;692;6.65;276
SETU26;;Market Price;2026-09-04T16:09:31.546477454Z;-5;Quote;6.6;692;6.65;289
SETU26;;Market Price;2026-09-04T16:09:31.551387427Z;-5;Quote;6.6;692;6.65;290
SETU26;;Market Price;2026-09-04T16:09:35.546925905Z;-5;Quote;6.6;692;6.65;289
SETU26;;Market Price;2026-09-04T16:09:46.546374578Z;-5;Quote;6.6;692;6.65;285
SETU26;;Market Price;2026-09-04T16:09:56.546712960Z;-5;Quote;6.6;692;6.65;265
SETU26;;Market Price;2026-09-04T16:09:57.016616002Z;-5;Quote;6.6;692;6.65;275
SETU26;;Market Price;2026-09-04T16:10:00.026885746Z;-5;Quote;6.6;692;6.65;255
SETU26;;Market Price;2026-09-04T16:10:00.187180890Z;-5;Quote;6.6;692;6.65;275
SETU26;;Market Price;2026-09-04T16:10:06.702178548Z;-5;Quote;6.6;692;6.65;315
SETU26;;Market Price;2026-09-04T16:10:09.276269606Z;-5;Quote;6.65;78;6.7;1242
SETU26;;Market Price;2026-09-04T16:10:09.276269606Z;-5;Quote;6.65;78;6.7;1212
SETU26;;Market Price;2026-09-04T16:10:09.276269606Z;-5;Quote;6.65;78;6.7;1211
SETU26;;Market Price;2026-09-04T16:10:09.276269606Z;-5;Quote;6.65;78;6.7;1202
SETU26;;Market Price;2026-09-04T16:10:09.276269606Z;-5;Quote;6.65;78;6.7;1201
SETU26;;Market Price;2026-09-04T16:10:09.276269606Z;-5;Quote;6.65;89;6.7;1201
SETU26;;Market Price;2026-09-04T16:10:09.276269606Z;-5;Quote;6.65;89;6.7;1200
SETU26;;Market Price;2026-09-04T16:10:09.286210422Z;-5;Quote;6.65;89;6.7;800
SETU26;;Market Price;2026-09-04T16:10:09.292194245Z;-5;Quote;6.65;89;6.7;400
SETU26;;Market Price;2026-09-04T16:10:10.072045447Z;-5;Quote;6.65;11;6.7;400
SETU26;;Market Price;2026-09-04T16:10:10.072045447Z;-5;Quote;6.65;2;6.7;400
SETU26;;Market Price;2026-09-04T16:10:10.361464373Z;-5;Quote;6.6;1092;6.7;400
SETU26;;Market Price;2026-09-04T16:10:10.411294305Z;-5;Quote;6.6;1092;6.7;474
SETU26;;Market Price;2026-09-04T16:10:19.302157571Z;-5;Quote;6.6;1092;6.7;518
SETU26;;Market Price;2026-09-04T16:10:51.096423735Z;-5;Quote;6.6;1092;6.7;526
SETU26;;Market Price;2026-09-04T16:11:23.341478483Z;-5;Quote;6.6;1092;6.65;30
SETU26;;Market Price;2026-09-04T16:11:23.341478483Z;-5;Quote;6.6;1092;6.65;91
SETU26;;Market Price;2026-09-04T16:11:23.341478483Z;-5;Quote;6.6;1092;6.65;99
SETU26;;Market Price;2026-09-04T16:11:23.341478483Z;-5;Quote;6.6;1092;6.65;89
SETU26;;Market Price;2026-09-04T16:11:23.341478483Z;-5;Quote;6.6;1092;6.65;94
SETU26;;Market Price;2026-09-04T16:11:23.341478483Z;-5;Quote;6.6;1092;6.65;93
SETU26;;Market Price;2026-09-04T16:11:23.356429276Z;-5;Quote;6.6;692;6.65;93
SETU26;;Market Price;2026-09-04T16:11:23.831300488Z;-5;Quote;6.6;692;6.65;163
SETU26;;Market Price;2026-09-04T16:11:33.726441286Z;-5;Quote;6.6;692;6.65;161
SETU26;;Market Price;2026-09-04T16:11:33.866813570Z;-5;Quote;6.6;692;6.65;158
SETU26;;Market Price;2026-09-04T16:11:33.866813570Z;-5;Quote;6.6;692;6.65;155
SETU26;;Market Price;2026-09-04T16:11:33.871848669Z;-5;Quote;6.6;692;6.65;152
SETU26;;Market Price;2026-09-04T16:11:33.871848669Z;-5;Quote;6.6;692;6.65;149
SETU26;;Market Price;2026-09-04T16:11:40.027141262Z;-5;Quote;6.6;692;6.65;144
SETU26;;Market Price;2026-09-04T16:11:50.061843221Z;-5;Quote;6.6;692;6.65;140
SETU26;;Market Price;2026-09-04T16:11:57.957187248Z;-5;Quote;6.6;692;6.65;137
SETU26;;Market Price;2026-09-04T16:11:57.957187248Z;-5;Quote;6.6;692;6.65;134
SETU26;;Market Price;2026-09-04T16:12:09.331874041Z;-5;Quote;6.6;692;6.65;127
SETU26;;Market Price;2026-09-04T16:12:09.336759958Z;-5;Quote;6.6;692;6.65;126
SETU26;;Market Price;2026-09-04T16:12:10.016655309Z;-5;Quote;6.6;692;6.65;119
SETU26;;Market Price;2026-09-04T16:12:20.056751880Z;-5;Quote;6.6;692;6.65;99
SETU26;;Market Price;2026-09-04T16:12:20.251959889Z;-5;Quote;6.6;647;6.65;99
SETU26;;Market Price;2026-09-04T16:12:24.306940000Z;-5;Quote;6.6;692;6.65;99
SETU26;;Market Price;2026-09-04T16:12:24.671242705Z;-5;Quote;6.6;647;6.65;99
SETU26;;Market Price;2026-09-04T16:12:24.856526900Z;-5;Quote;6.6;692;6.65;99
SETU26;;Market Price;2026-09-04T16:12:30.007126425Z;-5;Quote;6.6;692;6.65;79
SETU26;;Market Price;2026-09-04T16:12:30.012159387Z;-5;Quote;6.6;692;6.65;78
SETU26;;Market Price;2026-09-04T16:12:30.272022548Z;-5;Quote;6.6;647;6.65;78
SETU26;;Market Price;2026-09-04T16:12:35.881653335Z;-5;Quote;6.6;647;6.65;79
SETU26;;Market Price;2026-09-04T16:12:40.126652373Z;-5;Quote;6.6;647;6.65;131
SETU26;;Market Price;2026-09-04T16:12:42.322284871Z;-5;Quote;6.6;647;6.65;97
SETU26;;Market Price;2026-09-04T16:12:42.322284871Z;-5;Quote;6.6;647;6.65;102
SETU26;;Market Price;2026-09-04T16:12:42.322284871Z;-5;Quote;6.6;647;6.65;101
SETU26;;Market Price;2026-09-04T16:12:42.796876529Z;-5;Quote;6.6;647;6.65;128
SETU26;;Market Price;2026-09-04T16:13:10.507177446Z;-5;Quote;6.6;692;6.65;128
SETU26;;Market Price;2026-09-04T16:13:10.507177446Z;-5;Quote;6.6;692;6.65;108
SETU26;;Market Price;2026-09-04T16:13:10.507177446Z;-5;Quote;6.6;647;6.65;108
SETU26;;Market Price;2026-09-04T16:13:10.507177446Z;-5;Quote;6.6;647;6.65;107
SETU26;;Market Price;2026-09-04T16:13:10.846677573Z;-5;Quote;6.6;647;6.65;116
SETU26;;Market Price;2026-09-04T16:14:15.332007487Z;-5;Quote;6.6;647;6.65;67
SETU26;;Market Price;2026-09-04T16:14:15.332007487Z;-5;Quote;6.6;647;6.65;66
SETU26;;Market Price;2026-09-04T16:14:15.332007487Z;-5;Quote;6.6;647;6.65;78
SETU26;;Market Price;2026-09-04T16:14:31.661675420Z;-5;Quote;6.6;647;6.65;75
SETU26;;Market Price;2026-09-04T16:14:31.661675420Z;-5;Quote;6.6;647;6.65;76
SETU26;;Market Price;2026-09-04T16:14:40.331894113Z;-5;Quote;6.6;647;6.65;41
SETU26;;Market Price;2026-09-04T16:14:40.331894113Z;-5;Quote;6.6;647;6.65;40
SETU26;;Market Price;2026-09-04T16:14:50.361357155Z;-5;Quote;6.6;647;6.65;84
SETU26;;Market Price;2026-09-04T16:14:50.361357155Z;-5;Quote;6.6;647;6.65;92
SETU26;;Market Price;2026-09-04T16:14:56.111309360Z;-5;Quote;6.6;647;6.65;57
SETU26;;Market Price;2026-09-04T16:14:56.111309360Z;-5;Quote;6.6;647;6.65;66
SETU26;;Market Price;2026-09-04T16:14:56.111309360Z;-5;Quote;6.6;647;6.65;64
SETU26;;Market Price;2026-09-04T16:15:14.822342109Z;-5;Quote;6.6;647;6.65;48
SETU26;;Market Price;2026-09-04T16:15:14.827314515Z;-5;Quote;6.6;647;6.65;52
SETU26;;Market Price;2026-09-04T16:15:15.327136850Z;-5;Quote;6.6;647;6.65;28
SETU26;;Market Price;2026-09-04T16:15:15.332095955Z;-5;Quote;6.6;647;6.65;27
SETU26;;Market Price;2026-09-04T16:15:15.332095955Z;-5;Quote;6.6;647;6.65;33
SETU26;;Market Price;2026-09-04T16:15:24.886608047Z;-5;Quote;6.6;647;6.65;21
SETU26;;Market Price;2026-09-04T16:15:34.926777399Z;-5;Quote;6.6;647;6.7;1200
SETU26;;Market Price;2026-09-04T16:15:34.926777399Z;-5;Quote;6.6;647;6.7;1242
SETU26;;Market Price;2026-09-04T16:15:34.926777399Z;-5;Quote;6.6;648;6.7;1242
SETU26;;Market Price;2026-09-04T16:15:34.926777399Z;-5;Quote;6.6;648;6.7;1250
SETU26;;Market Price;2026-09-04T16:15:34.941710451Z;-5;Quote;6.6;648;6.7;850
SETU26;;Market Price;2026-09-04T16:15:34.941710451Z;-5;Quote;6.6;648;6.7;450
SETU26;;Market Price;2026-09-04T16:15:34.946696348Z;-5;Quote;6.6;1048;6.7;450
SETU26;;Market Price;2026-09-04T16:15:55.116504634Z;-5;Quote;6.6;698;6.7;450
SETU26;;Market Price;2026-09-04T16:15:55.116504634Z;-5;Quote;6.6;716;6.7;450
SETU26;;Market Price;2026-09-04T16:15:55.116504634Z;-5;Quote;6.6;716;6.7;517
SETU26;;Market Price;2026-09-04T16:15:56.376725357Z;-5;Quote;6.6;720;6.7;517
SETU26;;Market Price;2026-09-04T16:15:57.241626559Z;-5;Quote;6.6;720;6.7;518
SETU26;;Market Price;2026-09-04T16:16:02.176389992Z;-5;Quote;6.6;720;6.7;510
SETU26;;Market Price;2026-09-04T16:16:02.176389992Z;-5;Quote;6.6;720;6.7;443
SETU26;;Market Price;2026-09-04T16:16:21.101406476Z;-5;Quote;6.6;720;6.7;426
SETU26;;Market Price;2026-09-04T16:16:21.101406476Z;-5;Quote;6.6;721;6.7;426
SETU26;;Market Price;2026-09-04T16:16:21.322280467Z;-5;Quote;6.6;721;6.7;443
SETU26;;Market Price;2026-09-04T16:16:49.601619584Z;-5;Quote;6.65;15;6.7;443
SETU26;;Market Price;2026-09-04T16:16:49.651344685Z;-5;Quote;6.65;35;6.7;443
SETU26;;Market Price;2026-09-04T16:16:55.106606192Z;-5;Quote;6.65;39;6.7;443
SETU26;;Market Price;2026-09-04T16:16:55.831955043Z;-5;Quote;6.65;39;6.7;43
SETU26;;Market Price;2026-09-04T16:17:09.341947144Z;-5;Quote;6.65;19;6.7;43
SETU26;;Market Price;2026-09-04T16:17:09.366757588Z;-5;Quote;6.65;19;6.7;23
SETU26;;Market Price;2026-09-04T16:17:22.361614294Z;-5;Quote;6.65;19;6.7;24
SETU26;;Market Price;2026-09-04T16:17:28.771663452Z;-5;Quote;6.65;19;6.7;22
SETU26;;Market Price;2026-09-04T16:17:49.586919943Z;-5;Quote;6.65;19;6.7;21
SETU26;;Market Price;2026-09-04T16:17:49.586919943Z;-5;Quote;6.65;19;6.7;19
SETU26;;Market Price;2026-09-04T16:17:49.586919943Z;-5;Quote;6.65;19;6.7;17
SETU26;;Market Price;2026-09-04T16:17:50.741859974Z;-5;Quote;6.65;19;6.7;14
SETU26;;Market Price;2026-09-04T16:17:50.741859974Z;-5;Quote;6.65;19;6.7;11
SETU26;;Market Price;2026-09-04T16:17:50.741859974Z;-5;Quote;6.65;19;6.7;10
SETU26;;Market Price;2026-09-04T16:17:50.746774092Z;-5;Quote;6.65;19;6.7;9
SETU26;;Market Price;2026-09-04T16:17:51.737191779Z;-5;Quote;6.65;19;6.7;8
SETU26;;Market Price;2026-09-04T16:17:55.332279753Z;-5;Quote;6.65;19;6.75;2998
SETU26;;Market Price;2026-09-04T16:17:55.332279753Z;-5;Quote;6.65;21;6.75;2998
SETU26;;Market Price;2026-09-04T16:17:55.342234292Z;-5;Quote;6.65;21;6.75;2598
SETU26;;Market Price;2026-09-04T16:17:55.347127641Z;-5;Quote;6.65;21;6.75;2198
SETU26;;Market Price;2026-09-04T16:17:55.347127641Z;-5;Quote;6.65;21;6.75;1798
SETU26;;Market Price;2026-09-04T16:17:55.347127641Z;-5;Quote;6.65;421;6.75;1798
SETU26;;Market Price;2026-09-04T16:17:55.831744029Z;-5;Quote;6.65;421;6.75;1398
SETU26;;Market Price;2026-09-04T16:17:55.846734306Z;-5;Quote;6.65;421;6.75;998
SETU26;;Market Price;2026-09-04T16:18:04.182111141Z;-5;Quote;6.65;421;6.75;997
SETU26;;Market Price;2026-09-04T16:18:04.606909980Z;-5;Quote;6.65;421;6.75;447
SETU26;;Market Price;2026-09-04T16:18:05.181523964Z;-5;Quote;6.65;421;6.75;446
SETU26;;Market Price;2026-09-04T16:18:05.391603936Z;-5;Quote;6.65;421;6.75;482
SETU26;;Market Price;2026-09-04T16:18:25.637153777Z;-5;Quote;6.65;421;6.75;478
SETU26;;Market Price;2026-09-04T16:18:44.762192738Z;-5;Quote;6.7;4;6.75;478
SETU26;;Market Price;2026-09-04T16:18:44.762192738Z;-5;Quote;6.65;417;6.75;478
SETU26;;Market Price;2026-09-04T16:18:44.762192738Z;-5;Quote;6.65;415;6.75;478
SETU26;;Market Price;2026-09-04T16:18:44.811980299Z;-5;Quote;6.65;417;6.75;478
SETU26;;Market Price;2026-09-04T16:18:57.656811478Z;-5;Quote;6.65;430;6.75;478
SETU26;;Market Price;2026-09-04T16:19:01.662291210Z;-5;Quote;6.65;417;6.75;465
SETU26;;Market Price;2026-09-04T16:19:08.621346405Z;-5;Quote;6.65;417;6.75;466
SETU26;;Market Price;2026-09-04T16:19:12.907312712Z;-5;Quote;6.7;1;6.75;466
SETU26;;Market Price;2026-09-04T16:19:12.957083535Z;-5;Quote;6.7;3;6.75;466
SETU26;;Market Price;2026-09-04T16:19:25.207176941Z;-5;Quote;6.7;3;6.75;463
SETU26;;Market Price;2026-09-04T16:19:27.706999666Z;-5;Quote;6.7;3;6.75;461
SETU26;;Market Price;2026-09-04T16:19:28.661688774Z;-5;Quote;6.7;15;6.75;461
SETU26;;Market Price;2026-09-04T16:19:31.666983792Z;-5;Quote;6.7;3;6.75;449
SETU26;;Market Price;2026-09-04T16:19:31.666983792Z;-5;Quote;6.7;4;6.75;449
SETU26;;Market Price;2026-09-04T16:19:35.036360585Z;-5;Quote;6.7;4;6.75;446
SETU26;;Market Price;2026-09-04T16:19:35.042312160Z;-5;Quote;6.7;4;6.75;443
SETU26;;Market Price;2026-09-04T16:19:35.046310399Z;-5;Quote;6.7;4;6.75;442
SETU26;;Market Price;2026-09-04T16:19:53.462097404Z;-5;Quote;6.7;3;6.75;442
SETU26;;Market Price;2026-09-04T16:19:53.462097404Z;-5;Quote;6.7;1;6.75;442
SETU26;;Market Price;2026-09-04T16:19:53.462097404Z;-5;Quote;6.65;415;6.75;442
SETU26;;Market Price;2026-09-04T16:19:53.486947680Z;-5;Quote;6.65;415;6.75;439
SETU26;;Market Price;2026-09-04T16:19:59.126568842Z;-5;Quote;6.65;427;6.75;439
SETU26;;Market Price;2026-09-04T16:20:03.137219941Z;-5;Quote;6.65;415;6.75;427
SETU26;;Market Price;2026-09-04T16:20:03.336406729Z;-5;Quote;6.65;415;6.75;437
SETU26;;Market Price;2026-09-04T16:20:11.841568070Z;-5;Quote;6.65;415;6.75;37
SETU26;;Market Price;2026-09-04T16:20:29.861806779Z;-5;Quote;6.65;427;6.75;37
SETU26;;Market Price;2026-09-04T16:20:33.287094913Z;-5;Quote;6.65;427;6.75;34
SETU26;;Market Price;2026-09-04T16:20:33.287094913Z;-5;Quote;6.65;427;6.75;31
SETU26;;Market Price;2026-09-04T16:20:33.871952877Z;-5;Quote;6.65;415;6.75;19
SETU26;;Market Price;2026-09-04T16:21:00.596400995Z;-5;Quote;6.65;427;6.75;19
SETU26;;Market Price;2026-09-04T16:21:04.606632129Z;-5;Quote;6.65;415;6.75;7
SETU26;;Market Price;2026-09-04T16:21:24.371731796Z;-5;Quote;6.65;415;6.8;3972
SETU26;;Market Price;2026-09-04T16:21:24.371731796Z;-5;Quote;6.65;415;6.8;3572
SETU26;;Market Price;2026-09-04T16:21:24.371731796Z;-5;Quote;6.65;815;6.8;3572
SETU26;;Market Price;2026-09-04T16:21:24.371731796Z;-5;Quote;6.65;415;6.8;3572
SETU26;;Market Price;2026-09-04T16:21:24.371731796Z;-5;Quote;6.65;415;6.8;3972
SETU26;;Market Price;2026-09-04T16:21:24.371731796Z;-5;Quote;6.65;416;6.8;3972
SETU26;;Market Price;2026-09-04T16:21:24.391642358Z;-5;Quote;6.65;416;6.8;3572
SETU26;;Market Price;2026-09-04T16:21:24.421432448Z;-5;Quote;6.65;416;6.8;3172
SETU26;;Market Price;2026-09-04T16:21:24.442352924Z;-5;Quote;6.65;416;6.8;2772
SETU26;;Market Price;2026-09-04T16:21:24.457340314Z;-5;Quote;6.65;416;6.8;3172
SETU26;;Market Price;2026-09-04T16:21:25.426662100Z;-5;Quote;6.65;416;6.8;3572
SETU26;;Market Price;2026-09-04T16:21:31.336302015Z;-5;Quote;6.65;428;6.8;3572
SETU26;;Market Price;2026-09-04T16:21:34.442891097Z;-5;Quote;6.65;428;6.8;3611
SETU26;;Market Price;2026-09-04T16:21:35.341610145Z;-5;Quote;6.65;416;6.8;3599
SETU26;;Market Price;2026-09-04T16:21:35.341610145Z;-5;Quote;6.65;417;6.8;3599
SETU26;;Market Price;2026-09-04T16:21:54.896909211Z;-5;Quote;6.65;417;6.8;3199
SETU26;;Market Price;2026-09-04T16:21:54.926768128Z;-5;Quote;6.65;417;6.8;3599
SETU26;;Market Price;2026-09-04T16:22:02.072286633Z;-5;Quote;6.65;430;6.8;3599
SETU26;;Market Price;2026-09-04T16:22:06.076371778Z;-5;Quote;6.65;417;6.8;3586
SETU26;;Market Price;2026-09-04T16:22:22.727216544Z;-5;Quote;6.65;417;6.8;3587
SETU26;;Market Price;2026-09-04T16:22:25.896960648Z;-5;Quote;6.65;417;6.8;3187
SETU26;;Market Price;2026-09-04T16:22:25.926822211Z;-5;Quote;6.65;417;6.8;3587
SETU26;;Market Price;2026-09-04T16:22:32.806616615Z;-5;Quote;6.65;429;6.8;3587
SETU26;;Market Price;2026-09-04T16:22:36.811693855Z;-5;Quote;6.65;417;6.8;3575
SETU26;;Market Price;2026-09-04T16:22:36.811693855Z;-5;Quote;6.65;418;6.8;3575
SETU26;;Market Price;2026-09-04T16:22:37.581292028Z;-5;Quote;6.65;417;6.8;3575
SETU26;;Market Price;2026-09-04T16:22:37.581292028Z;-5;Quote;6.65;416;6.8;3575
SETU26;;Market Price;2026-09-04T16:22:37.581292028Z;-5;Quote;6.65;415;6.8;3575
SETU26;;Market Price;2026-09-04T16:22:37.607174652Z;-5;Quote;6.65;415;6.8;3572
SETU26;;Market Price;2026-09-04T16:22:56.897344199Z;-5;Quote;6.65;415;6.8;3172
SETU26;;Market Price;2026-09-04T16:22:56.921257272Z;-5;Quote;6.65;415;6.8;3572
SETU26;;Market Price;2026-09-04T16:23:03.541903296Z;-5;Quote;6.65;427;6.8;3572
SETU26;;Market Price;2026-09-04T16:23:07.551273638Z;-5;Quote;6.65;415;6.8;3560
SETU26;;Market Price;2026-09-04T16:23:20.591620705Z;-5;Quote;6.65;414;6.8;3560
SETU26;;Market Price;2026-09-04T16:23:27.896224583Z;-5;Quote;6.65;414;6.8;3160
SETU26;;Market Price;2026-09-04T16:23:27.921935677Z;-5;Quote;6.65;414;6.8;3560
SETU26;;Market Price;2026-09-04T16:23:34.277176058Z;-5;Quote;6.65;426;6.8;3560
SETU26;;Market Price;2026-09-04T16:23:38.286670735Z;-5;Quote;6.65;414;6.8;3548
SETU26;;Market Price;2026-09-04T16:23:58.897184601Z;-5;Quote;6.65;414;6.8;3148
SETU26;;Market Price;2026-09-04T16:23:58.921990633Z;-5;Quote;6.65;414;6.8;3548
SETU26;;Market Price;2026-09-04T16:24:05.017294615Z;-5;Quote;6.65;426;6.8;3548
SETU26;;Market Price;2026-09-04T16:24:09.021742808Z;-5;Quote;6.65;414;6.8;3536
SETU26;;Market Price;2026-09-04T16:24:09.021742808Z;-5;Quote;6.65;415;6.8;3536
SETU26;;Market Price;2026-09-04T16:24:19.626435371Z;-5;Quote;6.75;1;6.8;3536
SETU26;;Market Price;2026-09-04T16:24:19.626435371Z;-5;Quote;6.75;1;6.8;3136
SETU26;;Market Price;2026-09-04T16:24:19.626435371Z;-5;Quote;6.65;815;6.8;3136
SETU26;;Market Price;2026-09-04T16:24:19.626435371Z;-5;Quote;6.65;815;6.8;2736
SETU26;;Market Price;2026-09-04T16:24:19.626435371Z;-5;Quote;6.65;1215;6.8;2736
SETU26;;Market Price;2026-09-04T16:24:19.626435371Z;-5;Quote;6.65;1214;6.8;2736
SETU26;;Market Price;2026-09-04T16:24:19.626435371Z;-5;Quote;6.65;814;6.8;2736
SETU26;;Market Price;2026-09-04T16:24:19.626435371Z;-5;Quote;6.65;814;6.8;3136
SETU26;;Market Price;2026-09-04T16:24:19.642218765Z;-5;Quote;6.65;414;6.8;3136
SETU26;;Market Price;2026-09-04T16:24:19.642218765Z;-5;Quote;6.65;414;6.8;3536
SETU26;;Market Price;2026-09-04T16:24:19.646220976Z;-5;Quote;6.7;400;6.8;3536
SETU26;;Market Price;2026-09-04T16:24:19.646220976Z;-5;Quote;6.7;400;6.8;3136
SETU26;;Market Price;2026-09-04T16:24:19.646220976Z;-5;Quote;6.7;400;6.8;2736
SETU26;;Market Price;2026-09-04T16:24:19.652174586Z;-5;Quote;6.7;400;6.8;2336
SETU26;;Market Price;2026-09-04T16:24:19.662223210Z;-5;Quote;6.65;2044;6.8;2336
SETU26;;Market Price;2026-09-04T16:24:19.662223210Z;-5;Quote;6.65;1644;6.8;2336
SETU26;;Market Price;2026-09-04T16:24:19.662223210Z;-5;Quote;6.65;1644;6.8;2736
SETU26;;Market Price;2026-09-04T16:24:19.667140320Z;-5;Quote;6.65;1244;6.8;2736
SETU26;;Market Price;2026-09-04T16:24:19.667140320Z;-5;Quote;6.65;1244;6.8;3136
SETU26;;Market Price;2026-09-04T16:24:19.677087955Z;-5;Quote;6.65;844;6.8;3136
SETU26;;Market Price;2026-09-04T16:24:19.677087955Z;-5;Quote;6.65;844;6.8;3536
SETU26;;Market Price;2026-09-04T16:24:19.677087955Z;-5;Quote;6.65;814;6.8;3536
SETU26;;Market Price;2026-09-04T16:24:19.682132442Z;-5;Quote;6.65;815;6.8;3536
SETU26;;Market Price;2026-09-04T16:24:19.682132442Z;-5;Quote;6.65;415;6.8;3536
SETU26;;Market Price;2026-09-04T16:24:19.692090623Z;-5;Quote;6.65;415;6.8;3136
SETU26;;Market Price;2026-09-04T16:24:19.711189437Z;-5;Quote;6.65;415;6.8;2736
SETU26;;Market Price;2026-09-04T16:24:19.726875564Z;-5;Quote;6.65;415;6.8;3136
SETU26;;Market Price;2026-09-04T16:24:20.716522841Z;-5;Quote;6.65;415;6.8;3536
SETU26;;Market Price;2026-09-04T16:24:20.716522841Z;-5;Quote;6.65;414;6.8;3536
SETU26;;Market Price;2026-09-04T16:24:35.751291973Z;-5;Quote;6.65;426;6.8;3536
SETU26;;Market Price;2026-09-04T16:24:39.756344453Z;-5;Quote;6.65;414;6.8;3524
SETU26;;Market Price;2026-09-04T16:24:49.896398276Z;-5;Quote;6.65;414;6.8;3124
SETU26;;Market Price;2026-09-04T16:24:49.921298548Z;-5;Quote;6.65;414;6.8;3524
SETU26;;Market Price;2026-09-04T16:25:01.032247583Z;-5;Quote;6.65;439;6.8;3524
SETU26;;Market Price;2026-09-04T16:25:01.666354536Z;-5;Quote;6.65;464;6.8;3524
SETU26;;Market Price;2026-09-04T16:25:06.487437417Z;-5;Quote;6.65;477;6.8;3524
SETU26;;Market Price;2026-09-04T16:25:10.496886662Z;-5;Quote;6.65;464;6.8;3511
SETU26;;Market Price;2026-09-04T16:25:10.496886662Z;-5;Quote;6.65;464;6.8;3111
SETU26;;Market Price;2026-09-04T16:25:10.496886662Z;-5;Quote;6.65;864;6.8;3111
SETU26;;Market Price;2026-09-04T16:25:10.496886662Z;-5;Quote;6.65;464;6.8;3111
SETU26;;Market Price;2026-09-04T16:25:10.496886662Z;-5;Quote;6.65;465;6.8;3111
SETU26;;Market Price;2026-09-04T16:25:10.496886662Z;-5;Quote;6.65;865;6.8;3111
SETU26;;Market Price;2026-09-04T16:25:10.531682603Z;-5;Quote;6.65;865;6.8;2711
SETU26;;Market Price;2026-09-04T16:25:10.546668972Z;-5;Quote;6.65;865;6.8;3111
SETU26;;Market Price;2026-09-04T16:25:10.616248357Z;-5;Quote;6.65;465;6.8;3111
SETU26;;Market Price;2026-09-04T16:25:10.616248357Z;-5;Quote;6.65;465;6.8;3511
SETU26;;Market Price;2026-09-04T16:25:14.346667047Z;-5;Quote;6.65;510;6.8;3511
SETU26;;Market Price;2026-09-04T16:25:14.351579253Z;-5;Quote;6.65;510;6.8;3500
SETU26;;Market Price;2026-09-04T16:25:14.351579253Z;-5;Quote;6.65;510;6.8;3100
SETU26;;Market Price;2026-09-04T16:25:14.351579253Z;-5;Quote;6.65;910;6.8;3100
SETU26;;Market Price;2026-09-04T16:25:14.386387877Z;-5;Quote;6.65;910;6.8;2700
SETU26;;Market Price;2026-09-04T16:25:14.406390129Z;-5;Quote;6.65;910;6.8;3100
SETU26;;Market Price;2026-09-04T16:25:14.691216244Z;-5;Quote;6.65;865;6.8;3100
SETU26;;Market Price;2026-09-04T16:25:21.702133180Z;-5;Quote;6.65;864;6.8;3100
SETU26;;Market Price;2026-09-04T16:25:21.702133180Z;-5;Quote;6.65;863;6.8;3100
SETU26;;Market Price;2026-09-04T16:25:21.727041441Z;-5;Quote;6.65;863;6.8;3098
SETU26;;Market Price;2026-09-04T16:25:21.727041441Z;-5;Quote;6.65;463;6.8;3098
SETU26;;Market Price;2026-09-04T16:25:21.727041441Z;-5;Quote;6.65;463;6.8;3498
SETU26;;Market Price;2026-09-04T16:25:27.232265439Z;-5;Quote;6.65;462;6.8;3498
SETU26;;Market Price;2026-09-04T16:25:28.016854596Z;-5;Quote;6.65;459;6.8;3498
SETU26;;Market Price;2026-09-04T16:25:28.021766908Z;-5;Quote;6.65;456;6.8;3498
SETU26;;Market Price;2026-09-04T16:25:28.231843144Z;-5;Quote;6.65;454;6.8;3498
SETU26;;Market Price;2026-09-04T16:25:33.141829602Z;-5;Quote;6.65;453;6.8;3498
SETU26;;Market Price;2026-09-04T16:25:33.141829602Z;-5;Quote;6.65;453;6.8;3497
SETU26;;Market Price;2026-09-04T16:25:33.146871472Z;-5;Quote;6.65;453;6.8;3498
SETU26;;Market Price;2026-09-04T16:25:37.221570679Z;-5;Quote;6.65;465;6.8;3498
SETU26;;Market Price;2026-09-04T16:25:41.231503686Z;-5;Quote;6.65;453;6.8;3486
SETU26;;Market Price;2026-09-04T16:25:41.231503686Z;-5;Quote;6.65;454;6.8;3486
SETU26;;Market Price;2026-09-04T16:25:44.897076841Z;-5;Quote;6.65;454;6.8;3086
SETU26;;Market Price;2026-09-04T16:25:44.916997174Z;-5;Quote;6.65;454;6.8;3486
SETU26;;Market Price;2026-09-04T16:26:06.551809154Z;-5;Quote;6.65;454;6.75;10
SETU26;;Market Price;2026-09-04T16:26:06.551809154Z;-5;Quote;6.65;454;6.75;75
SETU26;;Market Price;2026-09-04T16:26:08.711452383Z;-5;Quote;6.65;466;6.75;75
SETU26;;Market Price;2026-09-04T16:26:11.716355459Z;-5;Quote;6.65;454;6.75;63
SETU26;;Market Price;2026-09-04T16:26:12.751290476Z;-5;Quote;6.65;451;6.75;63
SETU26;;Market Price;2026-09-04T16:26:12.751290476Z;-5;Quote;6.65;448;6.75;63
SETU26;;Market Price;2026-09-04T16:26:15.901819234Z;-5;Quote;6.65;448;6.75;68
SETU26;;Market Price;2026-09-04T16:26:38.717221735Z;-5;Quote;6.65;460;6.75;68
SETU26;;Market Price;2026-09-04T16:26:42.727144341Z;-5;Quote;6.65;448;6.75;56
SETU26;;Market Price;2026-09-04T16:26:42.771992943Z;-5;Quote;6.65;451;6.75;56
SETU26;;Market Price;2026-09-04T16:27:09.432112982Z;-5;Quote;6.65;463;6.75;56
SETU26;;Market Price;2026-09-04T16:27:13.436542414Z;-5;Quote;6.65;451;6.75;44
SETU26;;Market Price;2026-09-04T16:27:40.166720673Z;-5;Quote;6.65;463;6.75;44
SETU26;;Market Price;2026-09-04T16:27:44.171776830Z;-5;Quote;6.65;451;6.75;32
SETU26;;Market Price;2026-09-04T16:28:05.821370007Z;-5;Quote;6.65;450;6.75;32
SETU26;;Market Price;2026-09-04T16:28:05.847342024Z;-5;Quote;6.65;450;6.75;30
SETU26;;Market Price;2026-09-04T16:28:10.902065851Z;-5;Quote;6.65;463;6.75;30
SETU26;;Market Price;2026-09-04T16:28:14.911848150Z;-5;Quote;6.65;450;6.75;17
SETU26;;Market Price;2026-09-04T16:28:41.636646189Z;-5;Quote;6.65;462;6.75;17
SETU26;;Market Price;2026-09-04T16:28:43.667238337Z;-5;Quote;6.65;461;6.75;17
SETU26;;Market Price;2026-09-04T16:28:43.672178290Z;-5;Quote;6.65;461;6.75;18
SETU26;;Market Price;2026-09-04T16:28:45.646502367Z;-5;Quote;6.65;449;6.75;6
SETU26;;Market Price;2026-09-04T16:28:55.752115054Z;-5;Quote;6.65;449;6.75;68
SETU26;;Market Price;2026-09-04T16:29:12.376469419Z;-5;Quote;6.65;461;6.75;68
SETU26;;Market Price;2026-09-04T16:29:16.381947208Z;-5;Quote;6.65;449;6.75;56
SETU26;;Market Price;2026-09-04T16:29:43.111822854Z;-5;Quote;6.65;461;6.75;56
SETU26;;Market Price;2026-09-04T16:29:47.116607458Z;-5;Quote;6.65;449;6.75;44
SETU26;;Market Price;2026-09-04T16:29:56.842187239Z;-5;Quote;6.65;449;6.75;45
SETU26;;Market Price;2026-09-04T16:30:13.846435445Z;-5;Quote;6.65;461;6.75;45
SETU26;;Market Price;2026-09-04T16:30:13.856453481Z;-5;Quote;6.65;461;6.75;47
SETU26;;Market Price;2026-09-04T16:30:17.856323800Z;-5;Quote;6.65;449;6.75;35
SETU26;;Market Price;2026-09-04T16:30:28.902133467Z;-5;Quote;6.65;449;6.7;20
SETU26;;Market Price;2026-09-04T16:30:28.902133467Z;-5;Quote;6.65;449;6.7;81
SETU26;;Market Price;2026-09-04T16:30:28.902133467Z;-5;Quote;6.65;449;6.7;79
SETU26;;Market Price;2026-09-04T16:30:28.902133467Z;-5;Quote;6.65;449;6.7;80
SETU26;;Market Price;2026-09-04T16:30:28.922043110Z;-5;Quote;6.65;49;6.7;80
SETU26;;Market Price;2026-09-04T16:30:35.157351086Z;-5;Quote;6.65;49;6.7;79
SETU26;;Market Price;2026-09-04T16:30:44.587076239Z;-5;Quote;6.65;61;6.7;79
SETU26;;Market Price;2026-09-04T16:30:48.592150533Z;-5;Quote;6.65;49;6.7;67
SETU26;;Market Price;2026-09-04T16:31:02.971723159Z;-5;Quote;6.65;48;6.7;67
SETU26;;Market Price;2026-09-04T16:31:02.971723159Z;-5;Quote;6.65;49;6.7;67
SETU26;;Market Price;2026-09-04T16:31:15.316746909Z;-5;Quote;6.65;62;6.7;67
SETU26;;Market Price;2026-09-04T16:31:19.325640654Z;-5;Quote;6.65;49;6.7;54
SETU26;;Market Price;2026-09-04T16:31:32.646369807Z;-5;Quote;6.65;50;6.7;54
SETU26;;Market Price;2026-09-04T16:31:46.051746482Z;-5;Quote;6.65;62;6.7;54
SETU26;;Market Price;2026-09-04T16:31:50.061934476Z;-5;Quote;6.65;50;6.7;42
SETU26;;Market Price;2026-09-04T16:31:57.751451475Z;-5;Quote;6.65;50;6.7;43
SETU26;;Market Price;2026-09-04T16:32:16.792213457Z;-5;Quote;6.65;62;6.7;43
SETU26;;Market Price;2026-09-04T16:32:20.796421281Z;-5;Quote;6.65;50;6.7;31
SETU26;;Market Price;2026-09-04T16:32:20.796421281Z;-5;Quote;6.65;51;6.7;31
SETU26;;Market Price;2026-09-04T16:32:20.821217981Z;-5;Quote;6.65;50;6.7;31
SETU26;;Market Price;2026-09-04T16:32:20.862136441Z;-5;Quote;6.65;50;6.7;30
SETU26;;Market Price;2026-09-04T16:32:47.526853794Z;-5;Quote;6.65;62;6.7;30
SETU26;;Market Price;2026-09-04T16:32:51.536298940Z;-5;Quote;6.65;50;6.7;18
SETU26;;Market Price;2026-09-04T16:33:18.766249165Z;-5;Quote;6.65;62;6.7;18
SETU26;;Market Price;2026-09-04T16:33:18.766784931Z;-5;Quote;6.65;61;6.7;18
SETU26;;Market Price;2026-09-04T16:33:18.766784931Z;-5;Quote;6.65;60;6.7;18
SETU26;;Market Price;2026-09-04T16:33:18.821492452Z;-5;Quote;6.65;60;6.7;16
SETU26;;Market Price;2026-09-04T16:33:21.776721635Z;-5;Quote;6.65;48;6.7;4
SETU26;;Market Price;2026-09-04T16:33:40.326735099Z;-5;Quote;6.65;48;6.7;2
SETU26;;Market Price;2026-09-04T16:33:48.967174133Z;-5;Quote;6.65;48;6.7;1
SETU26;;Market Price;2026-09-04T16:33:48.967174133Z;-5;Quote;6.65;48;6.75;403
SETU26;;Market Price;2026-09-04T16:33:48.982032572Z;-5;Quote;6.65;48;6.75;3
SETU26;;Market Price;2026-09-04T16:33:48.987067504Z;-5;Quote;6.65;448;6.75;3
SETU26;;Market Price;2026-09-04T16:33:49.016516419Z;-5;Quote;6.65;448;6.8;3466
SETU26;;Market Price;2026-09-04T16:33:49.016516419Z;-5;Quote;6.65;448;6.8;3066
SETU26;;Market Price;2026-09-04T16:33:49.016516419Z;-5;Quote;6.65;848;6.8;3066
SETU26;;Market Price;2026-09-04T16:33:49.021994811Z;-5;Quote;6.65;848;6.8;2666
SETU26;;Market Price;2026-09-04T16:33:49.036937627Z;-5;Quote;6.65;848;6.8;2594
SETU26;;Market Price;2026-09-04T16:33:49.896888043Z;-5;Quote;6.65;448;6.8;2594
SETU26;;Market Price;2026-09-04T16:33:49.896888043Z;-5;Quote;6.65;448;6.8;2994
SETU26;;Market Price;2026-09-04T16:33:50.022285482Z;-5;Quote;6.65;448;6.8;3394
SETU26;;Market Price;2026-09-04T16:33:50.896638906Z;-5;Quote;6.65;448;6.8;2994
SETU26;;Market Price;2026-09-04T16:33:50.916497787Z;-5;Quote;6.65;448;6.8;3394
SETU26;;Market Price;2026-09-04T16:33:59.041394900Z;-5;Quote;6.65;448;6.8;3426
SETU26;;Market Price;2026-09-04T16:34:00.576915284Z;-5;Quote;6.65;448;6.75;20
SETU26;;Market Price;2026-09-04T16:34:00.581829234Z;-5;Quote;6.65;448;6.75;52
SETU26;;Market Price;2026-09-04T16:34:09.772072774Z;-5;Quote;6.65;448;6.75;32
SETU26;;Market Price;2026-09-04T16:34:20.201486942Z;-5;Quote;6.6;2526;6.75;32
SETU26;;Market Price;2026-09-04T16:34:20.201486942Z;-5;Quote;6.6;2126;6.75;32
SETU26;;Market Price;2026-09-04T16:34:20.201486942Z;-5;Quote;6.6;2126;6.75;432
SETU26;;Market Price;2026-09-04T16:34:20.201486942Z;-5;Quote;6.6;2096;6.75;432
SETU26;;Market Price;2026-09-04T16:34:20.201486942Z;-5;Quote;6.6;2001;6.75;432
SETU26;;Market Price;2026-09-04T16:34:20.211441330Z;-5;Quote;6.6;1601;6.75;432
SETU26;;Market Price;2026-09-04T16:34:20.211441330Z;-5;Quote;6.6;1601;6.75;832
SETU26;;Market Price;2026-09-04T16:34:20.211441330Z;-5;Quote;6.6;1626;6.75;832
SETU26;;Market Price;2026-09-04T16:34:20.216366672Z;-5;Quote;6.6;1226;6.75;832
SETU26;;Market Price;2026-09-04T16:34:20.236278272Z;-5;Quote;6.6;826;6.75;832
SETU26;;Market Price;2026-09-04T16:34:20.247286543Z;-5;Quote;6.6;426;6.75;832
SETU26;;Market Price;2026-09-04T16:34:20.247286543Z;-5;Quote;6.6;426;6.75;432
SETU26;;Market Price;2026-09-04T16:34:20.297110733Z;-5;Quote;6.6;26;6.75;432
SETU26;;Market Price;2026-09-04T16:34:20.297110733Z;-5;Quote;6.6;26;6.75;832
SETU26;;Market Price;2026-09-04T16:34:20.297110733Z;-5;Quote;6.6;10;6.75;832
SETU26;;Market Price;2026-09-04T16:34:21.266370530Z;-5;Quote;6.6;10;6.75;1232
SETU26;;Market Price;2026-09-04T16:34:21.281384438Z;-5;Quote;6.6;10;6.75;1632
SETU26;;Market Price;2026-09-04T16:34:21.281384438Z;-5;Quote;6.6;10;6.75;2032
SETU26;;Market Price;2026-09-04T16:34:31.641439374Z;-5;Quote;6.6;10;6.75;2432
SETU26;;Market Price;2026-09-04T16:34:34.336647979Z;-5;Quote;6.6;10;6.75;2982
SETU26;;Market Price;2026-09-04T16:34:35.681648463Z;-5;Quote;6.55;6022;6.75;2982
SETU26;;Market Price;2026-09-04T16:34:35.701554092Z;-5;Quote;6.55;5622;6.75;2982
SETU26;;Market Price;2026-09-04T16:34:35.721439216Z;-5;Quote;6.55;5622;6.75;2582
SETU26;;Market Price;2026-09-04T16:34:35.721439216Z;-5;Quote;6.55;5222;6.75;2582
SETU26;;Market Price;2026-09-04T16:34:35.741366810Z;-5;Quote;6.55;5222;6.75;2182
SETU26;;Market Price;2026-09-04T16:34:35.741366810Z;-5;Quote;6.55;4822;6.75;2182
SETU26;;Market Price;2026-09-04T16:34:35.772165826Z;-5;Quote;6.55;4822;6.75;2582
SETU26;;Market Price;2026-09-04T16:34:35.772165826Z;-5;Quote;6.55;5222;6.75;2582
SETU26;;Market Price;2026-09-04T16:34:41.717069552Z;-5;Quote;6.55;5222;6.75;2592
SETU26;;Market Price;2026-09-04T16:34:43.621406654Z;-5;Quote;6.6;25;6.75;2592
SETU26;;Market Price;2026-09-04T16:34:43.621406654Z;-5;Quote;6.6;62;6.75;2592
SETU26;;Market Price;2026-09-04T16:34:43.677173680Z;-5;Quote;6.6;62;6.75;2992
SETU26;;Market Price;2026-09-04T16:34:46.417291188Z;-5;Quote;6.6;62;6.75;3392
SETU26;;Market Price;2026-09-04T16:34:47.486167807Z;-5;Quote;6.6;25;6.75;3392
SETU26;;Market Price;2026-09-04T16:34:47.681363823Z;-5;Quote;6.6;26;6.75;3392
SETU26;;Market Price;2026-09-04T16:34:48.612062897Z;-5;Quote;6.6;26;6.75;2992
SETU26;;Market Price;2026-09-04T16:34:48.626929172Z;-5;Quote;6.6;26;6.75;2592
SETU26;;Market Price;2026-09-04T16:34:48.651889869Z;-5;Quote;6.6;26;6.75;2992
SETU26;;Market Price;2026-09-04T16:34:50.517217160Z;-5;Quote;6.6;25;6.75;2992
SETU26;;Market Price;2026-09-04T16:34:53.391797455Z;-5;Quote;6.6;26;6.75;2992
SETU26;;Market Price;2026-09-04T16:34:53.426134785Z;-5;Quote;6.6;26;6.75;2592
SETU26;;Market Price;2026-09-04T16:34:53.446494464Z;-5;Quote;6.6;26;6.75;2192
SETU26;;Market Price;2026-09-04T16:34:53.451531564Z;-5;Quote;6.6;26;6.75;2592
SETU26;;Market Price;2026-09-04T16:34:53.461470903Z;-5;Quote;6.6;26;6.75;2992
SETU26;;Market Price;2026-09-04T16:34:55.911408667Z;-5;Quote;6.55;3522;6.75;2992
SETU26;;Market Price;2026-09-04T16:34:55.911408667Z;-5;Quote;6.55;3523;6.75;2992
SETU26;;Market Price;2026-09-04T16:34:55.926380447Z;-5;Quote;6.55;3123;6.75;2992
SETU26;;Market Price;2026-09-04T16:34:55.951252971Z;-5;Quote;6.55;3123;6.75;2592
SETU26;;Market Price;2026-09-04T16:34:55.951252971Z;-5;Quote;6.55;2723;6.75;2592
SETU26;;Market Price;2026-09-04T16:34:55.966156300Z;-5;Quote;6.55;2723;6.75;2192
SETU26;;Market Price;2026-09-04T16:34:55.966156300Z;-5;Quote;6.55;2323;6.75;2192
SETU26;;Market Price;2026-09-04T16:34:55.997070397Z;-5;Quote;6.55;2323;6.75;2592
SETU26;;Market Price;2026-09-04T16:34:55.997070397Z;-5;Quote;6.55;2723;6.75;2592
SETU26;;Market Price;2026-09-04T16:34:56.951750824Z;-5;Quote;6.55;2723;6.75;2582
SETU26;;Market Price;2026-09-04T16:35:15.901851509Z;-5;Quote;6.55;2723;6.75;2583
SETU26;;Market Price;2026-09-04T16:35:19.091954799Z;-5;Quote;6.55;2623;6.75;2583
SETU26;;Market Price;2026-09-04T16:35:19.091954799Z;-5;Quote;6.55;2621;6.75;2583
SETU26;;Market Price;2026-09-04T16:35:21.546397596Z;-5;Quote;6.55;2621;6.65;251
SETU26;;Market Price;2026-09-04T16:35:21.546397596Z;-5;Quote;6.55;2221;6.65;251
SETU26;;Market Price;2026-09-04T16:35:21.546397596Z;-5;Quote;6.55;2221;6.65;311
SETU26;;Market Price;2026-09-04T16:35:21.546397596Z;-5;Quote;6.55;1821;6.65;311
SETU26;;Market Price;2026-09-04T16:35:21.546397596Z;-5;Quote;6.55;1421;6.65;311
SETU26;;Market Price;2026-09-04T16:35:21.566302951Z;-5;Quote;6.55;1021;6.65;311
SETU26;;Market Price;2026-09-04T16:35:21.916696174Z;-5;Quote;6.55;621;6.65;311
SETU26;;Market Price;2026-09-04T16:36:18.176589602Z;-5;Quote;6.55;620;6.65;311
SETU26;;Market Price;2026-09-04T16:36:18.201429758Z;-5;Quote;6.55;620;6.65;307
SETU26;;Market Price;2026-09-04T16:36:48.216704818Z;-5;Quote;6.55;70;6.65;307
SETU26;;Market Price;2026-09-04T16:37:58.556996076Z;-5;Quote;6.6;1;6.65;307
SETU26;;Market Price;2026-09-04T16:37:58.556996076Z;-5;Quote;6.55;70;6.65;307
SETU26;;Market Price;2026-09-04T16:38:02.026658085Z;-5;Quote;6.55;70;6.65;308
SETU26;;Market Price;2026-09-04T16:38:28.043042472Z;-5;Quote;6.55;69;6.65;308
SETU26;;Market Price;2026-09-04T16:38:28.056989517Z;-5;Quote;6.55;69;6.65;309
SETU26;;Market Price;2026-09-04T16:39:12.391704881Z;-5;Quote;6.55;319;6.65;309
SETU26;;Market Price;2026-09-04T16:39:43.121697892Z;-5;Quote;6.55;320;6.65;309
SETU26;;Market Price;2026-09-04T16:39:44.317020367Z;-5;Quote;6.55;320;6.65;359
SETU26;;Market Price;2026-09-04T16:40:38.532267937Z;-5;Quote;6.55;319;6.65;359
SETU26;;Market Price;2026-09-04T16:41:38.451907875Z;-5;Quote;6.55;318;6.65;359
SETU26;;Market Price;2026-09-04T16:41:38.451907875Z;-5;Quote;6.55;318;6.65;358
SETU26;;Market Price;2026-09-04T16:41:38.466905608Z;-5;Quote;6.55;318;6.65;359
SETU26;;Market Price;2026-09-04T16:41:47.467134851Z;-5;Quote;6.6;10;6.65;359
SETU26;;Market Price;2026-09-04T16:41:47.472069991Z;-5;Quote;6.6;11;6.65;359
SETU26;;Market Price;2026-09-04T16:42:43.086504417Z;-5;Quote;6.6;11;6.65;345
SETU26;;Market Price;2026-09-04T16:42:43.086504417Z;-5;Quote;6.55;317;6.65;345
SETU26;;Market Price;2026-09-04T16:42:43.086504417Z;-5;Quote;6.6;1;6.65;345
SETU26;;Market Price;2026-09-04T16:42:43.086504417Z;-5;Quote;6.55;317;6.65;345
SETU26;;Market Price;2026-09-04T16:42:55.251859755Z;-5;Quote;6.6;1;6.65;345
SETU26;;Market Price;2026-09-04T16:43:30.916773780Z;-5;Quote;6.55;317;6.6;199
SETU26;;Market Price;2026-09-04T16:43:30.916773780Z;-5;Quote;6.55;317;6.6;230
SETU26;;Market Price;2026-09-04T16:43:32.037187481Z;-5;Quote;6.55;317;6.6;231
SETU26;;Market Price;2026-09-04T16:44:00.936466468Z;-5;Quote;6.55;317;6.6;228
SETU26;;Market Price;2026-09-04T16:44:37.931423156Z;-5;Quote;6.55;312;6.6;228
SETU26;;Market Price;2026-09-04T16:44:39.326973204Z;-5;Quote;6.55;311;6.6;228
SETU26;;Market Price;2026-09-04T16:44:40.046757346Z;-5;Quote;6.55;310;6.6;228
SETU26;;Market Price;2026-09-04T16:44:41.042141527Z;-5;Quote;6.55;309;6.6;228
SETU26;;Market Price;2026-09-04T16:44:49.231814160Z;-5;Quote;6.55;308;6.6;228
SETU26;;Market Price;2026-09-04T16:44:49.236736389Z;-5;Quote;6.55;308;6.6;229
SETU26;;Market Price;2026-09-04T16:45:37.591848801Z;-5;Quote;6.55;408;6.6;229
SETU26;;Market Price;2026-09-04T16:45:47.656679185Z;-5;Quote;6.55;408;6.6;228
SETU26;;Market Price;2026-09-04T16:46:16.301869596Z;-5;Quote;6.55;408;6.6;278
SETU26;;Market Price;2026-09-04T16:46:53.326816193Z;-5;Quote;6.55;408;6.6;276
SETU26;;Market Price;2026-09-04T16:47:11.171898509Z;-5;Quote;6.55;408;6.6;273
SETU26;;Market Price;2026-09-04T16:47:11.171898509Z;-5;Quote;6.55;408;6.6;270
SETU26;;Market Price;2026-09-04T16:47:11.171898509Z;-5;Quote;6.55;409;6.6;270
SETU26;;Market Price;2026-09-04T16:47:14.651690782Z;-5;Quote;6.55;408;6.6;270
SETU26;;Market Price;2026-09-04T16:47:14.676533659Z;-5;Quote;6.55;408;6.6;269
SETU26;;Market Price;2026-09-04T16:47:32.046341221Z;-5;Quote;6.55;408;6.6;266
SETU26;;Market Price;2026-09-04T16:47:49.442182934Z;-5;Quote;6.55;433;6.6;266
SETU26;;Market Price;2026-09-04T16:47:49.581657558Z;-5;Quote;6.55;458;6.6;266
SETU26;;Market Price;2026-09-04T16:48:00.166652163Z;-5;Quote;6.55;457;6.6;266
SETU26;;Market Price;2026-09-04T16:48:00.166652163Z;-5;Quote;6.55;457;6.6;265
SETU26;;Market Price;2026-09-04T16:48:00.171710462Z;-5;Quote;6.55;457;6.6;266
SETU26;;Market Price;2026-09-04T16:48:01.221773912Z;-5;Quote;6.55;457;6.6;265
SETU26;;Market Price;2026-09-04T16:48:01.221773912Z;-5;Quote;6.55;457;6.6;264
SETU26;;Market Price;2026-09-04T16:48:02.221423307Z;-5;Quote;6.55;457;6.6;263
SETU26;;Market Price;2026-09-04T16:48:02.221423307Z;-5;Quote;6.55;457;6.6;262
SETU26;;Market Price;2026-09-04T16:48:03.821831718Z;-5;Quote;6.55;458;6.6;262
SETU26;;Market Price;2026-09-04T16:50:11.126416125Z;-5;Quote;6.55;503;6.6;262
SETU26;;Market Price;2026-09-04T16:50:16.066793071Z;-5;Quote;6.55;458;6.6;262
SETU26;;Market Price;2026-09-04T16:50:16.842008864Z;-5;Quote;6.55;503;6.6;262
SETU26;;Market Price;2026-09-04T16:50:17.482347212Z;-5;Quote;6.55;458;6.6;262
SETU26;;Market Price;2026-09-04T16:50:20.597005932Z;-5;Quote;6.55;503;6.6;262
SETU26;;Market Price;2026-09-04T16:50:20.671694793Z;-5;Quote;6.55;458;6.6;262
SETU26;;Market Price;2026-09-04T16:50:25.456518505Z;-5;Quote;6.55;458;6.6;259
SETU26;;Market Price;2026-09-04T16:50:25.711524958Z;-5;Quote;6.55;503;6.6;259
SETU26;;Market Price;2026-09-04T16:50:25.711524958Z;-5;Quote;6.55;503;6.6;248
SETU26;;Market Price;2026-09-04T16:50:35.711890765Z;-5;Quote;6.55;503;6.6;228
SETU26;;Market Price;2026-09-04T16:50:39.241503216Z;-5;Quote;6.55;458;6.6;228
SETU26;;Market Price;2026-09-04T16:50:39.416649102Z;-5;Quote;6.55;503;6.6;228
SETU26;;Market Price;2026-09-04T16:50:40.036445827Z;-5;Quote;6.55;503;6.6;208
SETU26;;Market Price;2026-09-04T16:50:42.841761193Z;-5;Quote;6.55;458;6.6;208
SETU26;;Market Price;2026-09-04T16:50:48.421173747Z;-5;Quote;6.55;458;6.6;158
SETU26;;Market Price;2026-09-04T16:50:48.421173747Z;-5;Quote;6.55;458;6.6;156
SETU26;;Market Price;2026-09-04T16:51:10.517127399Z;-5;Quote;6.55;457;6.6;156
SETU26;;Market Price;2026-09-04T16:51:10.517127399Z;-5;Quote;6.55;457;6.6;155
SETU26;;Market Price;2026-09-04T16:51:10.522210138Z;-5;Quote;6.55;457;6.6;156
SETU26;;Market Price;2026-09-04T16:51:22.661432464Z;-5;Quote;6.55;457;6.6;127
SETU26;;Market Price;2026-09-04T16:51:22.661432464Z;-5;Quote;6.55;448;6.6;127
SETU26;;Market Price;2026-09-04T16:51:22.661432464Z;-5;Quote;6.55;448;6.6;126
SETU26;;Market Price;2026-09-04T16:51:25.326889534Z;-5;Quote;6.55;448;6.6;73
SETU26;;Market Price;2026-09-04T16:51:25.331844329Z;-5;Quote;6.55;448;6.6;72
SETU26;;Market Price;2026-09-04T16:51:50.721304081Z;-5;Quote;6.55;493;6.6;72
SETU26;;Market Price;2026-09-04T16:51:50.722035927Z;-5;Quote;6.55;493;6.6;52
SETU26;;Market Price;2026-09-04T16:51:50.722035927Z;-5;Quote;6.55;493;6.6;51
SETU26;;Market Price;2026-09-04T16:51:51.106388859Z;-5;Quote;6.55;448;6.6;51
SETU26;;Market Price;2026-09-04T16:51:55.331766867Z;-5;Quote;6.55;448;6.6;18
SETU26;;Market Price;2026-09-04T16:51:55.331766867Z;-5;Quote;6.55;448;6.6;17
SETU26;;Market Price;2026-09-04T16:51:55.991577174Z;-5;Quote;6.55;493;6.6;17
SETU26;;Market Price;2026-09-04T16:51:56.151871894Z;-5;Quote;6.55;448;6.6;17
SETU26;;Market Price;2026-09-04T16:51:58.811665329Z;-5;Quote;6.55;493;6.6;17
SETU26;;Market Price;2026-09-04T16:52:00.051917042Z;-5;Quote;6.55;493;6.65;1533
SETU26;;Market Price;2026-09-04T16:52:00.051917042Z;-5;Quote;6.55;494;6.65;1533
SETU26;;Market Price;2026-09-04T16:52:00.066940767Z;-5;Quote;6.55;494;6.65;1133
SETU26;;Market Price;2026-09-04T16:52:00.071822411Z;-5;Quote;6.55;494;6.65;733
SETU26;;Market Price;2026-09-04T16:52:00.071822411Z;-5;Quote;6.55;494;6.65;333
SETU26;;Market Price;2026-09-04T16:52:03.931653701Z;-5;Quote;6.55;449;6.65;333
SETU26;;Market Price;2026-09-04T16:52:12.751614292Z;-5;Quote;6.55;449;6.65;326
SETU26;;Market Price;2026-09-04T16:52:12.751614292Z;-5;Quote;6.55;494;6.65;326
SETU26;;Market Price;2026-09-04T16:52:12.911558680Z;-5;Quote;6.55;449;6.65;326
SETU26;;Market Price;2026-09-04T16:52:13.976491995Z;-5;Quote;6.55;449;6.65;316
SETU26;;Market Price;2026-09-04T16:52:14.906808158Z;-5;Quote;6.55;494;6.65;316
SETU26;;Market Price;2026-09-04T16:52:20.011501951Z;-5;Quote;6.55;494;6.65;296
SETU26;;Market Price;2026-09-04T16:52:20.011501951Z;-5;Quote;6.55;495;6.65;296
SETU26;;Market Price;2026-09-04T16:52:28.641983148Z;-5;Quote;6.55;495;6.65;286
SETU26;;Market Price;2026-09-04T16:52:30.106692508Z;-5;Quote;6.55;495;6.65;266
SETU26;;Market Price;2026-09-04T16:52:30.106692508Z;-5;Quote;6.55;496;6.65;266
SETU26;;Market Price;2026-09-04T16:52:32.936914731Z;-5;Quote;6.55;496;6.65;263
SETU26;;Market Price;2026-09-04T16:52:32.936914731Z;-5;Quote;6.55;496;6.65;260
SETU26;;Market Price;2026-09-04T16:52:32.936914731Z;-5;Quote;6.55;496;6.65;257
SETU26;;Market Price;2026-09-04T16:52:32.941793095Z;-5;Quote;6.55;496;6.65;254
SETU26;;Market Price;2026-09-04T16:52:33.937246029Z;-5;Quote;6.55;496;6.65;253
SETU26;;Market Price;2026-09-04T16:52:33.937246029Z;-5;Quote;6.55;496;6.65;250
SETU26;;Market Price;2026-09-04T16:52:34.336387023Z;-5;Quote;6.55;496;6.65;249
SETU26;;Market Price;2026-09-04T16:52:35.336781052Z;-5;Quote;6.55;496;6.65;247
SETU26;;Market Price;2026-09-04T16:52:38.687076648Z;-5;Quote;6.55;496;6.65;237
SETU26;;Market Price;2026-09-04T16:52:40.041694328Z;-5;Quote;6.55;496;6.65;217
SETU26;;Market Price;2026-09-04T16:52:40.526462120Z;-5;Quote;6.55;451;6.65;217
SETU26;;Market Price;2026-09-04T16:52:41.212142428Z;-5;Quote;6.55;496;6.65;217
SETU26;;Market Price;2026-09-04T16:52:42.892130557Z;-5;Quote;6.55;495;6.65;217
SETU26;;Market Price;2026-09-04T16:52:42.892130557Z;-5;Quote;6.55;494;6.65;217
SETU26;;Market Price;2026-09-04T16:52:42.892130557Z;-5;Quote;6.55;493;6.65;217
SETU26;;Market Price;2026-09-04T16:52:42.916978689Z;-5;Quote;6.55;493;6.65;213
SETU26;;Market Price;2026-09-04T16:52:45.971565642Z;-5;Quote;6.55;448;6.65;213
SETU26;;Market Price;2026-09-04T16:52:48.746887549Z;-5;Quote;6.55;448;6.65;183
SETU26;;Market Price;2026-09-04T16:53:06.766848022Z;-5;Quote;6.55;493;6.65;183
SETU26;;Market Price;2026-09-04T16:53:06.766848022Z;-5;Quote;6.55;493;6.65;163
SETU26;;Market Price;2026-09-04T16:53:06.946301953Z;-5;Quote;6.55;448;6.65;163
SETU26;;Market Price;2026-09-04T16:53:26.637043621Z;-5;Quote;6.55;448;6.65;143
SETU26;;Market Price;2026-09-04T16:53:26.637043621Z;-5;Quote;6.55;493;6.65;143
SETU26;;Market Price;2026-09-04T16:53:26.786297906Z;-5;Quote;6.55;448;6.65;143
SETU26;;Market Price;2026-09-04T16:53:35.486580845Z;-5;Quote;6.55;448;6.65;123
SETU26;;Market Price;2026-09-04T16:53:35.486580845Z;-5;Quote;6.55;493;6.65;123
SETU26;;Market Price;2026-09-04T16:53:35.567327640Z;-5;Quote;6.55;448;6.65;123
SETU26;;Market Price;2026-09-04T16:53:41.511634343Z;-5;Quote;6.55;468;6.65;123
SETU26;;Market Price;2026-09-04T16:53:44.171979244Z;-5;Quote;6.55;468;6.65;103
SETU26;;Market Price;2026-09-04T16:53:44.171979244Z;-5;Quote;6.55;513;6.65;103
SETU26;;Market Price;2026-09-04T16:53:44.261565445Z;-5;Quote;6.55;468;6.65;103
SETU26;;Market Price;2026-09-04T16:54:03.741973301Z;-5;Quote;6.55;468;6.65;83
SETU26;;Market Price;2026-09-04T16:54:03.741973301Z;-5;Quote;6.55;513;6.65;83
SETU26;;Market Price;2026-09-04T16:54:04.096372125Z;-5;Quote;6.55;468;6.65;83
SETU26;;Market Price;2026-09-04T16:54:14.736368308Z;-5;Quote;6.55;513;6.65;83
SETU26;;Market Price;2026-09-04T16:54:14.737209785Z;-5;Quote;6.55;513;6.65;63
SETU26;;Market Price;2026-09-04T16:54:14.762173235Z;-5;Quote;6.55;513;6.65;50
SETU26;;Market Price;2026-09-04T16:54:15.311381759Z;-5;Quote;6.55;468;6.65;50
SETU26;;Market Price;2026-09-04T16:54:16.702231834Z;-5;Quote;6.55;513;6.65;50
SETU26;;Market Price;2026-09-04T16:54:16.761968592Z;-5;Quote;6.55;513;6.65;100
SETU26;;Market Price;2026-09-04T16:54:20.011443149Z;-5;Quote;6.55;513;6.65;80
SETU26;;Market Price;2026-09-04T16:54:20.231495116Z;-5;Quote;6.55;468;6.65;80
SETU26;;Market Price;2026-09-04T16:54:22.347169085Z;-5;Quote;6.55;468;6.65;30
SETU26;;Market Price;2026-09-04T16:54:23.871460302Z;-5;Quote;6.55;468;6.65;80
SETU26;;Market Price;2026-09-04T16:54:25.877070632Z;-5;Quote;6.55;468;6.65;81
SETU26;;Market Price;2026-09-04T16:54:35.901868041Z;-5;Quote;6.6;1;6.65;81
SETU26;;Market Price;2026-09-04T16:54:35.901868041Z;-5;Quote;6.6;2;6.65;81
SETU26;;Market Price;2026-09-04T16:54:35.901868041Z;-5;Quote;6.6;7;6.65;81
SETU26;;Market Price;2026-09-04T16:54:36.011338654Z;-5;Quote;6.6;7;6.65;61
SETU26;;Market Price;2026-09-04T16:54:36.011338654Z;-5;Quote;6.6;5;6.65;61
SETU26;;Market Price;2026-09-04T16:54:36.011338654Z;-5;Quote;6.6;50;6.65;61
SETU26;;Market Price;2026-09-04T16:54:36.282213930Z;-5;Quote;6.6;51;6.65;61
SETU26;;Market Price;2026-09-04T16:54:36.717235141Z;-5;Quote;6.6;6;6.65;61
SETU26;;Market Price;2026-09-04T16:54:46.356414864Z;-5;Quote;6.6;6;6.65;51
SETU26;;Market Price;2026-09-04T16:55:21.626173144Z;-5;Quote;6.6;6;6.65;251
SETU26;;Market Price;2026-09-04T16:55:27.011345911Z;-5;Quote;6.6;5;6.65;251
SETU26;;Market Price;2026-09-04T16:55:27.011345911Z;-5;Quote;6.55;467;6.65;251
SETU26;;Market Price;2026-09-04T16:55:27.037224551Z;-5;Quote;6.55;467;6.65;245
SETU26;;Market Price;2026-09-04T16:55:45.436720172Z;-5;Quote;6.55;467;6.65;239
SETU26;;Market Price;2026-09-04T16:56:24.526423683Z;-5;Quote;6.55;468;6.65;239
SETU26;;Market Price;2026-09-04T16:57:24.116809358Z;-5;Quote;6.55;468;6.6;50
SETU26;;Market Price;2026-09-04T16:57:35.412147442Z;-5;Quote;6.55;467;6.6;50
SETU26;;Market Price;2026-09-04T16:57:35.412147442Z;-5;Quote;6.55;467;6.6;51
SETU26;;Market Price;2026-09-04T16:57:55.101551418Z;-5;Quote;6.55;467;6.6;151
SETU26;;Market Price;2026-09-04T16:58:41.691686722Z;-5;Quote;6.55;467;6.6;152
SETU26;;Market Price;2026-09-04T17:00:46.256409453Z;-5;Quote;6.55;466;6.6;152
SETU26;;Market Price;2026-09-04T17:00:46.256409453Z;-5;Quote;6.55;466;6.6;151
SETU26;;Market Price;2026-09-04T17:00:46.261462118Z;-5;Quote;6.55;466;6.6;152
SETU26;;Market Price;2026-09-04T17:00:53.792212062Z;-5;Quote;6.55;466;6.6;151
SETU26;;Market Price;2026-09-04T17:02:20.167179192Z;-5;Quote;6.6;1539;6.65;1400
SETU26;;Market Price;2026-09-04T17:02:20.167179192Z;-5;Quote;6.6;1544;6.65;1400
SETU26;;Market Price;2026-09-04T17:02:20.171584879Z;-5;Quote;6.6;1545;6.65;1400
SETU26;;Market Price;2026-09-04T17:02:20.182016107Z;-5;Quote;6.6;1545;6.65;1000
SETU26;;Market Price;2026-09-04T17:02:20.186906348Z;-5;Quote;6.6;1545;6.65;600
SETU26;;Market Price;2026-09-04T17:02:20.186906348Z;-5;Quote;6.6;1545;6.65;200
SETU26;;Market Price;2026-09-04T17:02:20.221828397Z;-5;Quote;6.6;1540;6.65;200
SETU26;;Market Price;2026-09-04T17:02:20.271614636Z;-5;Quote;6.6;1540;6.65;195
SETU26;;Market Price;2026-09-04T17:02:20.271614636Z;-5;Quote;6.6;1535;6.65;195
SETU26;;Market Price;2026-09-04T17:02:22.192233320Z;-5;Quote;6.6;1535;6.65;245
SETU26;;Market Price;2026-09-04T17:03:18.876857810Z;-5;Quote;6.6;1535;6.65;345
SETU26;;Market Price;2026-09-04T17:03:25.036826119Z;-5;Quote;6.6;1533;6.65;345
SETU26;;Market Price;2026-09-04T17:03:30.297041891Z;-5;Quote;6.6;1833;6.65;345
SETU26;;Market Price;2026-09-04T17:03:40.141585923Z;-5;Quote;6.6;1533;6.65;345
SETU26;;Market Price;2026-09-04T17:03:44.701682057Z;-5;Quote;6.6;1530;6.65;345
SETU26;;Market Price;2026-09-04T17:03:44.701682057Z;-5;Quote;6.6;1527;6.65;345
SETU26;;Market Price;2026-09-04T17:04:02.606262735Z;-5;Quote;6.6;1527;6.65;346
SETU26;;Market Price;2026-09-04T17:04:21.121497356Z;-5;Quote;6.6;1527;6.65;96
SETU26;;Market Price;2026-09-04T17:04:21.121497356Z;-5;Quote;6.6;1527;6.65;88
SETU26;;Market Price;2026-09-04T17:04:23.146520105Z;-5;Quote;6.6;1527;6.65;138
SETU26;;Market Price;2026-09-04T17:04:25.237096403Z;-5;Quote;6.6;1527;6.65;88
SETU26;;Market Price;2026-09-04T17:04:33.652140534Z;-5;Quote;6.6;1527;6.65;89
SETU26;;Market Price;2026-09-04T17:04:36.296395633Z;-5;Quote;6.6;1527;6.65;2
SETU26;;Market Price;2026-09-04T17:04:37.466542387Z;-5;Quote;6.6;1527;6.65;1
SETU26;;Market Price;2026-09-04T17:04:45.229909140Z;-5;Quote;6.6;1528;6.65;1
SETU26;;Market Price;2026-09-04T17:04:47.211888213Z;-5;Quote;6.6;1525;6.65;1
SETU26;;Market Price;2026-09-04T17:04:48.286735800Z;-5;Quote;6.6;1523;6.65;1
SETU26;;Market Price;2026-09-04T17:05:09.351500860Z;-5;Quote;6.6;1520;6.65;1
SETU26;;Market Price;2026-09-04T17:05:09.351500860Z;-5;Quote;6.6;1517;6.65;1
SETU26;;Market Price;2026-09-04T17:05:09.356523043Z;-5;Quote;6.6;1517;6.7;1861
SETU26;;Market Price;2026-09-04T17:05:09.361395759Z;-5;Quote;6.6;1517;6.7;1461
SETU26;;Market Price;2026-09-04T17:05:09.372453851Z;-5;Quote;6.6;1517;6.7;1061
SETU26;;Market Price;2026-09-04T17:05:12.154617741Z;-5;Quote;6.6;1517;6.7;1059
SETU26;;Market Price;2026-09-04T17:05:12.374431097Z;-5;Quote;6.6;1517;6.7;1061
SETU26;;Market Price;2026-09-04T17:05:26.936861903Z;-5;Quote;6.6;1517;6.7;511
SETU26;;Market Price;2026-09-04T17:06:16.451621225Z;-5;Quote;6.6;1517;6.7;501
SETU26;;Market Price;2026-09-04T17:07:21.616240651Z;-5;Quote;6.6;1517;6.7;502
SETU26;;Market Price;2026-09-04T17:07:32.286514851Z;-5;Quote;6.6;1517;6.7;702
SETU26;;Market Price;2026-09-04T17:10:03.081804933Z;-5;Quote;6.65;1;6.7;702
SETU26;;Market Price;2026-09-04T17:10:03.081804933Z;-5;Quote;6.6;1517;6.7;702
SETU26;;Market Price;2026-09-04T17:10:03.547048956Z;-5;Quote;6.6;1511;6.7;702
SETU26;;Market Price;2026-09-04T17:10:31.907199625Z;-5;Quote;6.6;1510;6.7;702
SETU26;;Market Price;2026-09-04T17:10:31.907199625Z;-5;Quote;6.6;1510;6.7;701
SETU26;;Market Price;2026-09-04T17:10:31.952003877Z;-5;Quote;6.6;1510;6.7;702
SETU26;;Market Price;2026-09-04T17:11:01.746522723Z;-5;Quote;6.6;1510;6.7;697
SETU26;;Market Price;2026-09-04T17:13:05.931639850Z;-5;Quote;6.6;1511;6.7;697
SETU26;;Market Price;2026-09-04T17:13:13.476527937Z;-5;Quote;6.6;1511;6.65;20
SETU26;;Market Price;2026-09-04T17:13:13.476527937Z;-5;Quote;6.6;1511;6.65;102
SETU26;;Market Price;2026-09-04T17:13:21.251342094Z;-5;Quote;6.6;1511;6.65;82
SETU26;;Market Price;2026-09-04T17:13:41.161457276Z;-5;Quote;6.6;1510;6.65;82
SETU26;;Market Price;2026-09-04T17:13:41.166503551Z;-5;Quote;6.6;1510;6.65;83
SETU26;;Market Price;2026-09-04T17:14:15.676437923Z;-5;Quote;6.6;1510;6.65;183
SETU26;;Market Price;2026-09-04T17:14:30.711672004Z;-5;Quote;6.6;1510;6.65;182
SETU26;;Market Price;2026-09-04T17:15:10.776922862Z;-5;Quote;6.6;1510;6.65;162
SETU26;;Market Price;2026-09-04T17:15:10.781846797Z;-5;Quote;6.6;1510;6.65;161
SETU26;;Market Price;2026-09-04T17:16:06.642161407Z;-5;Quote;6.6;1510;6.65;206
SETU26;;Market Price;2026-09-04T17:16:10.642150857Z;-5;Quote;6.6;1510;6.65;161
SETU26;;Market Price;2026-09-04T17:16:17.006504009Z;-5;Quote;6.6;1508;6.65;161
SETU26;;Market Price;2026-09-04T17:16:17.006504009Z;-5;Quote;6.6;1505;6.65;161
SETU26;;Market Price;2026-09-04T17:16:17.006504009Z;-5;Quote;6.6;1502;6.65;161
SETU26;;Market Price;2026-09-04T17:16:17.010516166Z;-5;Quote;6.6;1499;6.65;161
SETU26;;Market Price;2026-09-04T17:16:17.010516166Z;-5;Quote;6.6;1496;6.65;161
SETU26;;Market Price;2026-09-04T17:16:50.696485899Z;-5;Quote;6.6;1495;6.65;161
SETU26;;Market Price;2026-09-04T17:16:50.696485899Z;-5;Quote;6.6;1495;6.65;160
SETU26;;Market Price;2026-09-04T17:16:50.741556885Z;-5;Quote;6.6;1495;6.65;161
SETU26;;Market Price;2026-09-04T17:17:17.116578705Z;-5;Quote;6.6;1493;6.65;161
SETU26;;Market Price;2026-09-04T17:17:32.421274662Z;-5;Quote;6.6;1492;6.65;161
SETU26;;Market Price;2026-09-04T17:18:10.951583018Z;-5;Quote;6.6;1492;6.65;141
SETU26;;Market Price;2026-09-04T17:18:10.956661163Z;-5;Quote;6.6;1492;6.65;140
SETU26;;Market Price;2026-09-04T17:18:33.031348987Z;-5;Quote;6.6;1492;6.65;138
SETU26;;Market Price;2026-09-04T17:19:40.492118473Z;-5;Quote;6.6;1492;6.65;136
SETU26;;Market Price;2026-09-04T17:19:40.497008256Z;-5;Quote;6.6;1492;6.65;135
SETU26;;Market Price;2026-09-04T17:19:41.496425454Z;-5;Quote;6.6;1492;6.65;134
SETU26;;Market Price;2026-09-04T17:19:43.691525627Z;-5;Quote;6.6;1492;6.65;133
SETU26;;Market Price;2026-09-04T17:19:43.691525627Z;-5;Quote;6.6;1492;6.65;131
SETU26;;Market Price;2026-09-04T17:19:43.691525627Z;-5;Quote;6.6;1492;6.65;130
SETU26;;Market Price;2026-09-04T17:19:43.696517377Z;-5;Quote;6.6;1492;6.65;129
SETU26;;Market Price;2026-09-04T17:19:43.696517377Z;-5;Quote;6.6;1492;6.65;128
SETU26;;Market Price;2026-09-04T17:19:43.696517377Z;-5;Quote;6.6;1492;6.65;127
SETU26;;Market Price;2026-09-04T17:19:44.681358102Z;-5;Quote;6.6;1492;6.65;126
SETU26;;Market Price;2026-09-04T17:20:07.886559335Z;-5;Quote;6.6;1491;6.65;126
SETU26;;Market Price;2026-09-04T17:20:07.886559335Z;-5;Quote;6.6;1491;6.65;125
SETU26;;Market Price;2026-09-04T17:20:07.891447988Z;-5;Quote;6.6;1491;6.65;126
SETU26;;Market Price;2026-09-04T17:21:10.921481957Z;-5;Quote;6.6;1491;6.65;121
SETU26;;Market Price;2026-09-04T17:21:26.636735779Z;-5;Quote;6.6;1492;6.65;121
SETU26;;Market Price;2026-09-04T17:21:33.236787913Z;-5;Quote;6.6;1492;6.65;221
SETU26;;Market Price;2026-09-04T17:21:58.686702720Z;-5;Quote;6.6;1492;6.65;266
SETU26;;Market Price;2026-09-04T17:22:13.626495146Z;-5;Quote;6.6;1489;6.65;266
SETU26;;Market Price;2026-09-04T17:22:13.626495146Z;-5;Quote;6.6;1489;6.65;265
SETU26;;Market Price;2026-09-04T17:22:19.601783594Z;-5;Quote;6.6;1472;6.65;265
SETU26;;Market Price;2026-09-04T17:22:20.096643649Z;-5;Quote;6.6;1452;6.65;265
SETU26;;Market Price;2026-09-04T17:22:20.096643649Z;-5;Quote;6.6;1452;6.65;264
SETU26;;Market Price;2026-09-04T17:22:29.627043638Z;-5;Quote;6.6;1436;6.65;264
SETU26;;Market Price;2026-09-04T17:22:30.022285224Z;-5;Quote;6.6;1416;6.65;264
SETU26;;Market Price;2026-09-04T17:22:30.027234464Z;-5;Quote;6.6;1416;6.65;263
SETU26;;Market Price;2026-09-04T17:22:30.221305462Z;-5;Quote;6.6;1516;6.65;263
SETU26;;Market Price;2026-09-04T17:22:39.707037657Z;-5;Quote;6.6;1501;6.65;263
SETU26;;Market Price;2026-09-04T17:22:40.081655330Z;-5;Quote;6.6;1481;6.65;263
SETU26;;Market Price;2026-09-04T17:22:40.086664447Z;-5;Quote;6.6;1481;6.65;262
SETU26;;Market Price;2026-09-04T17:22:50.201642254Z;-5;Quote;6.6;1461;6.65;262
SETU26;;Market Price;2026-09-04T17:22:50.201642254Z;-5;Quote;6.6;1461;6.65;261
SETU26;;Market Price;2026-09-04T17:23:00.021374790Z;-5;Quote;6.6;1441;6.65;261
SETU26;;Market Price;2026-09-04T17:23:10.121896777Z;-5;Quote;6.6;1421;6.65;261
SETU26;;Market Price;2026-09-04T17:23:10.121896777Z;-5;Quote;6.6;1421;6.65;260
SETU26;;Market Price;2026-09-04T17:23:18.152031911Z;-5;Quote;6.6;1420;6.65;260
SETU26;;Market Price;2026-09-04T17:23:18.152031911Z;-5;Quote;6.6;1420;6.65;259
SETU26;;Market Price;2026-09-04T17:23:18.156929258Z;-5;Quote;6.6;1420;6.65;260
SETU26;;Market Price;2026-09-04T17:23:20.021382137Z;-5;Quote;6.6;1400;6.65;260
SETU26;;Market Price;2026-09-04T17:23:30.177351374Z;-5;Quote;6.6;1380;6.65;260
SETU26;;Market Price;2026-09-04T17:23:30.177351374Z;-5;Quote;6.6;1380;6.65;259
SETU26;;Market Price;2026-09-04T17:23:40.202037880Z;-5;Quote;6.6;1360;6.65;259
SETU26;;Market Price;2026-09-04T17:23:40.202037880Z;-5;Quote;6.6;1360;6.65;258
SETU26;;Market Price;2026-09-04T17:23:50.036793512Z;-5;Quote;6.6;1340;6.65;258
SETU26;;Market Price;2026-09-04T17:24:00.086890511Z;-5;Quote;6.6;1320;6.65;258
SETU26;;Market Price;2026-09-04T17:24:00.091764103Z;-5;Quote;6.6;1320;6.65;257
SETU26;;Market Price;2026-09-04T17:24:10.021869105Z;-5;Quote;6.6;1300;6.65;257
SETU26;;Market Price;2026-09-04T17:24:20.021784135Z;-5;Quote;6.6;1280;6.65;257
SETU26;;Market Price;2026-09-04T17:24:20.021784135Z;-5;Quote;6.6;1280;6.65;256
SETU26;;Market Price;2026-09-04T17:24:30.052200297Z;-5;Quote;6.6;1260;6.65;256
SETU26;;Market Price;2026-09-04T17:24:30.052200297Z;-5;Quote;6.6;1260;6.65;255
SETU26;;Market Price;2026-09-04T17:24:40.106933140Z;-5;Quote;6.6;1240;6.65;255
SETU26;;Market Price;2026-09-04T17:24:41.906308337Z;-5;Quote;6.6;1240;6.65;210
SETU26;;Market Price;2026-09-04T17:24:53.692187619Z;-5;Quote;6.6;1540;6.65;210
SETU26;;Market Price;2026-09-04T17:24:55.366574661Z;-5;Quote;6.65;40;6.7;1925
SETU26;;Market Price;2026-09-04T17:24:55.366574661Z;-5;Quote;6.65;47;6.7;1925
SETU26;;Market Price;2026-09-04T17:24:55.376531342Z;-5;Quote;6.65;47;6.7;1525
SETU26;;Market Price;2026-09-04T17:24:55.381156193Z;-5;Quote;6.65;47;6.7;1125
SETU26;;Market Price;2026-09-04T17:24:55.381609572Z;-5;Quote;6.65;47;6.7;725
SETU26;;Market Price;2026-09-04T17:24:55.786821956Z;-5;Quote;6.65;35;6.7;725
SETU26;;Market Price;2026-09-04T17:25:00.332000350Z;-5;Quote;6.6;1464;6.7;725
SETU26;;Market Price;2026-09-04T17:25:01.202163906Z;-5;Quote;6.6;1464;6.7;770
SETU26;;Market Price;2026-09-04T17:25:01.202163906Z;-5;Quote;6.6;1467;6.7;770
SETU26;;Market Price;2026-09-04T17:25:01.207097795Z;-5;Quote;6.6;1447;6.7;770
SETU26;;Market Price;2026-09-04T17:25:01.516657168Z;-5;Quote;6.6;1448;6.7;770
SETU26;;Market Price;2026-09-04T17:25:02.006500304Z;-5;Quote;6.6;1448;6.65;100
SETU26;;Market Price;2026-09-04T17:25:02.006500304Z;-5;Quote;6.6;1447;6.65;100
SETU26;;Market Price;2026-09-04T17:25:02.006500304Z;-5;Quote;6.6;1447;6.65;145
SETU26;;Market Price;2026-09-04T17:25:02.006500304Z;-5;Quote;6.6;1444;6.65;145
SETU26;;Market Price;2026-09-04T17:25:02.056414833Z;-5;Quote;6.6;1444;6.65;141
SETU26;;Market Price;2026-09-04T17:25:05.386236875Z;-5;Quote;6.6;1444;6.65;241
SETU26;;Market Price;2026-09-04T17:25:10.021586189Z;-5;Quote;6.6;1424;6.65;241
SETU26;;Market Price;2026-09-04T17:25:10.021586189Z;-5;Quote;6.6;1424;6.65;240
SETU26;;Market Price;2026-09-04T17:25:10.337196860Z;-5;Quote;6.6;1424;6.65;195
SETU26;;Market Price;2026-09-04T17:25:21.376590429Z;-5;Quote;6.6;1423;6.65;195
SETU26;;Market Price;2026-09-04T17:25:34.216296779Z;-5;Quote;6.6;1403;6.65;195
SETU26;;Market Price;2026-09-04T17:25:34.216296779Z;-5;Quote;6.6;1403;6.65;240
SETU26;;Market Price;2026-09-04T17:25:34.316842051Z;-5;Quote;6.6;1403;6.65;195
SETU26;;Market Price;2026-09-04T17:25:50.311521260Z;-5;Quote;6.6;1403;6.65;194
SETU26;;Market Price;2026-09-04T17:26:01.986482570Z;-5;Quote;6.6;1403;6.65;239
SETU26;;Market Price;2026-09-04T17:26:01.986482570Z;-5;Quote;6.6;1383;6.65;239
SETU26;;Market Price;2026-09-04T17:26:01.986482570Z;-5;Quote;6.6;1383;6.65;238
SETU26;;Market Price;2026-09-04T17:26:02.236404101Z;-5;Quote;6.6;1383;6.65;193
SETU26;;Market Price;2026-09-04T17:26:29.776877081Z;-5;Quote;6.6;1383;6.65;238
SETU26;;Market Price;2026-09-04T17:26:29.937207485Z;-5;Quote;6.6;1383;6.65;193
SETU26;;Market Price;2026-09-04T17:26:30.536419438Z;-5;Quote;6.6;1383;6.65;194
SETU26;;Market Price;2026-09-04T17:26:32.612161593Z;-5;Quote;6.6;1383;6.65;239
SETU26;;Market Price;2026-09-04T17:26:34.491796839Z;-5;Quote;6.6;1383;6.65;194
SETU26;;Market Price;2026-09-04T17:26:45.551158947Z;-5;Quote;6.6;1383;6.65;239
SETU26;;Market Price;2026-09-04T17:26:45.551628315Z;-5;Quote;6.6;1375;6.65;239
SETU26;;Market Price;2026-09-04T17:26:45.831418790Z;-5;Quote;6.6;1375;6.65;194
SETU26;;Market Price;2026-09-04T17:26:49.206168615Z;-5;Quote;6.6;1375;6.65;239
SETU26;;Market Price;2026-09-04T17:26:50.536775518Z;-5;Quote;6.6;1375;6.65;194
SETU26;;Market Price;2026-09-04T17:26:51.477179949Z;-5;Quote;6.6;1277;6.65;194
SETU26;;Market Price;2026-09-04T17:26:51.477179949Z;-5;Quote;6.6;1277;6.65;191
SETU26;;Market Price;2026-09-04T17:26:56.836675258Z;-5;Quote;6.6;1277;6.65;236
SETU26;;Market Price;2026-09-04T17:26:56.836675258Z;-5;Quote;6.6;1257;6.65;236
SETU26;;Market Price;2026-09-04T17:26:56.836675258Z;-5;Quote;6.6;1257;6.65;235
SETU26;;Market Price;2026-09-04T17:26:57.316989173Z;-5;Quote;6.6;1257;6.65;190
SETU26;;Market Price;2026-09-04T17:27:07.631536526Z;-5;Quote;6.6;1257;6.65;290
SETU26;;Market Price;2026-09-04T17:27:22.096394052Z;-5;Quote;6.6;1247;6.65;290
SETU26;;Market Price;2026-09-04T17:28:11.016171340Z;-5;Quote;6.6;1247;6.65;390
SETU26;;Market Price;2026-09-04T17:28:32.836733295Z;-5;Quote;6.6;1247;6.65;590
SETU26;;Market Price;2026-09-04T17:29:33.627366440Z;-5;Quote;6.6;1197;6.65;590
SETU26;;Market Price;2026-09-04T17:29:41.001299601Z;-5;Quote;6.6;1196;6.65;590
SETU26;;Market Price;2026-09-04T17:29:41.001299601Z;-5;Quote;6.6;1196;6.65;589
SETU26;;Market Price;2026-09-04T17:29:47.341569173Z;-5;Quote;6.6;1197;6.65;589
SETU26;;Market Price;2026-09-04T17:29:54.887202076Z;-5;Quote;6.6;1197;6.65;588
SETU26;;Market Price;2026-09-04T17:29:57.321814858Z;-5;Quote;6.6;1196;6.65;588
SETU26;;Market Price;2026-09-04T17:30:00.011869363Z;-5;Quote;6.6;1196;6.65;589
SETU26;;Market Price;2026-09-04T17:30:00.011869363Z;-5;Quote;6.6;1197;6.65;589
SETU26;;Market Price;2026-09-04T17:30:00.021560069Z;-5;Quote;6.6;1197;6.65;590
SETU26;;Market Price;2026-09-04T17:30:05.881726677Z;-5;Quote;6.6;1197;6.65;990
SETU26;;Market Price;2026-09-04T17:30:05.881726677Z;-5;Quote;6.6;1199;6.65;990
SETU26;;Market Price;2026-09-04T17:30:12.391855364Z;-5;Quote;6.6;1199;6.65;590
SETU26;;Market Price;2026-09-04T17:30:17.392222644Z;-5;Quote;6.6;1199;6.65;990
SETU26;;Market Price;2026-09-04T17:30:17.886748666Z;-5;Quote;6.6;1199;6.65;590
SETU26;;Market Price;2026-09-04T17:30:20.886559434Z;-5;Quote;6.6;1199;6.65;990
SETU26;;Market Price;2026-09-04T17:31:00.556673582Z;-5;Quote;6.6;1197;6.65;990
SETU26;;Market Price;2026-09-04T17:31:00.581429107Z;-5;Quote;6.6;1197;6.65;988
SETU26;;Market Price;2026-09-04T17:31:02.391630442Z;-5;Quote;6.6;1197;6.65;588
SETU26;;Market Price;2026-09-04T17:31:42.866906329Z;-5;Quote;6.6;1196;6.65;588
SETU26;;Market Price;2026-09-04T17:33:25.716802653Z;-5;Quote;6.6;1195;6.65;588
SETU26;;Market Price;2026-09-04T17:33:48.027288302Z;-5;Quote;6.6;1179;6.65;588
SETU26;;Market Price;2026-09-04T17:35:08.566693067Z;-5;Quote;6.6;1178;6.65;588
SETU26;;Market Price;2026-09-04T17:36:41.016316055Z;-5;Quote;6.6;1178;6.65;589
SETU26;;Market Price;2026-09-04T17:36:51.416630265Z;-5;Quote;6.6;1177;6.65;589
SETU26;;Market Price;2026-09-04T17:37:08.222050200Z;-5;Quote;6.6;1157;6.65;589
SETU26;;Market Price;2026-09-04T17:37:08.222050200Z;-5;Quote;6.6;1158;6.65;589
SETU26;;Market Price;2026-09-04T17:37:11.481918351Z;-5;Quote;6.6;1138;6.65;589
SETU26;;Market Price;2026-09-04T17:37:11.486894964Z;-5;Quote;6.6;1139;6.65;589
SETU26;;Market Price;2026-09-04T17:37:11.491845544Z;-5;Quote;6.6;1139;6.65;547
SETU26;;Market Price;2026-09-04T17:37:23.047123678Z;-5;Quote;6.6;1139;6.65;647
SETU26;;Market Price;2026-09-04T17:37:23.047123678Z;-5;Quote;6.6;1140;6.65;647
SETU26;;Market Price;2026-09-04T17:37:57.211611804Z;-5;Quote;6.6;1140;6.65;747
SETU26;;Market Price;2026-09-04T17:38:08.041444780Z;-5;Quote;6.6;1141;6.65;747
SETU26;;Market Price;2026-09-04T17:38:23.057020013Z;-5;Quote;6.6;1121;6.65;747
SETU26;;Market Price;2026-09-04T17:38:23.057020013Z;-5;Quote;6.6;1122;6.65;747
SETU26;;Market Price;2026-09-04T17:38:26.271564069Z;-5;Quote;6.6;1102;6.65;747
SETU26;;Market Price;2026-09-04T17:38:34.271810093Z;-5;Quote;6.6;1101;6.65;747
SETU26;;Market Price;2026-09-04T17:38:44.661512941Z;-5;Quote;6.6;1101;6.65;703
SETU26;;Market Price;2026-09-04T17:38:50.221700708Z;-5;Quote;6.6;1051;6.65;703
SETU26;;Market Price;2026-09-04T17:38:50.221700708Z;-5;Quote;6.6;1053;6.65;703
SETU26;;Market Price;2026-09-04T17:38:50.406874828Z;-5;Quote;6.6;1003;6.65;703
SETU26;;Market Price;2026-09-04T17:38:50.481540660Z;-5;Quote;6.6;1004;6.65;703
SETU26;;Market Price;2026-09-04T17:38:50.581830611Z;-5;Quote;6.6;954;6.65;703
SETU26;;Market Price;2026-09-04T17:38:50.666447068Z;-5;Quote;6.6;956;6.65;703
SETU26;;Market Price;2026-09-04T17:39:12.912293320Z;-5;Quote;6.6;951;6.65;703
SETU26;;Market Price;2026-09-04T17:39:12.912293320Z;-5;Quote;6.6;950;6.65;703
SETU26;;Market Price;2026-09-04T17:39:12.912293320Z;-5;Quote;6.6;949;6.65;703
SETU26;;Market Price;2026-09-04T17:39:12.912293320Z;-5;Quote;6.6;948;6.65;703
SETU26;;Market Price;2026-09-04T17:39:12.912293320Z;-5;Quote;6.6;947;6.65;703
SETU26;;Market Price;2026-09-04T17:39:12.937189371Z;-5;Quote;6.6;947;6.65;694
SETU26;;Market Price;2026-09-04T17:39:21.286979985Z;-5;Quote;6.6;1047;6.65;694
SETU26;;Market Price;2026-09-04T17:39:25.296640591Z;-5;Quote;6.6;947;6.65;694
SETU26;;Market Price;2026-09-04T17:39:25.296640591Z;-5;Quote;6.6;950;6.65;694
SETU26;;Market Price;2026-09-04T17:39:44.716461634Z;-5;Quote;6.6;850;6.65;694
SETU26;;Market Price;2026-09-04T17:39:44.716461634Z;-5;Quote;6.6;853;6.65;694
SETU26;;Market Price;2026-09-04T17:39:44.732393532Z;-5;Quote;6.6;853;6.65;594
SETU26;;Market Price;2026-09-04T17:40:01.022186069Z;-5;Quote;6.6;853;6.65;595
SETU26;;Market Price;2026-09-04T17:40:10.866406910Z;-5;Quote;6.6;853;6.65;620
SETU26;;Market Price;2026-09-04T17:40:12.336625329Z;-5;Quote;6.6;854;6.65;620
SETU26;;Market Price;2026-09-04T17:40:17.122072034Z;-5;Quote;6.6;853;6.65;620
SETU26;;Market Price;2026-09-04T17:41:41.016478198Z;-5;Quote;6.6;853;6.65;621
SETU26;;Market Price;2026-09-04T17:41:57.032179781Z;-5;Quote;6.6;850;6.65;621
SETU26;;Market Price;2026-09-04T17:41:57.032179781Z;-5;Quote;6.6;847;6.65;621
SETU26;;Market Price;2026-09-04T17:41:57.057041100Z;-5;Quote;6.6;847;6.65;615
SETU26;;Market Price;2026-09-04T17:41:59.971478690Z;-5;Quote;6.6;846;6.65;615
SETU26;;Market Price;2026-09-04T17:42:22.026487553Z;-5;Quote;6.6;846;6.65;645
SETU26;;Market Price;2026-09-04T17:43:13.816782032Z;-5;Quote;6.6;843;6.65;645
SETU26;;Market Price;2026-09-04T17:43:42.826922851Z;-5;Quote;6.6;842;6.65;645
SETU26;;Market Price;2026-09-04T17:44:52.567153052Z;-5;Quote;6.6;842;6.65;655
SETU26;;Market Price;2026-09-04T17:45:10.996820608Z;-5;Quote;6.6;842;6.65;700
SETU26;;Market Price;2026-09-04T17:45:11.096437440Z;-5;Quote;6.6;842;6.65;655
SETU26;;Market Price;2026-09-04T17:45:25.677211466Z;-5;Quote;6.6;841;6.65;655
SETU26;;Market Price;2026-09-04T17:45:27.306438236Z;-5;Quote;6.6;841;6.65;700
SETU26;;Market Price;2026-09-04T17:45:27.392053100Z;-5;Quote;6.6;841;6.65;655
SETU26;;Market Price;2026-09-04T17:45:27.792169042Z;-5;Quote;6.6;841;6.65;700
SETU26;;Market Price;2026-09-04T17:45:30.152148393Z;-5;Quote;6.6;841;6.65;655
SETU26;;Market Price;2026-09-04T17:45:30.317429797Z;-5;Quote;6.6;841;6.65;700
SETU26;;Market Price;2026-09-04T17:45:32.951387732Z;-5;Quote;6.6;841;6.65;655
SETU26;;Market Price;2026-09-04T17:45:33.111681879Z;-5;Quote;6.6;841;6.65;700
SETU26;;Market Price;2026-09-04T17:45:33.896932130Z;-5;Quote;6.6;841;6.65;655
SETU26;;Market Price;2026-09-04T17:45:39.852098391Z;-5;Quote;6.6;841;6.65;700
SETU26;;Market Price;2026-09-04T17:45:54.161928857Z;-5;Quote;6.6;834;6.65;700
SETU26;;Market Price;2026-09-04T17:45:57.752277120Z;-5;Quote;6.6;834;6.65;710
SETU26;;Market Price;2026-09-04T17:46:04.162366725Z;-5;Quote;6.6;814;6.65;710
SETU26;;Market Price;2026-09-04T17:46:04.162366725Z;-5;Quote;6.6;815;6.65;710
SETU26;;Market Price;2026-09-04T17:46:04.401406836Z;-5;Quote;6.6;815;6.65;665
SETU26;;Market Price;2026-09-04T17:46:12.306705145Z;-5;Quote;6.6;795;6.65;665
SETU26;;Market Price;2026-09-04T17:46:12.306705145Z;-5;Quote;6.6;795;6.65;710
SETU26;;Market Price;2026-09-04T17:46:12.306705145Z;-5;Quote;6.6;796;6.65;710
SETU26;;Market Price;2026-09-04T17:46:12.476981140Z;-5;Quote;6.6;796;6.65;665
SETU26;;Market Price;2026-09-04T17:46:16.472094989Z;-5;Quote;6.6;796;6.65;675
SETU26;;Market Price;2026-09-04T17:46:18.751807202Z;-5;Quote;6.6;796;6.65;720
SETU26;;Market Price;2026-09-04T17:46:20.011966713Z;-5;Quote;6.6;776;6.65;720
SETU26;;Market Price;2026-09-04T17:46:22.536553285Z;-5;Quote;6.6;776;6.65;719
SETU26;;Market Price;2026-09-04T17:46:22.536553285Z;-5;Quote;6.6;775;6.65;719
SETU26;;Market Price;2026-09-04T17:46:22.541521132Z;-5;Quote;6.6;776;6.65;719
SETU26;;Market Price;2026-09-04T17:46:24.801463149Z;-5;Quote;6.6;776;6.65;674
SETU26;;Market Price;2026-09-04T17:46:28.747076782Z;-5;Quote;6.6;777;6.65;674
SETU26;;Market Price;2026-09-04T17:46:47.256224528Z;-5;Quote;6.6;777;6.65;664
SETU26;;Market Price;2026-09-04T17:46:54.432374364Z;-5;Quote;6.6;777;6.65;709
SETU26;;Market Price;2026-09-04T17:46:54.436338735Z;-5;Quote;6.6;757;6.65;709
SETU26;;Market Price;2026-09-04T17:46:54.436338735Z;-5;Quote;6.6;758;6.65;709
SETU26;;Market Price;2026-09-04T17:46:54.596631652Z;-5;Quote;6.6;758;6.65;664
SETU26;;Market Price;2026-09-04T17:47:08.527096050Z;-5;Quote;6.6;757;6.65;664
SETU26;;Market Price;2026-09-04T17:47:15.461661695Z;-5;Quote;6.6;746;6.65;664
SETU26;;Market Price;2026-09-04T17:47:15.471624731Z;-5;Quote;6.6;746;6.65;709
SETU26;;Market Price;2026-09-04T17:47:15.792213400Z;-5;Quote;6.6;746;6.65;664
SETU26;;Market Price;2026-09-04T17:47:22.947062436Z;-5;Quote;6.6;746;6.65;661
SETU26;;Market Price;2026-09-04T17:47:24.752020524Z;-5;Quote;6.6;746;6.65;651
SETU26;;Market Price;2026-09-04T17:47:25.272179348Z;-5;Quote;6.6;745;6.65;651
SETU26;;Market Price;2026-09-04T17:47:25.272179348Z;-5;Quote;6.6;744;6.65;651
SETU26;;Market Price;2026-09-04T17:47:25.272179348Z;-5;Quote;6.6;743;6.65;651
SETU26;;Market Price;2026-09-04T17:47:25.297103547Z;-5;Quote;6.6;743;6.65;648
SETU26;;Market Price;2026-09-04T17:47:27.851440460Z;-5;Quote;6.6;743;6.65;693
SETU26;;Market Price;2026-09-04T17:47:27.851440460Z;-5;Quote;6.6;723;6.65;693
SETU26;;Market Price;2026-09-04T17:47:27.851440460Z;-5;Quote;6.6;724;6.65;693
SETU26;;Market Price;2026-09-04T17:47:28.031611167Z;-5;Quote;6.6;724;6.65;648
SETU26;;Market Price;2026-09-04T17:48:51.376669105Z;-5;Quote;6.6;723;6.65;648
SETU26;;Market Price;2026-09-04T17:49:17.556769623Z;-5;Quote;6.6;723;6.65;698
SETU26;;Market Price;2026-09-04T17:49:41.456647992Z;-5;Quote;6.6;623;6.65;698
SETU26;;Market Price;2026-09-04T17:49:41.456647992Z;-5;Quote;6.6;626;6.65;698
SETU26;;Market Price;2026-09-04T17:49:52.056864463Z;-5;Quote;6.6;626;6.65;696
SETU26;;Market Price;2026-09-04T17:49:53.056484750Z;-5;Quote;6.6;626;6.65;695
SETU26;;Market Price;2026-09-04T17:50:01.016530864Z;-5;Quote;6.6;626;6.65;694
SETU26;;Market Price;2026-09-04T17:50:01.016530864Z;-5;Quote;6.6;626;6.65;696
SETU26;;Market Price;2026-09-04T17:50:06.481408568Z;-5;Quote;6.6;513;6.65;583
SETU26;;Market Price;2026-09-04T17:50:06.481408568Z;-5;Quote;6.6;517;6.65;583
SETU26;;Market Price;2026-09-04T17:50:09.391523507Z;-5;Quote;6.6;513;6.65;583
SETU26;;Market Price;2026-09-04T17:50:09.391523507Z;-5;Quote;6.6;510;6.65;583
SETU26;;Market Price;2026-09-04T17:50:09.391523507Z;-5;Quote;6.6;509;6.65;583
SETU26;;Market Price;2026-09-04T17:50:09.416375160Z;-5;Quote;6.6;509;6.65;575
SETU26;;Market Price;2026-09-04T17:50:16.512240680Z;-5;Quote;6.6;509;6.65;688
SETU26;;Market Price;2026-09-04T17:50:34.231979949Z;-5;Quote;6.6;508;6.65;688
SETU26;;Market Price;2026-09-04T17:50:42.857352900Z;-5;Quote;6.6;508;6.65;686
SETU26;;Market Price;2026-09-04T17:50:42.857352900Z;-5;Quote;6.6;508;6.65;685
SETU26;;Market Price;2026-09-04T17:50:45.591897196Z;-5;Quote;6.6;508;6.65;684
SETU26;;Market Price;2026-09-04T17:50:50.191692659Z;-5;Quote;6.6;508;6.65;682
SETU26;;Market Price;2026-09-04T17:50:50.191692659Z;-5;Quote;6.6;508;6.65;679
SETU26;;Market Price;2026-09-04T17:50:50.191692659Z;-5;Quote;6.6;508;6.65;676
SETU26;;Market Price;2026-09-04T17:50:50.191692659Z;-5;Quote;6.6;508;6.65;674
SETU26;;Market Price;2026-09-04T17:50:50.191692659Z;-5;Quote;6.6;508;6.65;672
SETU26;;Market Price;2026-09-04T17:50:53.266186849Z;-5;Quote;6.6;508;6.65;717
SETU26;;Market Price;2026-09-04T17:50:53.471212832Z;-5;Quote;6.6;508;6.65;672
SETU26;;Market Price;2026-09-04T17:50:53.817039566Z;-5;Quote;6.6;508;6.65;717
SETU26;;Market Price;2026-09-04T17:50:54.996367521Z;-5;Quote;6.6;502;6.65;717
SETU26;;Market Price;2026-09-04T17:50:58.136753866Z;-5;Quote;6.6;502;6.65;672
SETU26;;Market Price;2026-09-04T17:51:07.436689740Z;-5;Quote;6.6;502;6.65;671
SETU26;;Market Price;2026-09-04T17:51:07.436689740Z;-5;Quote;6.6;503;6.65;671
SETU26;;Market Price;2026-09-04T17:51:07.606952366Z;-5;Quote;6.6;403;6.65;671
SETU26;;Market Price;2026-09-04T17:51:07.901636620Z;-5;Quote;6.6;406;6.65;671
SETU26;;Market Price;2026-09-04T17:51:25.921424352Z;-5;Quote;6.6;407;6.65;671
SETU26;;Market Price;2026-09-04T17:51:47.946938776Z;-5;Quote;6.6;387;6.65;671
SETU26;;Market Price;2026-09-04T17:51:47.946938776Z;-5;Quote;6.6;387;6.65;716
SETU26;;Market Price;2026-09-04T17:51:48.176246719Z;-5;Quote;6.6;387;6.65;671
SETU26;;Market Price;2026-09-04T17:51:50.476513106Z;-5;Quote;6.6;374;6.65;671
SETU26;;Market Price;2026-09-04T17:51:50.476513106Z;-5;Quote;6.6;375;6.65;671
SETU26;;Market Price;2026-09-04T17:51:55.867145794Z;-5;Quote;6.6;375;6.65;716
SETU26;;Market Price;2026-09-04T17:51:55.872111087Z;-5;Quote;6.6;355;6.65;716
SETU26;;Market Price;2026-09-04T17:51:56.066983954Z;-5;Quote;6.6;355;6.65;671
SETU26;;Market Price;2026-09-04T17:51:57.301677225Z;-5;Quote;6.6;355;6.65;716
SETU26;;Market Price;2026-09-04T17:52:00.011355464Z;-5;Quote;6.6;335;6.65;716
SETU26;;Market Price;2026-09-04T17:52:00.011355464Z;-5;Quote;6.6;336;6.65;716
SETU26;;Market Price;2026-09-04T17:52:00.216406174Z;-5;Quote;6.6;336;6.65;671
SETU26;;Market Price;2026-09-04T17:52:02.891516324Z;-5;Quote;6.6;336;6.65;435
SETU26;;Market Price;2026-09-04T17:52:02.891516324Z;-5;Quote;6.6;343;6.65;435
SETU26;;Market Price;2026-09-04T17:52:07.397306135Z;-5;Quote;6.6;343;6.65;480
SETU26;;Market Price;2026-09-04T17:52:07.476945590Z;-5;Quote;6.6;343;6.65;435
SETU26;;Market Price;2026-09-04T17:52:17.081548267Z;-5;Quote;6.6;342;6.65;435
SETU26;;Market Price;2026-09-04T17:52:53.506838501Z;-5;Quote;6.6;335;6.65;435
SETU26;;Market Price;2026-09-04T17:52:53.506838501Z;-5;Quote;6.6;334;6.65;435
SETU26;;Market Price;2026-09-04T17:52:53.506838501Z;-5;Quote;6.6;333;6.65;435
SETU26;;Market Price;2026-09-04T17:52:53.506838501Z;-5;Quote;6.6;330;6.65;435
SETU26;;Market Price;2026-09-04T17:52:53.506838501Z;-5;Quote;6.6;329;6.65;435
SETU26;;Market Price;2026-09-04T17:52:53.531712427Z;-5;Quote;6.6;329;6.65;422
SETU26;;Market Price;2026-09-04T17:53:03.151607033Z;-5;Quote;6.6;329;6.65;425
SETU26;;Market Price;2026-09-04T17:53:08.036351937Z;-5;Quote;6.6;329;6.65;422
SETU26;;Market Price;2026-09-04T17:53:08.052275291Z;-5;Quote;6.6;329;6.65;419
SETU26;;Market Price;2026-09-04T17:53:13.597190811Z;-5;Quote;6.6;329;6.65;417
SETU26;;Market Price;2026-09-04T17:53:13.597190811Z;-5;Quote;6.6;329;6.65;415
SETU26;;Market Price;2026-09-04T17:53:13.597190811Z;-5;Quote;6.6;329;6.65;413
SETU26;;Market Price;2026-09-04T17:53:13.597190811Z;-5;Quote;6.6;330;6.65;413
SETU26;;Market Price;2026-09-04T17:53:14.596324224Z;-5;Quote;6.6;330;6.65;412
SETU26;;Market Price;2026-09-04T17:53:59.932109830Z;-5;Quote;6.6;330;6.65;413
SETU26;;Market Price;2026-09-04T17:54:00.742243433Z;-5;Quote;6.6;330;6.65;410
SETU26;;Market Price;2026-09-04T17:54:12.821599506Z;-5;Quote;6.6;295;6.65;410
SETU26;;Market Price;2026-09-04T17:54:12.821599506Z;-5;Quote;6.6;296;6.65;410
SETU26;;Market Price;2026-09-04T17:54:29.356764589Z;-5;Quote;6.6;296;6.65;409
SETU26;;Market Price;2026-09-04T17:54:29.376736771Z;-5;Quote;6.6;206;6.65;409
SETU26;;Market Price;2026-09-04T17:54:29.376736771Z;-5;Quote;6.6;209;6.65;409
SETU26;;Market Price;2026-09-04T17:54:41.141972816Z;-5;Quote;6.6;209;6.65;407
SETU26;;Market Price;2026-09-04T17:54:44.401491096Z;-5;Quote;6.6;199;6.65;407
SETU26;;Market Price;2026-09-04T17:54:49.446190470Z;-5;Quote;6.6;200;6.65;407
SETU26;;Market Price;2026-09-04T17:54:56.346355313Z;-5;Quote;6.6;200;6.65;415
SETU26;;Market Price;2026-09-04T17:55:09.386370105Z;-5;Quote;6.6;210;6.65;415
SETU26;;Market Price;2026-09-04T17:55:37.626810234Z;-5;Quote;6.6;207;6.65;415
SETU26;;Market Price;2026-09-04T17:55:37.626810234Z;-5;Quote;6.6;206;6.65;415
SETU26;;Market Price;2026-09-04T17:55:37.626810234Z;-5;Quote;6.6;205;6.65;415
SETU26;;Market Price;2026-09-04T17:55:37.651722687Z;-5;Quote;6.6;205;6.65;410
SETU26;;Market Price;2026-09-04T17:55:42.782000178Z;-5;Quote;6.6;204;6.65;410
SETU26;;Market Price;2026-09-04T17:55:59.452163277Z;-5;Quote;6.6;196;6.65;402
SETU26;;Market Price;2026-09-04T17:56:25.521905653Z;-5;Quote;6.6;196;6.65;401
SETU26;;Market Price;2026-09-04T17:56:56.791590770Z;-5;Quote;6.6;174;6.65;401
SETU26;;Market Price;2026-09-04T17:56:56.791590770Z;-5;Quote;6.6;175;6.65;401
SETU26;;Market Price;2026-09-04T17:57:00.332065161Z;-5;Quote;6.6;204;6.65;401
SETU26;;Market Price;2026-09-04T17:57:00.332065161Z;-5;Quote;6.6;206;6.65;401
SETU26;;Market Price;2026-09-04T17:57:07.806981326Z;-5;Quote;6.6;206;6.65;398
SETU26;;Market Price;2026-09-04T17:57:07.806981326Z;-5;Quote;6.6;206;6.65;395
SETU26;;Market Price;2026-09-04T17:57:25.636337038Z;-5;Quote;6.6;205;6.65;395
SETU26;;Market Price;2026-09-04T17:57:28.316609363Z;-5;Quote;6.6;205;6.65;595
SETU26;;Market Price;2026-09-04T17:57:28.921951570Z;-5;Quote;6.6;185;6.65;595
SETU26;;Market Price;2026-09-04T17:57:28.921951570Z;-5;Quote;6.6;186;6.65;595
SETU26;;Market Price;2026-09-04T17:57:32.956447261Z;-5;Quote;6.6;166;6.65;595
SETU26;;Market Price;2026-09-04T17:57:32.956447261Z;-5;Quote;6.6;167;6.65;595
SETU26;;Market Price;2026-09-04T17:58:14.916578831Z;-5;Quote;6.6;167;6.65;585
SETU26;;Market Price;2026-09-04T17:58:21.747251754Z;-5;Quote;6.6;166;6.65;585
SETU26;;Market Price;2026-09-04T17:58:21.747251754Z;-5;Quote;6.6;165;6.65;585
SETU26;;Market Price;2026-09-04T17:58:21.747251754Z;-5;Quote;6.6;163;6.65;585
SETU26;;Market Price;2026-09-04T17:58:21.747251754Z;-5;Quote;6.6;162;6.65;585
SETU26;;Market Price;2026-09-04T17:58:21.772136041Z;-5;Quote;6.6;162;6.65;580
SETU26;;Market Price;2026-09-04T17:58:52.646715308Z;-5;Quote;6.6;162;6.65;680
SETU26;;Market Price;2026-09-04T17:59:08.486826673Z;-5;Quote;6.6;161;6.65;680
SETU26;;Market Price;2026-09-04T17:59:46.156659952Z;-5;Quote;6.6;147;6.65;680
SETU26;;Market Price;2026-09-04T17:59:46.336575213Z;-5;Quote;6.6;147;6.65;725
SETU26;;Market Price;2026-09-04T17:59:46.336575213Z;-5;Quote;6.6;127;6.65;725
SETU26;;Market Price;2026-09-04T17:59:46.336575213Z;-5;Quote;6.6;128;6.65;725
SETU26;;Market Price;2026-09-04T17:59:46.396280365Z;-5;Quote;6.6;128;6.65;680
SETU26;;Market Price;2026-09-04T17:59:52.666588214Z;-5;Quote;6.6;128;6.65;650
SETU26;;Market Price;2026-09-04T18:00:01.326380697Z;-5;Quote;6.6;128;6.65;680
SETU26;;Market Price;2026-09-04T18:00:02.911424435Z;-5;Quote;6.55;1245;6.6;32
SETU26;;Market Price;2026-09-04T18:00:02.911424435Z;-5;Quote;6.55;845;6.6;32
SETU26;;Market Price;2026-09-04T18:00:02.911424435Z;-5;Quote;6.55;845;6.6;97
SETU26;;Market Price;2026-09-04T18:00:02.916413860Z;-5;Quote;6.55;845;6.6;92
SETU26;;Market Price;2026-09-04T18:00:02.966213777Z;-5;Quote;6.55;845;6.6;93
SETU26;;Market Price;2026-09-04T18:00:03.217125048Z;-5;Quote;6.55;845;6.6;98
SETU26;;Market Price;2026-09-04T18:00:03.551372751Z;-5;Quote;6.55;832;6.6;98
SETU26;;Market Price;2026-09-04T18:00:06.056356137Z;-5;Quote;6.55;832;6.6;99
SETU26;;Market Price;2026-09-04T18:00:06.151927934Z;-5;Quote;6.55;282;6.6;99
SETU26;;Market Price;2026-09-04T18:00:33.091526650Z;-5;Quote;6.55;282;6.6;129
SETU26;;Market Price;2026-09-04T18:00:48.936396801Z;-5;Quote;6.55;282;6.6;229
SETU26;;Market Price;2026-09-04T18:00:51.342011877Z;-5;Quote;6.55;281;6.6;229
SETU26;;Market Price;2026-09-04T18:01:35.916144666Z;-5;Quote;6.55;281;6.6;199
SETU26;;Market Price;2026-09-04T18:01:43.751890222Z;-5;Quote;6.55;271;6.6;199
SETU26;;Market Price;2026-09-04T18:01:43.751890222Z;-5;Quote;6.55;272;6.6;199
SETU26;;Market Price;2026-09-04T18:01:53.816621608Z;-5;Quote;6.55;259;6.6;199
SETU26;;Market Price;2026-09-04T18:01:55.711566159Z;-5;Quote;6.55;258;6.6;199
SETU26;;Market Price;2026-09-04T18:02:09.916366902Z;-5;Quote;6.55;258;6.6;229
SETU26;;Market Price;2026-09-04T18:02:10.376995685Z;-5;Quote;6.55;258;6.6;429
SETU26;;Market Price;2026-09-04T18:02:25.472088417Z;-5;Quote;6.55;259;6.6;429
SETU26;;Market Price;2026-09-04T18:02:34.191710032Z;-5;Quote;6.55;258;6.6;429
SETU26;;Market Price;2026-09-04T18:03:10.151411730Z;-5;Quote;6.55;259;6.6;429
SETU26;;Market Price;2026-09-04T18:03:11.246960408Z;-5;Quote;6.55;219;6.6;429
SETU26;;Market Price;2026-09-04T18:03:11.251904358Z;-5;Quote;6.55;220;6.6;429
SETU26;;Market Price;2026-09-04T18:03:11.251904358Z;-5;Quote;6.55;384;6.6;429
SETU26;;Market Price;2026-09-04T18:03:37.506338646Z;-5;Quote;6.55;324;6.6;429
SETU26;;Market Price;2026-09-04T18:03:37.506338646Z;-5;Quote;6.55;326;6.6;429
SETU26;;Market Price;2026-09-04T18:03:42.521795925Z;-5;Quote;6.5;1360;6.6;429
SETU26;;Market Price;2026-09-04T18:03:42.521795925Z;-5;Quote;6.5;960;6.6;429
SETU26;;Market Price;2026-09-04T18:03:42.526866411Z;-5;Quote;6.55;136;6.6;429
SETU26;;Market Price;2026-09-04T18:03:42.771688709Z;-5;Quote;6.55;128;6.6;429
SETU26;;Market Price;2026-09-04T18:03:43.001676769Z;-5;Quote;6.55;138;6.6;429
SETU26;;Market Price;2026-09-04T18:03:47.561601376Z;-5;Quote;6.5;960;6.6;429
SETU26;;Market Price;2026-09-04T18:03:47.891188297Z;-5;Quote;6.5;959;6.6;429
SETU26;;Market Price;2026-09-04T18:03:49.651386895Z;-5;Quote;6.5;959;6.55;100
SETU26;;Market Price;2026-09-04T18:03:49.651386895Z;-5;Quote;6.5;959;6.55;157
SETU26;;Market Price;2026-09-04T18:03:49.651386895Z;-5;Quote;6.5;959;6.55;153
SETU26;;Market Price;2026-09-04T18:03:49.656326444Z;-5;Quote;6.5;959;6.55;154
SETU26;;Market Price;2026-09-04T18:03:50.226832114Z;-5;Quote;6.5;959;6.55;159
SETU26;;Market Price;2026-09-04T18:03:50.291434091Z;-5;Quote;6.5;409;6.55;159
SETU26;;Market Price;2026-09-04T18:03:51.061395962Z;-5;Quote;6.5;409;6.55;160
SETU26;;Market Price;2026-09-04T18:03:55.406390469Z;-5;Quote;6.5;9;6.55;160
SETU26;;Market Price;2026-09-04T18:04:11.116560101Z;-5;Quote;6.5;9;6.55;260
SETU26;;Market Price;2026-09-04T18:04:17.041461761Z;-5;Quote;6.5;8;6.55;260
SETU26;;Market Price;2026-09-04T18:04:26.531928584Z;-5;Quote;6.5;9;6.55;260
SETU26;;Market Price;2026-09-04T18:04:30.446270887Z;-5;Quote;6.5;2;6.55;260
SETU26;;Market Price;2026-09-04T18:04:30.446270887Z;-5;Quote;6.5;3;6.55;260
SETU26;;Market Price;2026-09-04T18:04:30.886347787Z;-5;Quote;6.5;2;6.55;260
SETU26;;Market Price;2026-09-04T18:04:31.331477977Z;-5;Quote;6.45;960;6.55;260
SETU26;;Market Price;2026-09-04T18:04:31.382150012Z;-5;Quote;6.45;960;6.55;267
SETU26;;Market Price;2026-09-04T18:04:31.392118660Z;-5;Quote;6.45;959;6.55;267
SETU26;;Market Price;2026-09-04T18:04:38.016361252Z;-5;Quote;6.45;949;6.55;267
SETU26;;Market Price;2026-09-04T18:04:39.196882460Z;-5;Quote;6.45;949;6.55;467
SETU26;;Market Price;2026-09-04T18:04:39.401999575Z;-5;Quote;6.45;549;6.55;467
SETU26;;Market Price;2026-09-04T18:04:47.417022052Z;-5;Quote;6.45;549;6.55;867
SETU26;;Market Price;2026-09-04T18:05:26.092143079Z;-5;Quote;6.45;549;6.55;897
SETU26;;Market Price;2026-09-04T18:05:42.127173689Z;-5;Quote;6.45;549;6.55;942
SETU26;;Market Price;2026-09-04T18:05:59.892614563Z;-5;Quote;6.45;548;6.55;942
SETU26;;Market Price;2026-09-04T18:06:05.537119704Z;-5;Quote;6.45;548;6.55;842
SETU26;;Market Price;2026-09-04T18:06:12.371651487Z;-5;Quote;6.45;548;6.55;812
SETU26;;Market Price;2026-09-04T18:06:17.456426991Z;-5;Quote;6.45;548;6.55;842
SETU26;;Market Price;2026-09-04T18:06:19.326585078Z;-5;Quote;6.45;548;6.5;100
SETU26;;Market Price;2026-09-04T18:06:19.326585078Z;-5;Quote;6.45;548;6.5;205
SETU26;;Market Price;2026-09-04T18:06:19.331591469Z;-5;Quote;6.45;548;6.5;206
SETU26;;Market Price;2026-09-04T18:06:19.376084376Z;-5;Quote;6.45;548;6.5;213
SETU26;;Market Price;2026-09-04T18:06:20.241273058Z;-5;Quote;6.45;548;6.5;218
SETU26;;Market Price;2026-09-04T18:06:21.066200088Z;-5;Quote;6.45;548;6.5;219
SETU26;;Market Price;2026-09-04T18:06:38.936247857Z;-5;Quote;6.45;548;6.5;419
SETU26;;Market Price;2026-09-04T18:06:48.191708607Z;-5;Quote;6.45;498;6.5;419
SETU26;;Market Price;2026-09-04T18:06:48.191708607Z;-5;Quote;6.45;499;6.5;419
SETU26;;Market Price;2026-09-04T18:06:52.146390346Z;-5;Quote;6.45;449;6.5;419
SETU26;;Market Price;2026-09-04T18:06:52.146390346Z;-5;Quote;6.45;451;6.5;419
SETU26;;Market Price;2026-09-04T18:06:52.551469433Z;-5;Quote;6.45;451;6.5;464
SETU26;;Market Price;2026-09-04T18:06:53.041349910Z;-5;Quote;6.45;451;6.5;463
SETU26;;Market Price;2026-09-04T18:06:53.041349910Z;-5;Quote;6.45;451;6.5;464
SETU26;;Market Price;2026-09-04T18:06:54.146750054Z;-5;Quote;6.45;451;6.5;419
SETU26;;Market Price;2026-09-04T18:06:59.806978719Z;-5;Quote;6.45;1001;6.5;419
SETU26;;Market Price;2026-09-04T18:07:01.621933845Z;-5;Quote;6.45;1011;6.5;419
SETU26;;Market Price;2026-09-04T18:07:01.676788171Z;-5;Quote;6.45;1011;6.5;519
SETU26;;Market Price;2026-09-04T18:07:41.521691455Z;-5;Quote;6.45;1011;6.5;119
SETU26;;Market Price;2026-09-04T18:07:41.526259463Z;-5;Quote;6.45;1011;6.5;107
SETU26;;Market Price;2026-09-04T18:07:41.526259463Z;-5;Quote;6.45;1009;6.5;107
SETU26;;Market Price;2026-09-04T18:07:41.526259463Z;-5;Quote;6.45;1008;6.5;107
SETU26;;Market Price;2026-09-04T18:07:41.716250424Z;-5;Quote;6.45;1008;6.5;104
SETU26;;Market Price;2026-09-04T18:07:41.926235228Z;-5;Quote;6.45;1008;6.5;129
SETU26;;Market Price;2026-09-04T18:07:42.746852736Z;-5;Quote;6.45;1008;6.5;130
SETU26;;Market Price;2026-09-04T18:07:51.576462410Z;-5;Quote;6.45;1008;6.5;236
SETU26;;Market Price;2026-09-04T18:08:02.251114952Z;-5;Quote;6.45;1008;6.5;243
SETU26;;Market Price;2026-09-04T18:08:04.301390110Z;-5;Quote;6.45;1008;6.5;143
SETU26;;Market Price;2026-09-04T18:08:16.061691998Z;-5;Quote;6.45;1008;6.5;61
SETU26;;Market Price;2026-09-04T18:08:16.061691998Z;-5;Quote;6.45;1008;6.5;58
SETU26;;Market Price;2026-09-04T18:08:16.061691998Z;-5;Quote;6.45;1008;6.5;59
SETU26;;Market Price;2026-09-04T18:08:16.402207065Z;-5;Quote;6.45;1008;6.5;85
SETU26;;Market Price;2026-09-04T18:08:17.076333185Z;-5;Quote;6.45;1008;6.5;31
SETU26;;Market Price;2026-09-04T18:08:17.076333185Z;-5;Quote;6.45;1008;6.5;30
SETU26;;Market Price;2026-09-04T18:08:17.076333185Z;-5;Quote;6.45;1008;6.5;32
SETU26;;Market Price;2026-09-04T18:08:17.362185516Z;-5;Quote;6.5;518;6.55;1734
SETU26;;Market Price;2026-09-04T18:08:17.362185516Z;-5;Quote;6.5;519;6.55;1734
SETU26;;Market Price;2026-09-04T18:08:17.376143071Z;-5;Quote;6.5;519;6.55;1334
SETU26;;Market Price;2026-09-04T18:08:17.377168476Z;-5;Quote;6.5;519;6.55;934
SETU26;;Market Price;2026-09-04T18:08:17.382133147Z;-5;Quote;6.5;519;6.55;534
SETU26;;Market Price;2026-09-04T18:08:17.436905136Z;-5;Quote;6.5;512;6.55;534
SETU26;;Market Price;2026-09-04T18:08:17.726412699Z;-5;Quote;6.5;513;6.55;534
SETU26;;Market Price;2026-09-04T18:08:17.767275637Z;-5;Quote;6.5;513;6.55;565
SETU26;;Market Price;2026-09-04T18:08:19.036792425Z;-5;Quote;6.5;2;6.55;565
SETU26;;Market Price;2026-09-04T18:08:19.041851793Z;-5;Quote;6.45;1008;6.55;565
SETU26;;Market Price;2026-09-04T18:08:19.041851793Z;-5;Quote;6.45;1008;6.55;563
SETU26;;Market Price;2026-09-04T18:08:19.636893405Z;-5;Quote;6.45;560;6.55;563
SETU26;;Market Price;2026-09-04T18:08:19.636893405Z;-5;Quote;6.45;10;6.55;563
SETU26;;Market Price;2026-09-04T18:08:20.627151170Z;-5;Quote;6.45;560;6.55;563
SETU26;;Market Price;2026-09-04T18:08:21.016552461Z;-5;Quote;6.45;560;6.55;560
SETU26;;Market Price;2026-09-04T18:08:21.016552461Z;-5;Quote;6.45;560;6.55;558
SETU26;;Market Price;2026-09-04T18:08:27.191580478Z;-5;Quote;6.45;560;6.55;664
SETU26;;Market Price;2026-09-04T18:08:31.001929230Z;-5;Quote;6.45;560;6.55;634
SETU26;;Market Price;2026-09-04T18:09:00.856762000Z;-5;Quote;6.45;560;6.5;200
SETU26;;Market Price;2026-09-04T18:09:00.856762000Z;-5;Quote;6.45;560;6.5;307
SETU26;;Market Price;2026-09-04T18:09:00.856762000Z;-5;Quote;6.45;560;6.5;309
SETU26;;Market Price;2026-09-04T18:09:00.866723712Z;-5;Quote;6.45;560;6.5;108
SETU26;;Market Price;2026-09-04T18:09:00.866723712Z;-5;Quote;6.45;559;6.5;108
SETU26;;Market Price;2026-09-04T18:09:00.866723712Z;-5;Quote;6.45;559;6.5;102
SETU26;;Market Price;2026-09-04T18:09:00.971155888Z;-5;Quote;6.45;559;6.5;138
SETU26;;Market Price;2026-09-04T18:09:01.876645331Z;-5;Quote;6.45;559;6.5;75
SETU26;;Market Price;2026-09-04T18:09:01.876645331Z;-5;Quote;6.45;559;6.5;73
SETU26;;Market Price;2026-09-04T18:09:05.827133541Z;-5;Quote;6.5;27;6.55;1699
SETU26;;Market Price;2026-09-04T18:09:05.827133541Z;-5;Quote;6.45;559;6.55;1699
SETU26;;Market Price;2026-09-04T18:09:05.827133541Z;-5;Quote;6.5;2;6.55;1699
SETU26;;Market Price;2026-09-04T18:09:05.827133541Z;-5;Quote;6.45;559;6.55;1699
SETU26;;Market Price;2026-09-04T18:09:05.837090015Z;-5;Quote;6.45;559;6.55;1299
SETU26;;Market Price;2026-09-04T18:09:05.841964639Z;-5;Quote;6.45;559;6.55;899
SETU26;;Market Price;2026-09-04T18:09:05.841964639Z;-5;Quote;6.45;559;6.55;499
SETU26;;Market Price;2026-09-04T18:09:06.057118267Z;-5;Quote;6.45;558;6.55;499
SETU26;;Market Price;2026-09-04T18:09:06.171662386Z;-5;Quote;6.45;558;6.55;530
SETU26;;Market Price;2026-09-04T18:09:06.186566394Z;-5;Quote;6.45;559;6.55;530
SETU26;;Market Price;2026-09-04T18:09:15.996324544Z;-5;Quote;6.45;559;6.55;637
SETU26;;Market Price;2026-09-04T18:09:18.222145645Z;-5;Quote;6.45;558;6.55;637
SETU26;;Market Price;2026-09-04T18:09:18.247126811Z;-5;Quote;6.45;558;6.55;636
SETU26;;Market Price;2026-09-04T18:09:25.596174353Z;-5;Quote;6.45;558;6.55;637
SETU26;;Market Price;2026-09-04T18:09:33.166641471Z;-5;Quote;6.45;558;6.5;100
SETU26;;Market Price;2026-09-04T18:09:33.166641471Z;-5;Quote;6.45;558;6.5;207
SETU26;;Market Price;2026-09-04T18:09:33.216428176Z;-5;Quote;6.45;558;6.5;238
SETU26;;Market Price;2026-09-04T18:09:35.236525512Z;-5;Quote;6.45;658;6.5;238
SETU26;;Market Price;2026-09-04T18:09:35.601748104Z;-5;Quote;6.45;658;6.5;239
SETU26;;Market Price;2026-09-04T18:09:42.326693855Z;-5;Quote;6.45;658;6.5;1
SETU26;;Market Price;2026-09-04T18:09:42.326693855Z;-5;Quote;6.45;658;6.55;1698
SETU26;;Market Price;2026-09-04T18:09:42.341718059Z;-5;Quote;6.45;658;6.55;1298
SETU26;;Market Price;2026-09-04T18:09:42.341718059Z;-5;Quote;6.45;658;6.55;898
SETU26;;Market Price;2026-09-04T18:09:42.346599945Z;-5;Quote;6.45;658;6.55;498
SETU26;;Market Price;2026-09-04T18:09:42.376472214Z;-5;Quote;6.45;664;6.55;498
SETU26;;Market Price;2026-09-04T18:09:42.651399672Z;-5;Quote;6.45;664;6.55;538
SETU26;;Market Price;2026-09-04T18:09:52.406580165Z;-5;Quote;6.45;664;6.55;645
SETU26;;Market Price;2026-09-04T18:10:03.326550361Z;-5;Quote;6.45;664;6.5;200
SETU26;;Market Price;2026-09-04T18:10:03.326550361Z;-5;Quote;6.45;664;6.5;307
SETU26;;Market Price;2026-09-04T18:10:03.326550361Z;-5;Quote;6.45;658;6.5;307
SETU26;;Market Price;2026-09-04T18:10:03.326550361Z;-5;Quote;6.45;658;6.5;310
SETU26;;Market Price;2026-09-04T18:10:03.511747835Z;-5;Quote;6.45;658;6.5;347
SETU26;;Market Price;2026-09-04T18:10:03.511747835Z;-5;Quote;6.45;664;6.5;347
SETU26;;Market Price;2026-09-04T18:10:08.531474899Z;-5;Quote;6.45;664;6.5;346
SETU26;;Market Price;2026-09-04T18:10:08.531474899Z;-5;Quote;6.45;664;6.5;344
SETU26;;Market Price;2026-09-04T18:10:08.531474899Z;-5;Quote;6.45;664;6.5;343
SETU26;;Market Price;2026-09-04T18:10:12.571764449Z;-5;Quote;6.45;664;6.5;342
SETU26;;Market Price;2026-09-04T18:10:14.301896094Z;-5;Quote;6.45;664;6.5;92
SETU26;;Market Price;2026-09-04T18:10:14.301896094Z;-5;Quote;6.45;664;6.5;84
SETU26;;Market Price;2026-09-04T18:10:14.301896094Z;-5;Quote;6.45;658;6.5;84
SETU26;;Market Price;2026-09-04T18:10:14.616778110Z;-5;Quote;6.45;658;6.5;78
SETU26;;Market Price;2026-09-04T18:10:16.082492130Z;-5;Quote;6.45;658;6.5;77
SETU26;;Market Price;2026-09-04T18:10:17.081280346Z;-5;Quote;6.45;658;6.5;76
SETU26;;Market Price;2026-09-04T18:10:23.891644312Z;-5;Quote;6.45;658;6.5;73
SETU26;;Market Price;2026-09-04T18:10:23.891644312Z;-5;Quote;6.45;658;6.5;70
SETU26;;Market Price;2026-09-04T18:10:23.891644312Z;-5;Quote;6.45;658;6.5;67
SETU26;;Market Price;2026-09-04T18:10:23.891644312Z;-5;Quote;6.45;658;6.5;66
SETU26;;Market Price;2026-09-04T18:10:26.197144447Z;-5;Quote;6.45;658;6.5;266
SETU26;;Market Price;2026-09-04T18:10:49.041655680Z;-5;Quote;6.45;658;6.55;1731
SETU26;;Market Price;2026-09-04T18:10:49.041655680Z;-5;Quote;6.45;658;6.55;1701
SETU26;;Market Price;2026-09-04T18:10:49.046745019Z;-5;Quote;6.45;666;6.55;1701
SETU26;;Market Price;2026-09-04T18:10:49.056692351Z;-5;Quote;6.45;666;6.55;1301
SETU26;;Market Price;2026-09-04T18:10:49.061573185Z;-5;Quote;6.45;666;6.55;901
SETU26;;Market Price;2026-09-04T18:10:49.061573185Z;-5;Quote;6.45;666;6.55;501
SETU26;;Market Price;2026-09-04T18:10:59.216425729Z;-5;Quote;6.45;666;6.55;608
SETU26;;Market Price;2026-09-04T18:11:08.447112475Z;-5;Quote;6.45;666;6.55;609
SETU26;;Market Price;2026-09-04T18:11:30.856917841Z;-5;Quote;6.45;667;6.55;609
SETU26;;Market Price;2026-09-04T18:11:33.451810389Z;-5;Quote;6.45;667;6.5;1
SETU26;;Market Price;2026-09-04T18:11:33.451810389Z;-5;Quote;6.45;666;6.5;1
SETU26;;Market Price;2026-09-04T18:11:33.451810389Z;-5;Quote;6.45;666;6.5;38
SETU26;;Market Price;2026-09-04T18:11:33.451810389Z;-5;Quote;6.45;666;6.5;146
SETU26;;Market Price;2026-09-04T18:11:33.506675853Z;-5;Quote;6.45;666;6.5;145
SETU26;;Market Price;2026-09-04T18:11:33.506675853Z;-5;Quote;6.45;659;6.5;145
SETU26;;Market Price;2026-09-04T18:11:33.981813517Z;-5;Quote;6.45;659;6.5;138
SETU26;;Market Price;2026-09-04T18:11:34.441788657Z;-5;Quote;6.45;659;6.5;145
SETU26;;Market Price;2026-09-04T18:11:36.666667549Z;-5;Quote;6.45;659;6.5;245
SETU26;;Market Price;2026-09-04T18:11:42.016417633Z;-5;Quote;6.45;659;6.5;248
SETU26;;Market Price;2026-09-04T18:11:50.926473542Z;-5;Quote;6.45;659;6.5;247
SETU26;;Market Price;2026-09-04T18:11:50.926473542Z;-5;Quote;6.45;659;6.5;246
SETU26;;Market Price;2026-09-04T18:11:50.926473542Z;-5;Quote;6.45;659;6.5;245
SETU26;;Market Price;2026-09-04T18:11:50.931524366Z;-5;Quote;6.45;659;6.5;244
SETU26;;Market Price;2026-09-04T18:11:50.931524366Z;-5;Quote;6.45;659;6.5;243
SETU26;;Market Price;2026-09-04T18:11:51.366532323Z;-5;Quote;6.45;659;6.5;248
SETU26;;Market Price;2026-09-04T18:12:07.131960882Z;-5;Quote;6.45;659;6.55;1731
SETU26;;Market Price;2026-09-04T18:12:07.131960882Z;-5;Quote;6.45;659;6.55;1701
SETU26;;Market Price;2026-09-04T18:12:07.131960882Z;-5;Quote;6.45;667;6.55;1701
SETU26;;Market Price;2026-09-04T18:12:07.141929749Z;-5;Quote;6.45;667;6.55;1301
SETU26;;Market Price;2026-09-04T18:12:07.146908268Z;-5;Quote;6.45;667;6.55;901
SETU26;;Market Price;2026-09-04T18:12:07.146908268Z;-5;Quote;6.45;667;6.55;501
SETU26;;Market Price;2026-09-04T18:12:08.471756179Z;-5;Quote;6.45;677;6.55;501
SETU26;;Market Price;2026-09-04T18:12:17.231484552Z;-5;Quote;6.45;677;6.55;609
SETU26;;Market Price;2026-09-04T18:12:30.051755196Z;-5;Quote;6.45;127;6.55;609
SETU26;;Market Price;2026-09-04T18:12:38.042181000Z;-5;Quote;6.45;117;6.55;609
SETU26;;Market Price;2026-09-04T18:12:51.296606934Z;-5;Quote;6.45;117;6.55;610
SETU26;;Market Price;2026-09-04T18:13:16.301728982Z;-5;Quote;6.45;117;6.5;1
SETU26;;Market Price;2026-09-04T18:13:16.301728982Z;-5;Quote;6.45;117;6.5;109
SETU26;;Market Price;2026-09-04T18:13:16.301728982Z;-5;Quote;6.45;116;6.5;109
SETU26;;Market Price;2026-09-04T18:13:16.301728982Z;-5;Quote;6.45;116;6.5;122
SETU26;;Market Price;2026-09-04T18:13:16.351483071Z;-5;Quote;6.45;117;6.5;122
SETU26;;Market Price;2026-09-04T18:13:17.281619798Z;-5;Quote;6.45;117;6.5;125
SETU26;;Market Price;2026-09-04T18:13:20.776442800Z;-5;Quote;6.45;117;6.5;225
SETU26;;Market Price;2026-09-04T18:13:26.386583863Z;-5;Quote;6.45;117;6.5;425
SETU26;;Market Price;2026-09-04T18:13:45.086522070Z;-5;Quote;6.45;133;6.5;425
SETU26;;Market Price;2026-09-04T18:14:15.376436708Z;-5;Quote;6.45;233;6.5;425
SETU26;;Market Price;2026-09-04T18:14:15.376436708Z;-5;Quote;6.45;233;6.5;437
SETU26;;Market Price;2026-09-04T18:14:23.497033715Z;-5;Quote;6.45;233;6.5;427
SETU26;;Market Price;2026-09-04T18:14:23.497033715Z;-5;Quote;6.45;234;6.5;427
SETU26;;Market Price;2026-09-04T18:14:34.151937784Z;-5;Quote;6.45;234;6.5;428
SETU26;;Market Price;2026-09-04T18:14:42.246596874Z;-5;Quote;6.45;234;6.5;425
SETU26;;Market Price;2026-09-04T18:14:42.246596874Z;-5;Quote;6.45;234;6.5;422
SETU26;;Market Price;2026-09-04T18:14:42.246596874Z;-5;Quote;6.45;235;6.5;422
SETU26;;Market Price;2026-09-04T18:14:42.251468678Z;-5;Quote;6.45;235;6.5;419
SETU26;;Market Price;2026-09-04T18:14:46.462063934Z;-5;Quote;6.45;234;6.5;419
SETU26;;Market Price;2026-09-04T18:14:46.462063934Z;-5;Quote;6.45;227;6.5;419
SETU26;;Market Price;2026-09-04T18:14:46.486955983Z;-5;Quote;6.45;227;6.5;411
SETU26;;Market Price;2026-09-04T18:14:46.486955983Z;-5;Quote;6.45;228;6.5;411
SETU26;;Market Price;2026-09-04T18:15:50.946617806Z;-5;Quote;6.45;166;6.5;411
SETU26;;Market Price;2026-09-04T18:15:50.946617806Z;-5;Quote;6.45;168;6.5;411
SETU26;;Market Price;2026-09-04T18:15:50.946617806Z;-5;Quote;6.45;175;6.5;411
SETU26;;Market Price;2026-09-04T18:16:17.002050403Z;-5;Quote;6.45;174;6.5;411
SETU26;;Market Price;2026-09-04T18:16:17.481940087Z;-5;Quote;6.45;174;6.5;566
SETU26;;Market Price;2026-09-04T18:16:20.917011449Z;-5;Quote;6.45;175;6.5;566
SETU26;;Market Price;2026-09-04T18:16:44.177188582Z;-5;Quote;6.45;175;6.5;563
SETU26;;Market Price;2026-09-04T18:16:44.177188582Z;-5;Quote;6.45;175;6.5;560
SETU26;;Market Price;2026-09-04T18:16:44.177188582Z;-5;Quote;6.45;176;6.5;560
SETU26;;Market Price;2026-09-04T18:16:44.177188582Z;-5;Quote;6.45;177;6.5;560
SETU26;;Market Price;2026-09-04T18:16:44.182135130Z;-5;Quote;6.45;177;6.5;557
SETU26;;Market Price;2026-09-04T18:16:45.291930847Z;-5;Quote;6.45;177;6.5;554
SETU26;;Market Price;2026-09-04T18:16:45.296897610Z;-5;Quote;6.45;177;6.5;551
SETU26;;Market Price;2026-09-04T18:17:11.222087719Z;-5;Quote;6.45;176;6.5;551
SETU26;;Market Price;2026-09-04T18:17:11.247009780Z;-5;Quote;6.45;176;6.5;550
SETU26;;Market Price;2026-09-04T18:17:11.247009780Z;-5;Quote;6.45;177;6.5;550
SETU26;;Market Price;2026-09-04T18:17:11.761711727Z;-5;Quote;6.45;178;6.5;550
SETU26;;Market Price;2026-09-04T18:17:30.581296875Z;-5;Quote;6.45;177;6.5;550
SETU26;;Market Price;2026-09-04T18:17:30.581296875Z;-5;Quote;6.45;175;6.5;550
SETU26;;Market Price;2026-09-04T18:17:30.607168592Z;-5;Quote;6.45;175;6.5;547
SETU26;;Market Price;2026-09-04T18:17:59.851428459Z;-5;Quote;6.45;174;6.5;547
SETU26;;Market Price;2026-09-04T18:18:02.072134410Z;-5;Quote;6.45;173;6.5;547
SETU26;;Market Price;2026-09-04T18:18:02.097003070Z;-5;Quote;6.45;173;6.5;546
SETU26;;Market Price;2026-09-04T18:18:02.606425229Z;-5;Quote;6.45;174;6.5;546
SETU26;;Market Price;2026-09-04T18:18:10.247033073Z;-5;Quote;6.45;74;6.5;546
SETU26;;Market Price;2026-09-04T18:18:19.722173654Z;-5;Quote;6.45;75;6.5;546
SETU26;;Market Price;2026-09-04T18:18:49.926491707Z;-5;Quote;6.45;74;6.5;546
SETU26;;Market Price;2026-09-04T18:18:49.952376670Z;-5;Quote;6.45;74;6.5;545
SETU26;;Market Price;2026-09-04T18:18:50.461192718Z;-5;Quote;6.45;75;6.5;545
SETU26;;Market Price;2026-09-04T18:19:17.157258379Z;-5;Quote;6.45;67;6.5;545
SETU26;;Market Price;2026-09-04T18:19:17.157258379Z;-5;Quote;6.45;68;6.5;545
SETU26;;Market Price;2026-09-04T18:19:40.772043855Z;-5;Quote;6.45;67;6.5;545
SETU26;;Market Price;2026-09-04T18:19:40.796967291Z;-5;Quote;6.45;67;6.5;544
SETU26;;Market Price;2026-09-04T18:19:41.311915091Z;-5;Quote;6.45;68;6.5;544
SETU26;;Market Price;2026-09-04T18:19:42.706538802Z;-5;Quote;6.45;67;6.5;544
SETU26;;Market Price;2026-09-04T18:19:51.556924038Z;-5;Quote;6.45;66;6.5;543
SETU26;;Market Price;2026-09-04T18:19:51.556924038Z;-5;Quote;6.45;67;6.5;543
SETU26;;Market Price;2026-09-04T18:20:12.207234980Z;-5;Quote;6.45;67;6.5;558
SETU26;;Market Price;2026-09-04T18:20:31.621445844Z;-5;Quote;6.45;66;6.5;558
SETU26;;Market Price;2026-09-04T18:20:31.646204367Z;-5;Quote;6.45;66;6.5;557
SETU26;;Market Price;2026-09-04T18:20:32.157093181Z;-5;Quote;6.45;67;6.5;557
SETU26;;Market Price;2026-09-04T18:20:51.907108980Z;-5;Quote;6.45;67;6.5;402
SETU26;;Market Price;2026-09-04T18:20:54.536879752Z;-5;Quote;6.45;112;6.5;402
SETU26;;Market Price;2026-09-04T18:20:58.261910114Z;-5;Quote;6.45;42;6.5;402
SETU26;;Market Price;2026-09-04T18:20:58.267127266Z;-5;Quote;6.45;45;6.5;402
SETU26;;Market Price;2026-09-04T18:20:58.761967397Z;-5;Quote;6.45;55;6.5;402
SETU26;;Market Price;2026-09-04T18:21:03.606651775Z;-5;Quote;6.4;764;6.5;402
SETU26;;Market Price;2026-09-04T18:21:03.611296610Z;-5;Quote;6.4;766;6.5;402
SETU26;;Market Price;2026-09-04T18:21:03.636523794Z;-5;Quote;6.4;772;6.5;402
SETU26;;Market Price;2026-09-04T18:21:04.286670277Z;-5;Quote;6.4;762;6.5;402
SETU26;;Market Price;2026-09-04T18:21:04.286670277Z;-5;Quote;6.4;763;6.5;402
SETU26;;Market Price;2026-09-04T18:21:05.841806574Z;-5;Quote;6.4;808;6.5;402
SETU26;;Market Price;2026-09-04T18:21:20.351470632Z;-5;Quote;6.4;808;6.5;403
SETU26;;Market Price;2026-09-04T18:21:22.451129320Z;-5;Quote;6.45;10;6.5;403
SETU26;;Market Price;2026-09-04T18:21:22.451396449Z;-5;Quote;6.45;55;6.5;403
SETU26;;Market Price;2026-09-04T18:21:22.451396449Z;-5;Quote;6.45;47;6.5;403
SETU26;;Market Price;2026-09-04T18:21:22.451396449Z;-5;Quote;6.45;48;6.5;403
SETU26;;Market Price;2026-09-04T18:21:22.451396449Z;-5;Quote;6.45;49;6.5;403
SETU26;;Market Price;2026-09-04T18:21:22.801901636Z;-5;Quote;6.45;51;6.5;403
SETU26;;Market Price;2026-09-04T18:21:22.846714219Z;-5;Quote;6.45;58;6.5;403
SETU26;;Market Price;2026-09-04T18:21:25.556984566Z;-5;Quote;6.45;57;6.5;403
SETU26;;Market Price;2026-09-04T18:21:42.017227145Z;-5;Quote;6.45;57;6.5;405
SETU26;;Market Price;2026-09-04T18:21:54.167104021Z;-5;Quote;6.45;57;6.5;403
SETU26;;Market Price;2026-09-04T18:22:04.166489795Z;-5;Quote;6.45;57;6.5;388
SETU26;;Market Price;2026-09-04T18:22:04.166489795Z;-5;Quote;6.45;58;6.5;388
SETU26;;Market Price;2026-09-04T18:22:10.021723443Z;-5;Quote;6.45;58;6.5;368
SETU26;;Market Price;2026-09-04T18:22:10.026717542Z;-5;Quote;6.45;60;6.5;368
SETU26;;Market Price;2026-09-04T18:22:10.026717542Z;-5;Quote;6.45;61;6.5;368
SETU26;;Market Price;2026-09-04T18:22:19.947021253Z;-5;Quote;6.45;62;6.5;368
SETU26;;Market Price;2026-09-04T18:22:20.011741421Z;-5;Quote;6.45;62;6.5;348
SETU26;;Market Price;2026-09-04T18:22:20.641643764Z;-5;Quote;6.45;115;6.5;348
SETU26;;Market Price;2026-09-04T18:22:58.816381096Z;-5;Quote;6.45;114;6.5;348
SETU26;;Market Price;2026-09-04T18:22:58.816381096Z;-5;Quote;6.45;112;6.5;348
SETU26;;Market Price;2026-09-04T18:22:58.816381096Z;-5;Quote;6.45;111;6.5;348
SETU26;;Market Price;2026-09-04T18:22:58.841269184Z;-5;Quote;6.45;111;6.5;344
SETU26;;Market Price;2026-09-04T18:22:58.981645743Z;-5;Quote;6.45;111;6.5;347
SETU26;;Market Price;2026-09-04T18:23:08.406344643Z;-5;Quote;6.45;110;6.5;347
SETU26;;Market Price;2026-09-04T18:23:09.006685011Z;-5;Quote;6.45;110;6.5;378
SETU26;;Market Price;2026-09-04T18:23:10.982182295Z;-5;Quote;6.45;110;6.5;375
SETU26;;Market Price;2026-09-04T18:23:10.982182295Z;-5;Quote;6.45;110;6.5;372
SETU26;;Market Price;2026-09-04T18:23:10.982182295Z;-5;Quote;6.45;110;6.5;369
SETU26;;Market Price;2026-09-04T18:23:10.982182295Z;-5;Quote;6.45;111;6.5;369
SETU26;;Market Price;2026-09-04T18:23:10.987139334Z;-5;Quote;6.45;111;6.5;366
SETU26;;Market Price;2026-09-04T18:23:31.171441742Z;-5;Quote;6.45;111;6.5;363
SETU26;;Market Price;2026-09-04T18:23:40.026573280Z;-5;Quote;6.45;111;6.5;360
SETU26;;Market Price;2026-09-04T18:23:42.807142822Z;-5;Quote;6.45;111;6.55;3431
SETU26;;Market Price;2026-09-04T18:23:42.807142822Z;-5;Quote;6.45;111;6.55;3401
SETU26;;Market Price;2026-09-04T18:23:42.807142822Z;-5;Quote;6.45;111;6.55;3001
SETU26;;Market Price;2026-09-04T18:23:42.807142822Z;-5;Quote;6.45;111;6.55;2601
SETU26;;Market Price;2026-09-04T18:23:42.807142822Z;-5;Quote;6.45;109;6.55;2601
SETU26;;Market Price;2026-09-04T18:23:42.807142822Z;-5;Quote;6.45;108;6.55;2601
SETU26;;Market Price;2026-09-04T18:23:42.807142822Z;-5;Quote;6.45;101;6.55;2601
SETU26;;Market Price;2026-09-04T18:23:42.807142822Z;-5;Quote;6.45;100;6.55;2601
SETU26;;Market Price;2026-09-04T18:23:42.822050553Z;-5;Quote;6.45;100;6.55;2201
SETU26;;Market Price;2026-09-04T18:23:42.822050553Z;-5;Quote;6.45;100;6.55;1801
SETU26;;Market Price;2026-09-04T18:23:42.827030681Z;-5;Quote;6.45;100;6.55;1401
SETU26;;Market Price;2026-09-04T18:23:42.841993334Z;-5;Quote;6.45;100;6.55;1001
SETU26;;Market Price;2026-09-04T18:23:42.856911456Z;-5;Quote;6.45;100;6.55;601
SETU26;;Market Price;2026-09-04T18:23:55.471812414Z;-5;Quote;6.45;100;6.55;598
SETU26;;Market Price;2026-09-04T18:24:30.206805508Z;-5;Quote;6.45;100;6.55;798
SETU26;;Market Price;2026-09-04T18:24:36.296316105Z;-5;Quote;6.45;100;6.55;787
SETU26;;Market Price;2026-09-04T18:24:42.296420850Z;-5;Quote;6.45;100;6.5;100
SETU26;;Market Price;2026-09-04T18:24:42.296420850Z;-5;Quote;6.45;112;6.5;100
SETU26;;Market Price;2026-09-04T18:24:42.296420850Z;-5;Quote;6.45;112;6.5;112
SETU26;;Market Price;2026-09-04T18:24:42.296420850Z;-5;Quote;6.45;112;6.5;101
SETU26;;Market Price;2026-09-04T18:24:44.076619174Z;-5;Quote;6.45;112;6.5;81
SETU26;;Market Price;2026-09-04T18:24:44.076619174Z;-5;Quote;6.45;113;6.5;81
SETU26;;Market Price;2026-09-04T18:24:50.026961258Z;-5;Quote;6.45;113;6.5;61
SETU26;;Market Price;2026-09-04T18:24:50.671570034Z;-5;Quote;6.45;113;6.5;58
SETU26;;Market Price;2026-09-04T18:24:50.671570034Z;-5;Quote;6.45;113;6.5;55
SETU26;;Market Price;2026-09-04T18:24:51.256354635Z;-5;Quote;6.45;113;6.5;56
SETU26;;Market Price;2026-09-04T18:24:59.976896124Z;-5;Quote;6.45;113;6.5;106
SETU26;;Market Price;2026-09-04T18:25:00.031654011Z;-5;Quote;6.45;113;6.5;86
SETU26;;Market Price;2026-09-04T18:25:00.031654011Z;-5;Quote;6.45;110;6.5;86
SETU26;;Market Price;2026-09-04T18:25:02.016827718Z;-5;Quote;6.45;110;6.5;89
SETU26;;Market Price;2026-09-04T18:25:02.021804809Z;-5;Quote;6.45;111;6.5;89
SETU26;;Market Price;2026-09-04T18:25:10.346431707Z;-5;Quote;6.45;111;6.5;69
SETU26;;Market Price;2026-09-04T18:25:10.351390100Z;-5;Quote;6.45;112;6.5;69
SETU26;;Market Price;2026-09-04T18:25:20.026916703Z;-5;Quote;6.45;112;6.5;49
SETU26;;Market Price;2026-09-04T18:25:20.026916703Z;-5;Quote;6.45;108;6.5;49
SETU26;;Market Price;2026-09-04T18:25:20.371249015Z;-5;Quote;6.45;108;6.5;59
SETU26;;Market Price;2026-09-04T18:25:30.027218254Z;-5;Quote;6.45;108;6.5;39
SETU26;;Market Price;2026-09-04T18:25:30.027218254Z;-5;Quote;6.45;109;6.5;39
SETU26;;Market Price;2026-09-04T18:25:37.627124273Z;-5;Quote;6.45;109;6.5;37
SETU26;;Market Price;2026-09-04T18:25:37.627124273Z;-5;Quote;6.45;107;6.5;37
SETU26;;Market Price;2026-09-04T18:25:37.627124273Z;-5;Quote;6.45;106;6.5;37
SETU26;;Market Price;2026-09-04T18:25:37.627124273Z;-5;Quote;6.45;105;6.5;37
SETU26;;Market Price;2026-09-04T18:25:37.627124273Z;-5;Quote;6.45;93;6.5;37
SETU26;;Market Price;2026-09-04T18:25:37.627124273Z;-5;Quote;6.45;92;6.5;37
SETU26;;Market Price;2026-09-04T18:25:37.627124273Z;-5;Quote;6.45;92;6.5;36
SETU26;;Market Price;2026-09-04T18:25:37.627124273Z;-5;Quote;6.45;92;6.5;34
SETU26;;Market Price;2026-09-04T18:25:38.626480596Z;-5;Quote;6.45;92;6.5;33
SETU26;;Market Price;2026-09-04T18:25:40.026539654Z;-5;Quote;6.45;92;6.5;13
SETU26;;Market Price;2026-09-04T18:25:40.026539654Z;-5;Quote;6.45;92;6.5;2
SETU26;;Market Price;2026-09-04T18:25:40.156947774Z;-5;Quote;6.45;92;6.55;1387
SETU26;;Market Price;2026-09-04T18:25:40.171866798Z;-5;Quote;6.45;92;6.55;987
SETU26;;Market Price;2026-09-04T18:25:40.176846036Z;-5;Quote;6.45;92;6.55;587
SETU26;;Market Price;2026-09-04T18:25:40.206945385Z;-5;Quote;6.45;97;6.55;587
SETU26;;Market Price;2026-09-04T18:25:42.937113889Z;-5;Quote;6.45;92;6.55;587
SETU26;;Market Price;2026-09-04T18:25:42.962034030Z;-5;Quote;6.45;92;6.55;582
SETU26;;Market Price;2026-09-04T18:25:45.451382412Z;-5;Quote;6.45;95;6.55;582
SETU26;;Market Price;2026-09-04T18:25:46.741503351Z;-5;Quote;6.45;95;6.55;581
SETU26;;Market Price;2026-09-04T18:26:34.111520561Z;-5;Quote;6.45;95;6.55;582
SETU26;;Market Price;2026-09-04T18:26:50.017078297Z;-5;Quote;6.45;95;6.55;581
SETU26;;Market Price;2026-09-04T18:26:50.017078297Z;-5;Quote;6.45;95;6.55;580
SETU26;;Market Price;2026-09-04T18:26:50.022034305Z;-5;Quote;6.45;95;6.55;579
SETU26;;Market Price;2026-09-04T18:26:52.716328426Z;-5;Quote;6.45;95;6.5;100
SETU26;;Market Price;2026-09-04T18:26:52.716328426Z;-5;Quote;6.45;95;6.5;96
SETU26;;Market Price;2026-09-04T18:26:52.716328426Z;-5;Quote;6.45;95;6.5;109
SETU26;;Market Price;2026-09-04T18:26:54.111233424Z;-5;Quote;6.45;95;6.5;110
SETU26;;Market Price;2026-09-04T18:27:00.076423830Z;-5;Quote;6.45;95;6.5;90
SETU26;;Market Price;2026-09-04T18:27:00.076423830Z;-5;Quote;6.45;96;6.5;90
SETU26;;Market Price;2026-09-04T18:27:08.322220493Z;-5;Quote;6.45;96;6.55;1778
SETU26;;Market Price;2026-09-04T18:27:08.337158471Z;-5;Quote;6.45;96;6.55;1378
SETU26;;Market Price;2026-09-04T18:27:08.342125437Z;-5;Quote;6.45;96;6.55;978
SETU26;;Market Price;2026-09-04T18:27:08.342125437Z;-5;Quote;6.45;96;6.55;578
SETU26;;Market Price;2026-09-04T18:27:08.342125437Z;-5;Quote;6.45;96;6.55;478
SETU26;;Market Price;2026-09-04T18:27:31.542275431Z;-5;Quote;6.45;96;6.55;477
SETU26;;Market Price;2026-09-04T18:27:47.052082083Z;-5;Quote;6.5;1;6.55;477
SETU26;;Market Price;2026-09-04T18:27:47.052082083Z;-5;Quote;6.45;96;6.55;477
SETU26;;Market Price;2026-09-04T18:27:47.052082083Z;-5;Quote;6.5;3;6.55;477
SETU26;;Market Price;2026-09-04T18:27:47.441702797Z;-5;Quote;6.5;2;6.55;477
SETU26;;Market Price;2026-09-04T18:27:47.751334671Z;-5;Quote;6.45;95;6.55;477
SETU26;;Market Price;2026-09-04T18:27:47.991315156Z;-5;Quote;6.45;96;6.55;477
SETU26;;Market Price;2026-09-04T18:27:48.401860341Z;-5;Quote;6.45;96;6.55;472
SETU26;;Market Price;2026-09-04T18:27:56.727208881Z;-5;Quote;6.45;96;6.55;471
SETU26;;Market Price;2026-09-04T18:27:59.052336239Z;-5;Quote;6.45;296;6.55;471
SETU26;;Market Price;2026-09-04T18:27:59.077199517Z;-5;Quote;6.45;293;6.55;471
SETU26;;Market Price;2026-09-04T18:28:12.266767031Z;-5;Quote;6.45;294;6.55;471
SETU26;;Market Price;2026-09-04T18:28:16.961669070Z;-5;Quote;6.45;294;6.55;472
SETU26;;Market Price;2026-09-04T18:28:18.086733502Z;-5;Quote;6.45;294;6.5;140
SETU26;;Market Price;2026-09-04T18:28:18.086733502Z;-5;Quote;6.45;294;6.5;120
SETU26;;Market Price;2026-09-04T18:28:18.086733502Z;-5;Quote;6.45;294;6.5;150
SETU26;;Market Price;2026-09-04T18:28:18.611475075Z;-5;Quote;6.45;294;6.5;149
SETU26;;Market Price;2026-09-04T18:28:20.027214937Z;-5;Quote;6.45;294;6.5;129
SETU26;;Market Price;2026-09-04T18:28:21.961256741Z;-5;Quote;6.45;294;6.5;130
SETU26;;Market Price;2026-09-04T18:28:22.027940514Z;-5;Quote;6.45;294;6.5;132
SETU26;;Market Price;2026-09-04T18:28:24.476957539Z;-5;Quote;6.45;294;6.5;232
SETU26;;Market Price;2026-09-04T18:28:24.476957539Z;-5;Quote;6.45;295;6.5;232
SETU26;;Market Price;2026-09-04T18:28:25.492144825Z;-5;Quote;6.45;245;6.5;232
SETU26;;Market Price;2026-09-04T18:28:25.492144825Z;-5;Quote;6.45;247;6.5;232
SETU26;;Market Price;2026-09-04T18:28:27.056581147Z;-5;Quote;6.45;245;6.5;232
SETU26;;Market Price;2026-09-04T18:28:27.056581147Z;-5;Quote;6.45;244;6.5;232
SETU26;;Market Price;2026-09-04T18:28:27.056581147Z;-5;Quote;6.45;243;6.5;232
SETU26;;Market Price;2026-09-04T18:28:27.081443751Z;-5;Quote;6.45;243;6.5;228
SETU26;;Market Price;2026-09-04T18:28:28.041955850Z;-5;Quote;6.45;288;6.5;228
SETU26;;Market Price;2026-09-04T18:28:30.026356937Z;-5;Quote;6.45;288;6.5;208
SETU26;;Market Price;2026-09-04T18:28:31.011670633Z;-5;Quote;6.45;288;6.5;141
SETU26;;Market Price;2026-09-04T18:28:31.011670633Z;-5;Quote;6.45;276;6.5;141
SETU26;;Market Price;2026-09-04T18:28:31.011670633Z;-5;Quote;6.45;278;6.5;141
SETU26;;Market Price;2026-09-04T18:28:31.186896560Z;-5;Quote;6.45;279;6.5;141
SETU26;;Market Price;2026-09-04T18:28:40.027087709Z;-5;Quote;6.45;279;6.5;121
SETU26;;Market Price;2026-09-04T18:28:40.181411082Z;-5;Quote;6.45;279;6.5;133
SETU26;;Market Price;2026-09-04T18:28:50.011468026Z;-5;Quote;6.45;279;6.5;113
SETU26;;Market Price;2026-09-04T18:28:50.011468026Z;-5;Quote;6.45;279;6.5;131
SETU26;;Market Price;2026-09-04T18:29:00.036769213Z;-5;Quote;6.45;279;6.5;111
SETU26;;Market Price;2026-09-04T18:29:05.697063372Z;-5;Quote;6.45;282;6.5;111
SETU26;;Market Price;2026-09-04T18:29:10.026914499Z;-5;Quote;6.45;282;6.5;91
SETU26;;Market Price;2026-09-04T18:29:10.026914499Z;-5;Quote;6.45;282;6.5;90
SETU26;;Market Price;2026-09-04T18:29:10.026914499Z;-5;Quote;6.45;281;6.5;90
SETU26;;Market Price;2026-09-04T18:29:10.026914499Z;-5;Quote;6.45;279;6.5;90
SETU26;;Market Price;2026-09-04T18:29:10.306668770Z;-5;Quote;6.45;279;6.5;86
SETU26;;Market Price;2026-09-04T18:29:20.041391030Z;-5;Quote;6.45;279;6.5;66
SETU26;;Market Price;2026-09-04T18:29:20.041391030Z;-5;Quote;6.45;279;6.5;65
SETU26;;Market Price;2026-09-04T18:29:23.701627853Z;-5;Quote;6.45;279;6.5;315
SETU26;;Market Price;2026-09-04T18:29:23.701627853Z;-5;Quote;6.45;279;6.5;327
SETU26;;Market Price;2026-09-04T18:29:30.026904561Z;-5;Quote;6.45;279;6.5;307
SETU26;;Market Price;2026-09-04T18:29:31.387291144Z;-5;Quote;6.45;279;6.5;309
SETU26;;Market Price;2026-09-04T18:29:40.026705740Z;-5;Quote;6.45;279;6.5;295
SETU26;;Market Price;2026-09-04T18:29:40.026705740Z;-5;Quote;6.45;280;6.5;295
SETU26;;Market Price;2026-09-04T18:29:45.801720168Z;-5;Quote;6.45;280;6.5;293
SETU26;;Market Price;2026-09-04T18:29:45.966998925Z;-5;Quote;6.45;280;6.5;294
SETU26;;Market Price;2026-09-04T18:29:50.021683479Z;-5;Quote;6.45;280;6.5;274
SETU26;;Market Price;2026-09-04T18:29:50.476387658Z;-5;Quote;6.45;280;6.5;294
SETU26;;Market Price;2026-09-04T18:29:55.016556393Z;-5;Quote;6.45;280;6.5;292
SETU26;;Market Price;2026-09-04T18:29:55.041435788Z;-5;Quote;6.45;273;6.5;292
SETU26;;Market Price;2026-09-04T18:29:55.041435788Z;-5;Quote;6.45;274;6.5;292
SETU26;;Market Price;2026-09-04T18:30:00.066803030Z;-5;Quote;6.45;274;6.5;272
SETU26;;Market Price;2026-09-04T18:30:10.011739370Z;-5;Quote;6.45;274;6.5;252
SETU26;;Market Price;2026-09-04T18:30:10.011739370Z;-5;Quote;6.45;275;6.5;252
SETU26;;Market Price;2026-09-04T18:30:15.301280842Z;-5;Quote;6.45;272;6.5;252
SETU26;;Market Price;2026-09-04T18:30:20.026672649Z;-5;Quote;6.45;272;6.5;232
SETU26;;Market Price;2026-09-04T18:30:30.016918785Z;-5;Quote;6.45;272;6.5;212
SETU26;;Market Price;2026-09-04T18:30:30.016918785Z;-5;Quote;6.45;273;6.5;212
SETU26;;Market Price;2026-09-04T18:30:40.056437600Z;-5;Quote;6.45;273;6.5;192
SETU26;;Market Price;2026-09-04T18:30:40.056437600Z;-5;Quote;6.45;274;6.5;192
SETU26;;Market Price;2026-09-04T18:30:50.026642002Z;-5;Quote;6.45;274;6.5;172
SETU26;;Market Price;2026-09-04T18:30:59.231529606Z;-5;Quote;6.45;274;6.55;2068
SETU26;;Market Price;2026-09-04T18:30:59.231529606Z;-5;Quote;6.45;274;6.55;1668
SETU26;;Market Price;2026-09-04T18:30:59.246489550Z;-5;Quote;6.45;274;6.55;1268
SETU26;;Market Price;2026-09-04T18:30:59.246489550Z;-5;Quote;6.45;274;6.55;868
SETU26;;Market Price;2026-09-04T18:30:59.251447692Z;-5;Quote;6.45;274;6.55;468
SETU26;;Market Price;2026-09-04T18:31:11.177290129Z;-5;Quote;6.45;273;6.55;468
SETU26;;Market Price;2026-09-04T18:31:11.177290129Z;-5;Quote;6.45;272;6.55;468
SETU26;;Market Price;2026-09-04T18:31:11.177290129Z;-5;Quote;6.45;271;6.55;468
SETU26;;Market Price;2026-09-04T18:31:11.177290129Z;-5;Quote;6.45;270;6.55;468
SETU26;;Market Price;2026-09-04T18:31:11.177290129Z;-5;Quote;6.45;269;6.55;468
SETU26;;Market Price;2026-09-04T18:31:11.202215075Z;-5;Quote;6.45;269;6.55;457
SETU26;;Market Price;2026-09-04T18:32:15.456401678Z;-5;Quote;6.5;220;6.55;457
SETU26;;Market Price;2026-09-04T18:32:15.456401678Z;-5;Quote;6.5;221;6.55;457
SETU26;;Market Price;2026-09-04T18:32:17.367001592Z;-5;Quote;6.5;266;6.55;457
SETU26;;Market Price;2026-09-04T18:32:17.367001592Z;-5;Quote;6.5;266;6.55;498
SETU26;;Market Price;2026-09-04T18:32:27.336790194Z;-5;Quote;6.5;267;6.55;498
SETU26;;Market Price;2026-09-04T18:32:57.901858468Z;-5;Quote;6.5;467;6.55;498
SETU26;;Market Price;2026-09-04T18:32:57.901858468Z;-5;Quote;6.5;467;6.55;512
SETU26;;Market Price;2026-09-04T18:34:36.806857846Z;-5;Quote;6.5;467;6.55;510
SETU26;;Market Price;2026-09-04T18:34:46.807415053Z;-5;Quote;6.5;467;6.55;506
SETU26;;Market Price;2026-09-04T18:34:50.026730125Z;-5;Quote;6.5;467;6.55;497
SETU26;;Market Price;2026-09-04T18:35:00.026294047Z;-5;Quote;6.5;467;6.55;494
SETU26;;Market Price;2026-09-04T18:35:10.016606620Z;-5;Quote;6.5;467;6.55;485
SETU26;;Market Price;2026-09-04T18:35:10.021604229Z;-5;Quote;6.5;468;6.55;485
SETU26;;Market Price;2026-09-04T18:35:12.171929758Z;-5;Quote;6.5;423;6.55;485
SETU26;;Market Price;2026-09-04T18:35:12.266398708Z;-5;Quote;6.5;468;6.55;485
SETU26;;Market Price;2026-09-04T18:35:50.411853148Z;-5;Quote;6.5;423;6.55;485
SETU26;;Market Price;2026-09-04T18:35:50.421814913Z;-5;Quote;6.5;468;6.55;485
SETU26;;Market Price;2026-09-04T18:36:32.967162131Z;-5;Quote;6.5;467;6.55;484
SETU26;;Market Price;2026-09-04T18:36:32.967162131Z;-5;Quote;6.5;468;6.55;484
SETU26;;Market Price;2026-09-04T18:36:39.412135545Z;-5;Quote;6.5;467;6.55;484
SETU26;;Market Price;2026-09-04T18:36:39.437041131Z;-5;Quote;6.5;467;6.55;483
SETU26;;Market Price;2026-09-04T18:37:00.561920122Z;-5;Quote;6.5;467;6.55;480
SETU26;;Market Price;2026-09-04T18:37:00.561920122Z;-5;Quote;6.5;467;6.55;439
SETU26;;Market Price;2026-09-04T18:37:00.561920122Z;-5;Quote;6.5;467;6.55;425
SETU26;;Market Price;2026-09-04T18:37:02.256815407Z;-5;Quote;6.5;467;6.55;419
SETU26;;Market Price;2026-09-04T18:37:12.256743425Z;-5;Quote;6.5;467;6.55;415
SETU26;;Market Price;2026-09-04T18:37:14.927015105Z;-5;Quote;6.5;67;6.55;415
SETU26;;Market Price;2026-09-04T18:37:14.927015105Z;-5;Quote;6.5;79;6.55;415
SETU26;;Market Price;2026-09-04T18:37:24.996416961Z;-5;Quote;6.5;169;6.55;415
SETU26;;Market Price;2026-09-04T18:37:58.607436015Z;-5;Quote;6.5;169;6.55;465
SETU26;;Market Price;2026-09-04T18:38:02.927351900Z;-5;Quote;6.5;169;6.55;65
SETU26;;Market Price;2026-09-04T18:38:04.376723730Z;-5;Quote;6.5;169;6.55;45
SETU26;;Market Price;2026-09-04T18:38:04.376723730Z;-5;Quote;6.5;169;6.55;44
SETU26;;Market Price;2026-09-04T18:38:04.376723730Z;-5;Quote;6.5;157;6.55;44
SETU26;;Market Price;2026-09-04T18:38:04.746820656Z;-5;Quote;6.5;157;6.55;32
SETU26;;Market Price;2026-09-04T18:38:11.571599059Z;-5;Quote;6.5;157;6.6;3177
SETU26;;Market Price;2026-09-04T18:38:11.571599059Z;-5;Quote;6.5;157;6.6;2777
SETU26;;Market Price;2026-09-04T18:38:11.586545863Z;-5;Quote;6.5;157;6.6;2377
SETU26;;Market Price;2026-09-04T18:38:11.586545863Z;-5;Quote;6.5;157;6.6;1977
SETU26;;Market Price;2026-09-04T18:38:11.586545863Z;-5;Quote;6.5;157;6.6;1877
SETU26;;Market Price;2026-09-04T18:38:11.586545863Z;-5;Quote;6.5;157;6.6;1477
SETU26;;Market Price;2026-09-04T18:38:11.586545863Z;-5;Quote;6.5;157;6.6;1077
SETU26;;Market Price;2026-09-04T18:38:23.391249258Z;-5;Quote;6.5;180;6.6;1077
SETU26;;Market Price;2026-09-04T18:38:32.196571900Z;-5;Quote;6.5;180;6.55;20
SETU26;;Market Price;2026-09-04T18:38:40.421244291Z;-5;Quote;6.5;180;6.55;45
SETU26;;Market Price;2026-09-04T18:38:44.601411199Z;-5;Quote;6.5;180;6.55;44
SETU26;;Market Price;2026-09-04T18:38:50.716528042Z;-5;Quote;6.5;157;6.55;21
SETU26;;Market Price;2026-09-04T18:38:50.716528042Z;-5;Quote;6.5;157;6.55;20
SETU26;;Market Price;2026-09-04T18:39:11.176920888Z;-5;Quote;6.5;157;6.55;5
SETU26;;Market Price;2026-09-04T18:39:21.176906304Z;-5;Quote;6.5;157;6.55;18
SETU26;;Market Price;2026-09-04T18:39:30.027265379Z;-5;Quote;6.5;157;6.6;3077
SETU26;;Market Price;2026-09-04T18:39:30.027265379Z;-5;Quote;6.5;158;6.6;3077
SETU26;;Market Price;2026-09-04T18:39:30.041235500Z;-5;Quote;6.5;158;6.6;2677
SETU26;;Market Price;2026-09-04T18:39:30.042242685Z;-5;Quote;6.5;158;6.6;2277
SETU26;;Market Price;2026-09-04T18:39:30.047171339Z;-5;Quote;6.5;158;6.6;1877
SETU26;;Market Price;2026-09-04T18:39:30.047171339Z;-5;Quote;6.5;158;6.6;1477
SETU26;;Market Price;2026-09-04T18:39:30.067076015Z;-5;Quote;6.5;158;6.6;1077
SETU26;;Market Price;2026-09-04T18:40:00.252137410Z;-5;Quote;6.5;158;6.6;527
SETU26;;Market Price;2026-09-04T18:40:00.252137410Z;-5;Quote;6.5;50;6.6;527
SETU26;;Market Price;2026-09-04T18:40:00.252137410Z;-5;Quote;6.5;53;6.6;527
SETU26;;Market Price;2026-09-04T18:40:03.047187815Z;-5;Quote;6.5;98;6.6;527
SETU26;;Market Price;2026-09-04T18:40:24.501437879Z;-5;Quote;6.5;98;6.6;500
SETU26;;Market Price;2026-09-04T18:40:26.511676468Z;-5;Quote;6.5;99;6.6;500
SETU26;;Market Price;2026-09-04T18:40:34.142184012Z;-5;Quote;6.55;20;6.6;500
SETU26;;Market Price;2026-09-04T18:40:34.142184012Z;-5;Quote;6.55;104;6.6;500
SETU26;;Market Price;2026-09-04T18:40:34.191972518Z;-5;Quote;6.55;108;6.6;500
SETU26;;Market Price;2026-09-04T18:40:42.146813681Z;-5;Quote;6.55;153;6.6;500
SETU26;;Market Price;2026-09-04T18:40:44.422160593Z;-5;Quote;6.55;353;6.6;500
SETU26;;Market Price;2026-09-04T18:41:04.521460486Z;-5;Quote;6.55;170;6.6;500
SETU26;;Market Price;2026-09-04T18:41:04.521460486Z;-5;Quote;6.55;181;6.6;500
SETU26;;Market Price;2026-09-04T18:41:06.642095207Z;-5;Quote;6.55;226;6.6;500
SETU26;;Market Price;2026-09-04T18:41:14.241238762Z;-5;Quote;6.55;56;6.6;500
SETU26;;Market Price;2026-09-04T18:41:28.383689651Z;-5;Quote;6.55;53;6.6;500
SETU26;;Market Price;2026-09-04T18:41:28.447392024Z;-5;Quote;6.55;64;6.6;500
SETU26;;Market Price;2026-09-04T18:41:28.773745124Z;-5;Quote;6.55;19;6.6;500
SETU26;;Market Price;2026-09-04T18:41:29.001473016Z;-5;Quote;6.55;64;6.6;500
SETU26;;Market Price;2026-09-04T18:42:01.247108469Z;-5;Quote;6.55;64;6.6;489
SETU26;;Market Price;2026-09-04T18:42:07.651527338Z;-5;Quote;6.55;56;6.6;489
SETU26;;Market Price;2026-09-04T18:42:07.651527338Z;-5;Quote;6.55;56;6.6;497
SETU26;;Market Price;2026-09-04T18:42:07.676360642Z;-5;Quote;6.55;56;6.6;489
SETU26;;Market Price;2026-09-04T18:42:11.247458361Z;-5;Quote;6.55;56;6.6;469
SETU26;;Market Price;2026-09-04T18:42:11.247458361Z;-5;Quote;6.55;57;6.6;469
SETU26;;Market Price;2026-09-04T18:42:15.021711375Z;-5;Quote;6.55;57;6.6;408
SETU26;;Market Price;2026-09-04T18:42:20.027281488Z;-5;Quote;6.55;57;6.6;388
SETU26;;Market Price;2026-09-04T18:42:20.441200709Z;-5;Quote;6.55;57;6.6;408
SETU26;;Market Price;2026-09-04T18:42:26.996826911Z;-5;Quote;6.55;57;6.6;8
SETU26;;Market Price;2026-09-04T18:42:26.996826911Z;-5;Quote;6.55;56;6.6;8
SETU26;;Market Price;2026-09-04T18:42:26.996826911Z;-5;Quote;6.55;56;6.65;3858
SETU26;;Market Price;2026-09-04T18:42:26.996826911Z;-5;Quote;6.55;56;6.65;3458
SETU26;;Market Price;2026-09-04T18:42:27.011760941Z;-5;Quote;6.55;56;6.65;3058
SETU26;;Market Price;2026-09-04T18:42:27.011760941Z;-5;Quote;6.55;56;6.65;2658
SETU26;;Market Price;2026-09-04T18:42:27.011760941Z;-5;Quote;6.55;56;6.65;2258
SETU26;;Market Price;2026-09-04T18:42:27.016737406Z;-5;Quote;6.55;56;6.65;1858
SETU26;;Market Price;2026-09-04T18:42:27.016737406Z;-5;Quote;6.55;56;6.65;1458
SETU26;;Market Price;2026-09-04T18:42:27.041775052Z;-5;Quote;6.55;56;6.65;1058
SETU26;;Market Price;2026-09-04T18:42:27.046750169Z;-5;Quote;6.55;57;6.65;1058
SETU26;;Market Price;2026-09-04T18:43:01.152020779Z;-5;Quote;6.55;57;6.65;508
SETU26;;Market Price;2026-09-04T18:43:39.922280453Z;-5;Quote;6.55;57;6.6;8
SETU26;;Market Price;2026-09-04T18:43:39.922280453Z;-5;Quote;6.55;56;6.6;8
SETU26;;Market Price;2026-09-04T18:43:39.957132788Z;-5;Quote;6.55;56;6.65;1702
SETU26;;Market Price;2026-09-04T18:43:39.957132788Z;-5;Quote;6.55;58;6.65;1702
SETU26;;Market Price;2026-09-04T18:43:39.967081818Z;-5;Quote;6.55;58;6.65;1302
SETU26;;Market Price;2026-09-04T18:43:39.972052199Z;-5;Quote;6.55;58;6.65;902
SETU26;;Market Price;2026-09-04T18:43:39.972052199Z;-5;Quote;6.55;58;6.65;502
SETU26;;Market Price;2026-09-04T18:43:40.886372371Z;-5;Quote;6.55;58;6.65;512
SETU26;;Market Price;2026-09-04T18:43:51.282315170Z;-5;Quote;6.55;47;6.65;512
SETU26;;Market Price;2026-09-04T18:43:56.041374497Z;-5;Quote;6.55;217;6.65;512
SETU26;;Market Price;2026-09-04T18:44:07.981642524Z;-5;Quote;6.55;137;6.65;512
SETU26;;Market Price;2026-09-04T18:44:07.981642524Z;-5;Quote;6.55;139;6.65;512
SETU26;;Market Price;2026-09-04T18:44:10.012126189Z;-5;Quote;6.55;184;6.65;512
SETU26;;Market Price;2026-09-04T18:44:14.527294133Z;-5;Quote;6.55;139;6.65;512
SETU26;;Market Price;2026-09-04T18:44:14.621889420Z;-5;Quote;6.55;184;6.65;512
SETU26;;Market Price;2026-09-04T18:44:47.976190425Z;-5;Quote;6.55;184;6.65;612
SETU26;;Market Price;2026-09-04T18:44:51.771844090Z;-5;Quote;6.55;182;6.65;612
SETU26;;Market Price;2026-09-04T18:44:51.796734536Z;-5;Quote;6.55;182;6.65;610
SETU26;;Market Price;2026-09-04T18:44:53.672134792Z;-5;Quote;6.55;183;6.65;610
SETU26;;Market Price;2026-09-04T18:45:00.372082824Z;-5;Quote;6.55;46;6.65;610
SETU26;;Market Price;2026-09-04T18:45:13.416649175Z;-5;Quote;6.55;46;6.65;600
SETU26;;Market Price;2026-09-04T18:45:20.211631356Z;-5;Quote;6.55;46;6.65;598
SETU26;;Market Price;2026-09-04T18:45:20.216606881Z;-5;Quote;6.55;46;6.65;595
SETU26;;Market Price;2026-09-04T18:45:37.716684537Z;-5;Quote;6.55;46;6.65;592
SETU26;;Market Price;2026-09-04T18:45:45.021896603Z;-5;Quote;6.55;46;6.65;591
SETU26;;Market Price;2026-09-04T18:45:45.392254511Z;-5;Quote;6.55;46;6.65;612
SETU26;;Market Price;2026-09-04T18:46:03.376632595Z;-5;Quote;6.55;46;6.65;591
SETU26;;Market Price;2026-09-04T18:46:08.816449496Z;-5;Quote;6.55;96;6.65;591
SETU26;;Market Price;2026-09-04T18:46:13.501598938Z;-5;Quote;6.55;96;6.65;612
SETU26;;Market Price;2026-09-04T18:46:33.526438730Z;-5;Quote;6.55;96;6.65;613
SETU26;;Market Price;2026-09-04T18:47:01.771471383Z;-5;Quote;6.6;1;6.65;613
SETU26;;Market Price;2026-09-04T18:47:01.771471383Z;-5;Quote;6.6;2;6.65;613
SETU26;;Market Price;2026-09-04T18:47:03.906364584Z;-5;Quote;6.6;47;6.65;613
SETU26;;Market Price;2026-09-04T18:47:08.936941614Z;-5;Quote;6.6;2;6.65;613
SETU26;;Market Price;2026-09-04T18:47:08.936941614Z;-5;Quote;6.55;95;6.65;613
SETU26;;Market Price;2026-09-04T18:47:10.926735651Z;-5;Quote;6.55;95;6.65;610
SETU26;;Market Price;2026-09-04T18:47:10.926735651Z;-5;Quote;6.55;95;6.65;609
SETU26;;Market Price;2026-09-04T18:47:10.926735651Z;-5;Quote;6.55;95;6.65;608
SETU26;;Market Price;2026-09-04T18:47:10.926735651Z;-5;Quote;6.55;96;6.65;608
SETU26;;Market Price;2026-09-04T18:47:10.926735651Z;-5;Quote;6.55;96;6.65;605
SETU26;;Market Price;2026-09-04T18:47:12.461361126Z;-5;Quote;6.55;96;6.65;205
SETU26;;Market Price;2026-09-04T18:47:12.461361126Z;-5;Quote;6.55;496;6.65;205
SETU26;;Market Price;2026-09-04T18:47:17.566560582Z;-5;Quote;6.55;496;6.65;202
SETU26;;Market Price;2026-09-04T18:47:18.496481357Z;-5;Quote;6.55;96;6.65;202
SETU26;;Market Price;2026-09-04T18:47:35.886800667Z;-5;Quote;6.55;95;6.65;202
SETU26;;Market Price;2026-09-04T18:47:35.916677923Z;-5;Quote;6.55;95;6.65;201
SETU26;;Market Price;2026-09-04T18:47:46.976676680Z;-5;Quote;6.55;95;6.65;200
SETU26;;Market Price;2026-09-04T18:48:04.361454482Z;-5;Quote;6.55;95;6.65;198
SETU26;;Market Price;2026-09-04T18:48:04.361454482Z;-5;Quote;6.55;95;6.65;196
SETU26;;Market Price;2026-09-04T18:48:04.366466674Z;-5;Quote;6.55;95;6.65;194
SETU26;;Market Price;2026-09-04T18:48:04.366466674Z;-5;Quote;6.55;95;6.65;192
SETU26;;Market Price;2026-09-04T18:48:26.387030228Z;-5;Quote;6.55;95;6.65;189
SETU26;;Market Price;2026-09-04T18:48:29.651745752Z;-5;Quote;6.55;95;6.65;124
SETU26;;Market Price;2026-09-04T18:48:30.326404036Z;-5;Quote;6.55;95;6.65;66
SETU26;;Market Price;2026-09-04T18:48:30.331397223Z;-5;Quote;6.55;97;6.65;66
SETU26;;Market Price;2026-09-04T18:48:36.386470629Z;-5;Quote;6.55;97;6.65;46
SETU26;;Market Price;2026-09-04T18:48:42.467047086Z;-5;Quote;6.55;234;6.65;46
SETU26;;Market Price;2026-09-04T18:48:42.551673876Z;-5;Quote;6.55;234;6.65;26
SETU26;;Market Price;2026-09-04T18:48:50.031324978Z;-5;Quote;6.55;234;6.65;6
SETU26;;Market Price;2026-09-04T18:49:00.021861483Z;-5;Quote;6.55;234;6.7;4270
SETU26;;Market Price;2026-09-04T18:49:00.021861483Z;-5;Quote;6.55;234;6.7;3870
SETU26;;Market Price;2026-09-04T18:49:00.021861483Z;-5;Quote;6.55;634;6.7;3870
SETU26;;Market Price;2026-09-04T18:49:00.036817499Z;-5;Quote;6.55;634;6.7;3470
SETU26;;Market Price;2026-09-04T18:49:00.036817499Z;-5;Quote;6.55;634;6.7;3370
SETU26;;Market Price;2026-09-04T18:49:00.052408222Z;-5;Quote;6.55;234;6.7;3370
SETU26;;Market Price;2026-09-04T18:49:00.052408222Z;-5;Quote;6.55;234;6.7;3770
SETU26;;Market Price;2026-09-04T18:49:00.061176598Z;-5;Quote;6.55;234;6.7;3370
SETU26;;Market Price;2026-09-04T18:49:00.076305065Z;-5;Quote;6.55;234;6.7;2970
SETU26;;Market Price;2026-09-04T18:49:00.092215477Z;-5;Quote;6.55;234;6.7;3370
SETU26;;Market Price;2026-09-04T18:49:01.061865070Z;-5;Quote;6.55;234;6.7;3770
SETU26;;Market Price;2026-09-04T18:49:08.066384898Z;-5;Quote;6.65;1;6.7;3770
SETU26;;Market Price;2026-09-04T18:49:08.066384898Z;-5;Quote;6.65;1;6.7;3370
SETU26;;Market Price;2026-09-04T18:49:08.066384898Z;-5;Quote;6.65;1;6.7;2970
SETU26;;Market Price;2026-09-04T18:49:08.066384898Z;-5;Quote;6.65;3;6.7;2970
SETU26;;Market Price;2026-09-04T18:49:08.086240350Z;-5;Quote;6.65;3;6.7;2570
SETU26;;Market Price;2026-09-04T18:49:08.107200132Z;-5;Quote;6.65;3;6.7;2170
SETU26;;Market Price;2026-09-04T18:49:08.107200132Z;-5;Quote;6.65;3;6.7;1770
SETU26;;Market Price;2026-09-04T18:49:08.116199156Z;-5;Quote;6.65;3;6.7;1370
SETU26;;Market Price;2026-09-04T18:49:08.206763443Z;-5;Quote;6.65;5;6.7;1370
SETU26;;Market Price;2026-09-04T18:49:09.917227724Z;-5;Quote;6.65;50;6.7;1370
SETU26;;Market Price;2026-09-04T18:49:14.032159195Z;-5;Quote;6.65;51;6.7;1370
SETU26;;Market Price;2026-09-04T18:49:17.396834398Z;-5;Quote;6.65;1;6.7;1370
SETU26;;Market Price;2026-09-04T18:49:17.851834568Z;-5;Quote;6.65;2;6.7;1370
SETU26;;Market Price;2026-09-04T18:49:19.891873564Z;-5;Quote;6.65;47;6.7;1370
SETU26;;Market Price;2026-09-04T18:49:26.097077643Z;-5;Quote;6.55;2987;6.65;9
SETU26;;Market Price;2026-09-04T18:49:26.102055110Z;-5;Quote;6.65;45;6.7;1370
SETU26;;Market Price;2026-09-04T18:49:26.102055110Z;-5;Quote;6.6;45;6.7;1370
SETU26;;Market Price;2026-09-04T18:49:26.116141189Z;-5;Quote;6.6;45;6.7;1770
SETU26;;Market Price;2026-09-04T18:49:26.116974362Z;-5;Quote;6.6;45;6.7;1370
SETU26;;Market Price;2026-09-04T18:49:26.116974362Z;-5;Quote;6.6;45;6.7;1770
SETU26;;Market Price;2026-09-04T18:49:26.131921687Z;-5;Quote;6.6;45;6.7;1370
SETU26;;Market Price;2026-09-04T18:49:29.696150948Z;-5;Quote;6.6;182;6.7;1370
SETU26;;Market Price;2026-09-04T18:49:29.696451404Z;-5;Quote;6.6;182;6.7;970
SETU26;;Market Price;2026-09-04T18:49:38.346576855Z;-5;Quote;6.6;82;6.7;970
SETU26;;Market Price;2026-09-04T18:49:38.346576855Z;-5;Quote;6.6;86;6.7;970
SETU26;;Market Price;2026-09-04T18:49:40.801299030Z;-5;Quote;6.6;131;6.7;970
SETU26;;Market Price;2026-09-04T18:49:48.321315992Z;-5;Quote;6.65;60;6.7;970
SETU26;;Market Price;2026-09-04T18:49:48.372149372Z;-5;Quote;6.65;64;6.7;970
SETU26;;Market Price;2026-09-04T18:49:51.726541362Z;-5;Quote;6.65;64;6.7;960
SETU26;;Market Price;2026-09-04T18:49:52.931990739Z;-5;Quote;6.65;64;6.7;560
SETU26;;Market Price;2026-09-04T18:49:57.531831167Z;-5;Quote;6.65;14;6.7;560
SETU26;;Market Price;2026-09-04T18:49:57.531831167Z;-5;Quote;6.65;15;6.7;560
SETU26;;Market Price;2026-09-04T18:49:59.711895769Z;-5;Quote;6.65;97;6.7;560
SETU26;;Market Price;2026-09-04T18:49:59.726182836Z;-5;Quote;6.65;142;6.7;560
SETU26;;Market Price;2026-09-04T18:50:02.162105547Z;-5;Quote;6.65;97;6.7;560
SETU26;;Market Price;2026-09-04T18:50:20.006917456Z;-5;Quote;6.65;96;6.7;560
SETU26;;Market Price;2026-09-04T18:50:20.006917456Z;-5;Quote;6.65;92;6.7;560
SETU26;;Market Price;2026-09-04T18:50:20.031790229Z;-5;Quote;6.65;92;6.7;555
SETU26;;Market Price;2026-09-04T18:50:44.581439636Z;-5;Quote;6.65;92;6.7;552
SETU26;;Market Price;2026-09-04T18:50:44.581439636Z;-5;Quote;6.65;92;6.7;549
SETU26;;Market Price;2026-09-04T18:50:44.581439636Z;-5;Quote;6.65;92;6.7;546
SETU26;;Market Price;2026-09-04T18:50:44.586404793Z;-5;Quote;6.65;92;6.7;543
SETU26;;Market Price;2026-09-04T18:50:45.232005972Z;-5;Quote;6.65;82;6.7;543
SETU26;;Market Price;2026-09-04T18:50:46.621617247Z;-5;Quote;6.65;82;6.7;540
SETU26;;Market Price;2026-09-04T18:50:46.621617247Z;-5;Quote;6.65;82;6.7;538
SETU26;;Market Price;2026-09-04T18:50:46.621617247Z;-5;Quote;6.65;83;6.7;538
SETU26;;Market Price;2026-09-04T18:50:46.621617247Z;-5;Quote;6.65;83;6.7;535
SETU26;;Market Price;2026-09-04T18:50:47.621906601Z;-5;Quote;6.65;83;6.7;534
SETU26;;Market Price;2026-09-04T18:50:47.621906601Z;-5;Quote;6.65;83;6.7;531
SETU26;;Market Price;2026-09-04T18:50:47.621906601Z;-5;Quote;6.65;83;6.7;529
SETU26;;Market Price;2026-09-04T18:50:54.926787111Z;-5;Quote;6.65;83;6.7;539
SETU26;;Market Price;2026-09-04T18:51:27.406943225Z;-5;Quote;6.65;83;6.7;536
SETU26;;Market Price;2026-09-04T18:51:27.681754835Z;-5;Quote;6.65;128;6.7;536
SETU26;;Market Price;2026-09-04T18:51:31.696901741Z;-5;Quote;6.65;128;6.7;535
SETU26;;Market Price;2026-09-04T18:51:48.877107145Z;-5;Quote;6.65;128;6.7;527
SETU26;;Market Price;2026-09-04T18:51:50.031735262Z;-5;Quote;6.65;128;6.7;519
SETU26;;Market Price;2026-09-04T18:51:50.031735262Z;-5;Quote;6.65;129;6.7;519
SETU26;;Market Price;2026-09-04T18:52:00.042097973Z;-5;Quote;6.65;129;6.7;499
SETU26;;Market Price;2026-09-04T18:52:08.436774900Z;-5;Quote;6.65;129;6.7;459
SETU26;;Market Price;2026-09-04T18:52:08.436774900Z;-5;Quote;6.65;130;6.7;459
SETU26;;Market Price;2026-09-04T18:52:10.031396737Z;-5;Quote;6.65;130;6.7;439
SETU26;;Market Price;2026-09-04T18:52:10.031396737Z;-5;Quote;6.65;131;6.7;439
SETU26;;Market Price;2026-09-04T18:52:20.031970542Z;-5;Quote;6.65;131;6.7;419
SETU26;;Market Price;2026-09-04T18:52:20.031970542Z;-5;Quote;6.65;132;6.7;419
SETU26;;Market Price;2026-09-04T18:52:30.031465060Z;-5;Quote;6.65;132;6.7;399
SETU26;;Market Price;2026-09-04T18:52:40.041734837Z;-5;Quote;6.65;132;6.7;379
SETU26;;Market Price;2026-09-04T18:52:40.041734837Z;-5;Quote;6.65;133;6.7;379
SETU26;;Market Price;2026-09-04T18:52:42.191790738Z;-5;Quote;6.65;133;6.7;479
SETU26;;Market Price;2026-09-04T18:52:50.011332596Z;-5;Quote;6.65;133;6.7;459
SETU26;;Market Price;2026-09-04T18:52:57.876332556Z;-5;Quote;6.65;133;6.7;110
SETU26;;Market Price;2026-09-04T18:53:00.017004691Z;-5;Quote;6.65;133;6.7;90
SETU26;;Market Price;2026-09-04T18:53:00.017004691Z;-5;Quote;6.65;134;6.7;90
SETU26;;Market Price;2026-09-04T18:53:01.842037856Z;-5;Quote;6.55;2764;6.7;90
SETU26;;Market Price;2026-09-04T18:53:01.842037856Z;-5;Quote;6.55;2764;6.7;490
SETU26;;Market Price;2026-09-04T18:53:01.842037856Z;-5;Quote;6.55;2734;6.7;490
SETU26;;Market Price;2026-09-04T18:53:01.846976180Z;-5;Quote;6.55;2550;6.7;490
SETU26;;Market Price;2026-09-04T18:53:01.846976180Z;-5;Quote;6.55;2550;6.7;90
SETU26;;Market Price;2026-09-04T18:53:01.846976180Z;-5;Quote;6.55;2950;6.7;90
SETU26;;Market Price;2026-09-04T18:53:01.846976180Z;-5;Quote;6.55;2550;6.7;90
SETU26;;Market Price;2026-09-04T18:53:01.846976180Z;-5;Quote;6.55;2550;6.7;490
SETU26;;Market Price;2026-09-04T18:53:01.846976180Z;-5;Quote;6.55;2550;6.7;90
SETU26;;Market Price;2026-09-04T18:53:01.846976180Z;-5;Quote;6.55;2950;6.7;90
SETU26;;Market Price;2026-09-04T18:53:01.861922718Z;-5;Quote;6.55;2550;6.7;90
SETU26;;Market Price;2026-09-04T18:53:01.861922718Z;-5;Quote;6.55;2150;6.7;90
SETU26;;Market Price;2026-09-04T18:53:01.861922718Z;-5;Quote;6.55;1750;6.7;90
SETU26;;Market Price;2026-09-04T18:53:01.861922718Z;-5;Quote;6.55;1750;6.7;490
SETU26;;Market Price;2026-09-04T18:53:01.861922718Z;-5;Quote;6.55;1750;6.7;890
SETU26;;Market Price;2026-09-04T18:53:02.201642660Z;-5;Quote;6.55;1761;6.7;890
SETU26;;Market Price;2026-09-04T18:53:02.201642660Z;-5;Quote;6.55;1761;6.7;490
SETU26;;Market Price;2026-09-04T18:53:02.201642660Z;-5;Quote;6.55;2161;6.7;490
SETU26;;Market Price;2026-09-04T18:53:04.126675185Z;-5;Quote;6.55;2150;6.7;490
SETU26;;Market Price;2026-09-04T18:53:04.151561650Z;-5;Quote;6.55;2150;6.7;441
SETU26;;Market Price;2026-09-04T18:53:07.996389116Z;-5;Quote;6.55;1600;6.7;441
SETU26;;Market Price;2026-09-04T18:53:08.017142104Z;-5;Quote;6.55;1200;6.7;441
SETU26;;Market Price;2026-09-04T18:53:08.037074811Z;-5;Quote;6.55;1600;6.7;441
SETU26;;Market Price;2026-09-04T18:53:09.181648439Z;-5;Quote;6.55;2150;6.7;441
SETU26;;Market Price;2026-09-04T18:53:11.857111042Z;-5;Quote;6.55;2550;6.7;441
SETU26;;Market Price;2026-09-04T18:53:14.371322391Z;-5;Quote;6.55;2551;6.7;441
SETU26;;Market Price;2026-09-04T18:53:14.371322391Z;-5;Quote;6.55;2551;6.7;451
SETU26;;Market Price;2026-09-04T18:53:26.277266962Z;-5;Quote;6.6;45;6.7;451
SETU26;;Market Price;2026-09-04T18:53:26.277266962Z;-5;Quote;6.6;46;6.7;451
SETU26;;Market Price;2026-09-04T18:53:26.292194949Z;-5;Quote;6.6;46;6.7;51
SETU26;;Market Price;2026-09-04T18:53:28.422131779Z;-5;Quote;6.6;46;6.7;31
SETU26;;Market Price;2026-09-04T18:53:28.422131779Z;-5;Quote;6.6;47;6.7;31
SETU26;;Market Price;2026-09-04T18:53:29.051312521Z;-5;Quote;6.6;2;6.7;31
SETU26;;Market Price;2026-09-04T18:53:33.101462874Z;-5;Quote;6.6;2;6.7;231
SETU26;;Market Price;2026-09-04T18:53:33.836965968Z;-5;Quote;6.6;47;6.7;231
SETU26;;Market Price;2026-09-04T18:53:33.836965968Z;-5;Quote;6.6;47;6.7;211
SETU26;;Market Price;2026-09-04T18:53:33.836965968Z;-5;Quote;6.6;48;6.7;211
SETU26;;Market Price;2026-09-04T18:53:33.926563039Z;-5;Quote;6.6;3;6.7;211
SETU26;;Market Price;2026-09-04T18:53:37.472082893Z;-5;Quote;6.6;3;6.7;209
SETU26;;Market Price;2026-09-04T18:53:42.026629560Z;-5;Quote;6.6;3;6.65;10
SETU26;;Market Price;2026-09-04T18:53:43.076673903Z;-5;Quote;6.6;3;6.65;9
SETU26;;Market Price;2026-09-04T18:53:47.612168580Z;-5;Quote;6.6;3;6.65;209
SETU26;;Market Price;2026-09-04T18:53:58.881593769Z;-5;Quote;6.6;48;6.65;209
SETU26;;Market Price;2026-09-04T18:53:58.886609713Z;-5;Quote;6.6;48;6.65;189
SETU26;;Market Price;2026-09-04T18:53:58.987132769Z;-5;Quote;6.6;3;6.65;189
SETU26;;Market Price;2026-09-04T18:54:09.347070234Z;-5;Quote;6.55;553;6.65;189
SETU26;;Market Price;2026-09-04T18:54:09.347070234Z;-5;Quote;6.55;553;6.65;199
SETU26;;Market Price;2026-09-04T18:54:09.931503746Z;-5;Quote;6.55;550;6.65;199
SETU26;;Market Price;2026-09-04T18:54:17.776683132Z;-5;Quote;6.55;550;6.65;197
SETU26;;Market Price;2026-09-04T18:54:21.696638345Z;-5;Quote;6.55;153;6.65;197
SETU26;;Market Price;2026-09-04T18:54:21.701594031Z;-5;Quote;6.55;178;6.65;197
SETU26;;Market Price;2026-09-04T18:54:26.516533358Z;-5;Quote;6.55;178;6.65;347
SETU26;;Market Price;2026-09-04T18:54:27.821211873Z;-5;Quote;6.6;1;6.65;347
SETU26;;Market Price;2026-09-04T18:54:27.871547619Z;-5;Quote;6.6;26;6.65;347
SETU26;;Market Price;2026-09-04T18:54:32.011691036Z;-5;Quote;6.6;71;6.65;347
SETU26;;Market Price;2026-09-04T18:54:32.011691036Z;-5;Quote;6.6;71;6.65;327
SETU26;;Market Price;2026-09-04T18:54:32.011691036Z;-5;Quote;6.6;72;6.65;327
SETU26;;Market Price;2026-09-04T18:54:32.286885589Z;-5;Quote;6.6;27;6.65;327
SETU26;;Market Price;2026-09-04T18:54:52.621459570Z;-5;Quote;6.6;72;6.65;327
SETU26;;Market Price;2026-09-04T18:54:52.631408551Z;-5;Quote;6.6;72;6.65;307
SETU26;;Market Price;2026-09-04T18:54:52.796165272Z;-5;Quote;6.6;27;6.65;307
SETU26;;Market Price;2026-09-04T18:55:18.826766178Z;-5;Quote;6.6;27;6.65;247
SETU26;;Market Price;2026-09-04T18:55:21.646729491Z;-5;Quote;6.6;28;6.65;247
SETU26;;Market Price;2026-09-04T18:55:27.081880890Z;-5;Quote;6.6;73;6.65;247
SETU26;;Market Price;2026-09-04T18:55:27.081880890Z;-5;Quote;6.6;73;6.65;227
SETU26;;Market Price;2026-09-04T18:55:27.141604676Z;-5;Quote;6.6;28;6.65;227
SETU26;;Market Price;2026-09-04T18:55:33.176970334Z;-5;Quote;6.6;73;6.65;227
SETU26;;Market Price;2026-09-04T18:55:33.181975159Z;-5;Quote;6.6;73;6.65;207
SETU26;;Market Price;2026-09-04T18:55:33.382103166Z;-5;Quote;6.6;28;6.65;207
SETU26;;Market Price;2026-09-04T18:55:37.211776043Z;-5;Quote;6.6;73;6.65;207
SETU26;;Market Price;2026-09-04T18:55:40.031543714Z;-5;Quote;6.6;73;6.65;187
SETU26;;Market Price;2026-09-04T18:55:40.221705870Z;-5;Quote;6.6;28;6.65;187
SETU26;;Market Price;2026-09-04T18:55:41.511463200Z;-5;Quote;6.55;153;6.6;5
SETU26;;Market Price;2026-09-04T18:55:41.511463200Z;-5;Quote;6.55;153;6.6;2
SETU26;;Market Price;2026-09-04T18:55:41.791201250Z;-5;Quote;6.55;153;6.6;1
SETU26;;Market Price;2026-09-04T18:55:45.331790303Z;-5;Quote;6.55;153;6.6;10
SETU26;;Market Price;2026-09-04T18:55:50.331843853Z;-5;Quote;6.55;153;6.6;4
SETU26;;Market Price;2026-09-04T18:55:50.331843853Z;-5;Quote;6.55;153;6.6;2
SETU26;;Market Price;2026-09-04T18:55:51.661683351Z;-5;Quote;6.55;162;6.6;2
SETU26;;Market Price;2026-09-04T18:56:29.066168577Z;-5;Quote;6.55;9;6.6;2
SETU26;;Market Price;2026-09-04T18:56:44.581184711Z;-5;Quote;6.55;9;6.6;13
SETU26;;Market Price;2026-09-04T18:57:03.177169222Z;-5;Quote;6.55;9;6.65;2658
SETU26;;Market Price;2026-09-04T18:57:03.177169222Z;-5;Quote;6.55;9;6.65;2258
SETU26;;Market Price;2026-09-04T18:57:03.177169222Z;-5;Quote;6.55;9;6.65;1858
SETU26;;Market Price;2026-09-04T18:57:03.177169222Z;-5;Quote;6.6;156;6.65;1858
SETU26;;Market Price;2026-09-04T18:57:03.177169222Z;-5;Quote;6.6;156;6.65;1600
SETU26;;Market Price;2026-09-04T18:57:03.182118568Z;-5;Quote;6.6;320;6.65;1600
SETU26;;Market Price;2026-09-04T18:57:03.192070368Z;-5;Quote;6.6;320;6.65;1200
SETU26;;Market Price;2026-09-04T18:57:03.197053524Z;-5;Quote;6.6;320;6.65;800
SETU26;;Market Price;2026-09-04T18:57:03.216974121Z;-5;Quote;6.6;320;6.65;400
SETU26;;Market Price;2026-09-04T18:57:03.221940775Z;-5;Quote;6.6;320;6.7;2980
SETU26;;Market Price;2026-09-04T18:57:03.221940775Z;-5;Quote;6.6;320;6.7;2950
SETU26;;Market Price;2026-09-04T18:57:03.221940775Z;-5;Quote;6.6;320;6.7;2550
SETU26;;Market Price;2026-09-04T18:57:03.221940775Z;-5;Quote;6.6;320;6.7;2150
SETU26;;Market Price;2026-09-04T18:57:03.221940775Z;-5;Quote;6.6;320;6.7;1750
SETU26;;Market Price;2026-09-04T18:57:03.226935622Z;-5;Quote;6.6;320;6.7;2150
SETU26;;Market Price;2026-09-04T18:57:03.236884779Z;-5;Quote;6.6;320;6.7;1750
SETU26;;Market Price;2026-09-04T18:57:03.236884779Z;-5;Quote;6.6;320;6.7;1350
SETU26;;Market Price;2026-09-04T18:57:03.256790139Z;-5;Quote;6.6;320;6.7;950
SETU26;;Market Price;2026-09-04T18:57:03.436712526Z;-5;Quote;6.6;334;6.7;950
SETU26;;Market Price;2026-09-04T18:57:07.366630744Z;-5;Quote;6.6;334;6.65;11
SETU26;;Market Price;2026-09-04T18:57:07.366630744Z;-5;Quote;6.6;325;6.65;11
SETU26;;Market Price;2026-09-04T18:57:07.416411437Z;-5;Quote;6.6;325;6.65;2
SETU26;;Market Price;2026-09-04T18:57:07.467204418Z;-5;Quote;6.6;323;6.65;2
SETU26;;Market Price;2026-09-04T18:57:07.556802544Z;-5;Quote;6.6;323;6.65;11
SETU26;;Market Price;2026-09-04T18:57:07.606571389Z;-5;Quote;6.6;320;6.65;11
SETU26;;Market Price;2026-09-04T18:57:07.942083968Z;-5;Quote;6.6;320;6.65;8
SETU26;;Market Price;2026-09-04T18:57:14.051984615Z;-5;Quote;6.6;320;6.65;18
SETU26;;Market Price;2026-09-04T18:57:22.671807803Z;-5;Quote;6.6;321;6.65;18
SETU26;;Market Price;2026-09-04T18:57:25.547206821Z;-5;Quote;6.65;143;6.7;2550
SETU26;;Market Price;2026-09-04T18:57:25.547206821Z;-5;Quote;6.65;153;6.7;2550
SETU26;;Market Price;2026-09-04T18:57:25.547206821Z;-5;Quote;6.65;153;6.7;2560
SETU26;;Market Price;2026-09-04T18:57:25.547206821Z;-5;Quote;6.65;156;6.7;2560
SETU26;;Market Price;2026-09-04T18:57:25.562109913Z;-5;Quote;6.65;156;6.7;2160
SETU26;;Market Price;2026-09-04T18:57:25.562109913Z;-5;Quote;6.65;156;6.7;1760
SETU26;;Market Price;2026-09-04T18:57:25.566179679Z;-5;Quote;6.65;156;6.7;1360
SETU26;;Market Price;2026-09-04T18:57:25.587025630Z;-5;Quote;6.65;156;6.7;960
SETU26;;Market Price;2026-09-04T18:57:30.097153265Z;-5;Quote;6.65;45;6.7;960
SETU26;;Market Price;2026-09-04T18:57:30.097153265Z;-5;Quote;6.65;49;6.7;960
SETU26;;Market Price;2026-09-04T18:57:32.446848247Z;-5;Quote;6.65;49;6.7;560
SETU26;;Market Price;2026-09-04T18:57:35.246530276Z;-5;Quote;6.6;320;6.65;6
SETU26;;Market Price;2026-09-04T18:57:35.246530276Z;-5;Quote;6.6;320;6.65;5
SETU26;;Market Price;2026-09-04T18:57:36.101525239Z;-5;Quote;6.6;320;6.7;1760
SETU26;;Market Price;2026-09-04T18:57:36.101525239Z;-5;Quote;6.6;320;6.7;1360
SETU26;;Market Price;2026-09-04T18:57:36.121421407Z;-5;Quote;6.6;320;6.7;960
SETU26;;Market Price;2026-09-04T18:57:36.121421407Z;-5;Quote;6.6;320;6.7;560
SETU26;;Market Price;2026-09-04T18:57:39.211200977Z;-5;Quote;6.6;320;6.7;10
SETU26;;Market Price;2026-09-04T18:57:46.151777117Z;-5;Quote;6.6;320;6.7;21
SETU26;;Market Price;2026-09-04T18:57:52.916379013Z;-5;Quote;6.6;320;6.7;10
SETU26;;Market Price;2026-09-04T18:57:59.177279755Z;-5;Quote;6.6;325;6.7;10
SETU26;;Market Price;2026-09-04T18:58:03.127252768Z;-5;Quote;6.6;325;6.7;20
SETU26;;Market Price;2026-09-04T18:58:07.476346919Z;-5;Quote;6.65;100;6.7;20
SETU26;;Market Price;2026-09-04T18:58:09.856983114Z;-5;Quote;6.65;100;6.7;58
SETU26;;Market Price;2026-09-04T18:58:09.886855764Z;-5;Quote;6.65;101;6.7;58
SETU26;;Market Price;2026-09-04T18:58:12.256523436Z;-5;Quote;6.65;126;6.7;58
SETU26;;Market Price;2026-09-04T18:58:21.006687832Z;-5;Quote;6.6;1125;6.65;72
SETU26;;Market Price;2026-09-04T18:58:21.006687832Z;-5;Quote;6.6;725;6.65;72
SETU26;;Market Price;2026-09-04T18:58:21.006687832Z;-5;Quote;6.6;325;6.65;72
SETU26;;Market Price;2026-09-04T18:58:21.006687832Z;-5;Quote;6.6;325;6.65;68
SETU26;;Market Price;2026-09-04T18:58:31.092248804Z;-5;Quote;6.6;341;6.65;68
SETU26;;Market Price;2026-09-04T18:58:35.681617540Z;-5;Quote;6.6;366;6.65;68
SETU26;;Market Price;2026-09-04T18:58:36.442104284Z;-5;Quote;6.6;366;6.65;81
SETU26;;Market Price;2026-09-04T18:58:56.796464969Z;-5;Quote;6.6;366;6.65;91
SETU26;;Market Price;2026-09-04T18:58:58.696259091Z;-5;Quote;6.6;365;6.65;91
SETU26;;Market Price;2026-09-04T18:59:04.482223353Z;-5;Quote;6.6;364;6.65;91
SETU26;;Market Price;2026-09-04T18:59:08.536825506Z;-5;Quote;6.6;363;6.65;91
SETU26;;Market Price;2026-09-04T18:59:11.766485028Z;-5;Quote;6.6;362;6.65;91
SETU26;;Market Price;2026-09-04T18:59:14.496692509Z;-5;Quote;6.6;361;6.65;91
SETU26;;Market Price;2026-09-04T18:59:16.882129325Z;-5;Quote;6.6;360;6.65;91
SETU26;;Market Price;2026-09-04T18:59:19.016874699Z;-5;Quote;6.6;359;6.65;91
SETU26;;Market Price;2026-09-04T18:59:20.951507900Z;-5;Quote;6.6;358;6.65;91
SETU26;;Market Price;2026-09-04T18:59:21.896738703Z;-5;Quote;6.6;358;6.65;103
SETU26;;Market Price;2026-09-04T18:59:22.736677463Z;-5;Quote;6.6;357;6.65;103
SETU26;;Market Price;2026-09-04T18:59:24.386860179Z;-5;Quote;6.6;356;6.65;103
SETU26;;Market Price;2026-09-04T18:59:25.936749696Z;-5;Quote;6.6;355;6.65;103
SETU26;;Market Price;2026-09-04T18:59:27.391443195Z;-5;Quote;6.6;354;6.65;103
SETU26;;Market Price;2026-09-04T18:59:28.772069947Z;-5;Quote;6.6;353;6.65;103
SETU26;;Market Price;2026-09-04T18:59:30.076504172Z;-5;Quote;6.6;352;6.65;103
SETU26;;Market Price;2026-09-04T18:59:31.326902995Z;-5;Quote;6.6;351;6.65;103
SETU26;;Market Price;2026-09-04T18:59:32.522217237Z;-5;Quote;6.6;350;6.65;103
SETU26;;Market Price;2026-09-04T18:59:33.666613359Z;-5;Quote;6.6;349;6.65;103
SETU26;;Market Price;2026-09-04T18:59:34.361530305Z;-5;Quote;6.6;349;6.65;91
SETU26;;Market Price;2026-09-04T18:59:34.436928501Z;-5;Quote;6.6;349;6.65;103
SETU26;;Market Price;2026-09-04T18:59:34.766452768Z;-5;Quote;6.6;348;6.65;103
SETU26;;Market Price;2026-09-04T18:59:35.827058182Z;-5;Quote;6.6;347;6.65;103
SETU26;;Market Price;2026-09-04T18:59:36.851840961Z;-5;Quote;6.6;346;6.65;103
SETU26;;Market Price;2026-09-04T18:59:36.851840961Z;-5;Quote;6.6;346;6.65;102
SETU26;;Market Price;2026-09-04T18:59:37.842098111Z;-5;Quote;6.6;345;6.65;102
SETU26;;Market Price;2026-09-04T18:59:39.731359483Z;-5;Quote;6.6;343;6.65;102
SETU26;;Market Price;2026-09-04T18:59:40.636349855Z;-5;Quote;6.6;342;6.65;102
SETU26;;Market Price;2026-09-04T18:59:41.516554422Z;-5;Quote;6.6;341;6.65;102
SETU26;;Market Price;2026-09-04T18:59:43.207206639Z;-5;Quote;6.6;339;6.65;102
SETU26;;Market Price;2026-09-04T18:59:44.817168715Z;-5;Quote;6.6;337;6.65;102
SETU26;;Market Price;2026-09-04T18:59:45.591735958Z;-5;Quote;6.6;336;6.65;102
SETU26;;Market Price;2026-09-04T18:59:46.351427018Z;-5;Quote;6.6;335;6.65;102
SETU26;;Market Price;2026-09-04T18:59:47.826937790Z;-5;Quote;6.6;333;6.65;102
SETU26;;Market Price;2026-09-04T18:59:49.242213740Z;-5;Quote;6.6;331;6.65;102
SETU26;;Market Price;2026-09-04T18:59:50.601921445Z;-5;Quote;6.6;329;6.65;102
SETU26;;Market Price;2026-09-04T18:59:51.262013790Z;-5;Quote;6.6;328;6.65;102
SETU26;;Market Price;2026-09-04T18:59:51.547033385Z;-5;Quote;6.6;528;6.65;102
SETU26;;Market Price;2026-09-04T18:59:52.557285102Z;-5;Quote;6.6;526;6.65;102
SETU26;;Market Price;2026-09-04T18:59:53.181427952Z;-5;Quote;6.6;525;6.65;102
SETU26;;Market Price;2026-09-04T18:59:55.011544775Z;-5;Quote;6.6;522;6.65;102
SETU26;;Market Price;2026-09-04T18:59:56.181566320Z;-5;Quote;6.6;520;6.65;102
SETU26;;Market Price;2026-09-04T18:59:57.556751077Z;-5;Quote;6.6;520;6.65;101
SETU26;;Market Price;2026-09-04T18:59:57.882303696Z;-5;Quote;6.6;517;6.65;101
SETU26;;Market Price;2026-09-04T18:59:59.512144539Z;-5;Quote;6.6;514;6.65;101
SETU26;;Market Price;2026-09-04T18:59:59.512144539Z;-5;Quote;6.6;514;6.65;100
SETU26;;Market Price;2026-09-04T18:59:59.512144539Z;-5;Quote;6.6;501;6.65;87
SETU26;;Market Price;2026-09-04T19:00:53.416296151Z;-5;Quote;6.6;501;6.65;67
SETU26;;Market Price;2026-09-04T19:00:53.416296151Z;-5;Quote;6.6;546;6.65;67
SETU26;;Market Price;2026-09-04T19:00:53.416296151Z;-5;Quote;6.6;546;6.65;66
SETU26;;Market Price;2026-09-04T19:00:53.452139518Z;-5;Quote;6.6;501;6.65;66
SETU26;;Market Price;2026-09-04T19:01:30.417331222Z;-5;Quote;6.6;501;6.65;86
SETU26;;Market Price;2026-09-04T19:01:35.076628975Z;-5;Quote;6.6;502;6.65;86
SETU26;;Market Price;2026-09-04T19:01:50.966614224Z;-5;Quote;6.6;502;6.65;16
SETU26;;Market Price;2026-09-04T19:01:50.966614224Z;-5;Quote;6.6;502;6.65;14
SETU26;;Market Price;2026-09-04T19:02:01.071351335Z;-5;Quote;6.6;502;6.65;24
SETU26;;Market Price;2026-09-04T19:02:34.276951294Z;-5;Quote;6.6;502;6.65;19
SETU26;;Market Price;2026-09-04T19:02:39.681549519Z;-5;Quote;6.6;502;6.65;20
SETU26;;Market Price;2026-09-04T19:02:44.977091941Z;-5;Quote;6.6;502;6.65;29
SETU26;;Market Price;2026-09-04T19:02:55.961794893Z;-5;Quote;6.6;502;6.7;1808
SETU26;;Market Price;2026-09-04T19:02:55.961794893Z;-5;Quote;6.6;503;6.7;1808
SETU26;;Market Price;2026-09-04T19:02:55.971755868Z;-5;Quote;6.6;503;6.7;1408
SETU26;;Market Price;2026-09-04T19:02:55.976730661Z;-5;Quote;6.6;503;6.7;1008
SETU26;;Market Price;2026-09-04T19:02:55.976730661Z;-5;Quote;6.6;503;6.7;608
SETU26;;Market Price;2026-09-04T19:02:57.806545027Z;-5;Quote;6.6;503;6.65;20
SETU26;;Market Price;2026-09-04T19:02:57.806545027Z;-5;Quote;6.6;502;6.65;20
SETU26;;Market Price;2026-09-04T19:02:57.856322726Z;-5;Quote;6.6;502;6.65;19
SETU26;;Market Price;2026-09-04T19:03:04.076435433Z;-5;Quote;6.65;81;6.7;1258
SETU26;;Market Price;2026-09-04T19:03:04.076435433Z;-5;Quote;6.65;81;6.7;1268
SETU26;;Market Price;2026-09-04T19:03:04.076435433Z;-5;Quote;6.65;142;6.7;1268
SETU26;;Market Price;2026-09-04T19:03:04.087318219Z;-5;Quote;6.65;142;6.7;868
SETU26;;Market Price;2026-09-04T19:03:04.092333544Z;-5;Quote;6.65;142;6.7;468
SETU26;;Market Price;2026-09-04T19:03:04.092333544Z;-5;Quote;6.65;142;6.7;68
SETU26;;Market Price;2026-09-04T19:03:08.991545068Z;-5;Quote;6.65;122;6.7;68
SETU26;;Market Price;2026-09-04T19:03:08.991545068Z;-5;Quote;6.65;123;6.7;68
SETU26;;Market Price;2026-09-04T19:03:10.782277283Z;-5;Quote;6.65;123;6.75;3845
SETU26;;Market Price;2026-09-04T19:03:10.782277283Z;-5;Quote;6.65;123;6.75;3445
SETU26;;Market Price;2026-09-04T19:03:10.782277283Z;-5;Quote;6.65;123;6.75;3045
SETU26;;Market Price;2026-09-04T19:03:10.797168142Z;-5;Quote;6.65;123;6.75;2645
SETU26;;Market Price;2026-09-04T19:03:10.797168142Z;-5;Quote;6.65;123;6.75;2245
SETU26;;Market Price;2026-09-04T19:03:10.797168142Z;-5;Quote;6.65;123;6.75;1845
SETU26;;Market Price;2026-09-04T19:03:10.802167594Z;-5;Quote;6.65;123;6.75;1445
SETU26;;Market Price;2026-09-04T19:03:10.822079841Z;-5;Quote;6.65;123;6.75;1045
SETU26;;Market Price;2026-09-04T19:03:12.711863828Z;-5;Quote;6.65;123;6.7;20
SETU26;;Market Price;2026-09-04T19:03:12.716823873Z;-5;Quote;6.65;123;6.7;18
SETU26;;Market Price;2026-09-04T19:03:12.716823873Z;-5;Quote;6.65;122;6.7;18
SETU26;;Market Price;2026-09-04T19:03:12.821335338Z;-5;Quote;6.65;122;6.7;17
SETU26;;Market Price;2026-09-04T19:03:14.162330254Z;-5;Quote;6.65;120;6.7;17
SETU26;;Market Price;2026-09-04T19:03:23.941642874Z;-5;Quote;6.65;120;6.7;27
SETU26;;Market Price;2026-09-04T19:03:23.941642874Z;-5;Quote;6.65;120;6.7;37
SETU26;;Market Price;2026-09-04T19:03:24.237383763Z;-5;Quote;6.65;117;6.7;37
SETU26;;Market Price;2026-09-04T19:03:24.237383763Z;-5;Quote;6.65;114;6.7;37
SETU26;;Market Price;2026-09-04T19:03:26.427324439Z;-5;Quote;6.65;113;6.7;37
SETU26;;Market Price;2026-09-04T19:03:26.477056019Z;-5;Quote;6.65;112;6.7;37
SETU26;;Market Price;2026-09-04T19:03:34.397283471Z;-5;Quote;6.6;1286;6.7;37
SETU26;;Market Price;2026-09-04T19:03:34.397283471Z;-5;Quote;6.6;886;6.7;37
SETU26;;Market Price;2026-09-04T19:03:34.437112598Z;-5;Quote;6.6;486;6.7;37
SETU26;;Market Price;2026-09-04T19:03:35.431744844Z;-5;Quote;6.6;486;6.7;149
SETU26;;Market Price;2026-09-04T19:03:35.987305451Z;-5;Quote;6.6;486;6.65;10
SETU26;;Market Price;2026-09-04T19:03:35.992285734Z;-5;Quote;6.6;486;6.65;20
SETU26;;Market Price;2026-09-04T19:03:35.992285734Z;-5;Quote;6.6;486;6.65;16
SETU26;;Market Price;2026-09-04T19:03:44.752280928Z;-5;Quote;6.6;540;6.65;16
SETU26;;Market Price;2026-09-04T19:03:48.276523326Z;-5;Quote;6.6;540;6.65;66
SETU26;;Market Price;2026-09-04T19:04:00.876528580Z;-5;Quote;6.6;537;6.65;66
SETU26;;Market Price;2026-09-04T19:04:03.407222086Z;-5;Quote;6.6;534;6.65;66
SETU26;;Market Price;2026-09-04T19:04:03.616999147Z;-5;Quote;6.6;532;6.65;66
SETU26;;Market Price;2026-09-04T19:04:04.612365833Z;-5;Quote;6.6;531;6.65;66
SETU26;;Market Price;2026-09-04T19:04:15.841908830Z;-5;Quote;6.6;333;6.65;66
SETU26;;Market Price;2026-09-04T19:04:18.951638319Z;-5;Quote;6.6;333;6.65;60
SETU26;;Market Price;2026-09-04T19:04:18.951638319Z;-5;Quote;6.6;333;6.65;54
SETU26;;Market Price;2026-09-04T19:04:20.896826841Z;-5;Quote;6.6;333;6.65;50
SETU26;;Market Price;2026-09-04T19:04:21.191498154Z;-5;Quote;6.6;330;6.65;50
SETU26;;Market Price;2026-09-04T19:04:25.026722842Z;-5;Quote;6.6;328;6.65;50
SETU26;;Market Price;2026-09-04T19:04:26.026544338Z;-5;Quote;6.6;327;6.65;50
SETU26;;Market Price;2026-09-04T19:04:35.096851896Z;-5;Quote;6.6;327;6.7;1787
SETU26;;Market Price;2026-09-04T19:04:35.096851896Z;-5;Quote;6.6;327;6.7;1770
SETU26;;Market Price;2026-09-04T19:04:35.096851896Z;-5;Quote;6.6;329;6.7;1770
SETU26;;Market Price;2026-09-04T19:04:35.106227621Z;-5;Quote;6.6;329;6.7;1370
SETU26;;Market Price;2026-09-04T19:04:35.111759961Z;-5;Quote;6.6;329;6.7;970
SETU26;;Market Price;2026-09-04T19:04:35.111759961Z;-5;Quote;6.6;329;6.7;570
SETU26;;Market Price;2026-09-04T19:04:39.006443029Z;-5;Quote;6.6;334;6.7;570
SETU26;;Market Price;2026-09-04T19:04:47.961680257Z;-5;Quote;6.6;331;6.7;570
SETU26;;Market Price;2026-09-04T19:04:49.977293418Z;-5;Quote;6.65;50;6.7;570
SETU26;;Market Price;2026-09-04T19:04:49.977293418Z;-5;Quote;6.65;110;6.7;570
SETU26;;Market Price;2026-09-04T19:04:49.977293418Z;-5;Quote;6.65;115;6.7;570
SETU26;;Market Price;2026-09-04T19:04:50.027080825Z;-5;Quote;6.65;117;6.7;570
SETU26;;Market Price;2026-09-04T19:04:50.422322958Z;-5;Quote;6.65;117;6.7;555
SETU26;;Market Price;2026-09-04T19:04:50.422322958Z;-5;Quote;6.65;118;6.7;555
SETU26;;Market Price;2026-09-04T19:04:51.361897045Z;-5;Quote;6.65;117;6.7;555
SETU26;;Market Price;2026-09-04T19:05:03.692058271Z;-5;Quote;6.65;117;6.7;565
SETU26;;Market Price;2026-09-04T19:05:03.981820493Z;-5;Quote;6.65;117;6.7;515
SETU26;;Market Price;2026-09-04T19:05:03.981820493Z;-5;Quote;6.65;118;6.7;515
SETU26;;Market Price;2026-09-04T19:05:11.332050461Z;-5;Quote;6.65;118;6.7;530
SETU26;;Market Price;2026-09-04T19:05:12.166963083Z;-5;Quote;6.65;117;6.7;530
SETU26;;Market Price;2026-09-04T19:05:12.171950973Z;-5;Quote;6.65;116;6.7;530
SETU26;;Market Price;2026-09-04T19:05:16.602470917Z;-5;Quote;6.65;113;6.7;530
SETU26;;Market Price;2026-09-04T19:05:16.602470917Z;-5;Quote;6.65;113;6.7;540
SETU26;;Market Price;2026-09-04T19:05:16.607478203Z;-5;Quote;6.65;110;6.7;540
SETU26;;Market Price;2026-09-04T19:05:20.111843357Z;-5;Quote;6.65;110;6.7;530
SETU26;;Market Price;2026-09-04T19:05:26.617521213Z;-5;Quote;6.65;107;6.7;530
SETU26;;Market Price;2026-09-04T19:05:29.462131395Z;-5;Quote;6.65;106;6.7;530
SETU26;;Market Price;2026-09-04T19:05:29.467092943Z;-5;Quote;6.65;107;6.7;530
SETU26;;Market Price;2026-09-04T19:05:29.576590731Z;-5;Quote;6.65;106;6.7;530
SETU26;;Market Price;2026-09-04T19:05:31.097324615Z;-5;Quote;6.65;106;6.7;730
SETU26;;Market Price;2026-09-04T19:05:57.891948726Z;-5;Quote;6.65;106;6.7;225
SETU26;;Market Price;2026-09-04T19:05:59.296889512Z;-5;Quote;6.6;70;6.65;4
SETU26;;Market Price;2026-09-04T19:05:59.296889512Z;-5;Quote;6.6;70;6.65;2
SETU26;;Market Price;2026-09-04T19:05:59.536832247Z;-5;Quote;6.6;70;6.65;1
SETU26;;Market Price;2026-09-04T19:05:59.687084402Z;-5;Quote;6.6;75;6.65;1
SETU26;;Market Price;2026-09-04T19:06:00.511607435Z;-5;Quote;6.6;75;6.7;1025
SETU26;;Market Price;2026-09-04T19:06:00.511607435Z;-5;Quote;6.6;75;6.7;625
SETU26;;Market Price;2026-09-04T19:06:00.526254743Z;-5;Quote;6.6;75;6.7;225
SETU26;;Market Price;2026-09-04T19:06:05.471968458Z;-5;Quote;6.6;75;6.65;30
SETU26;;Market Price;2026-09-04T19:06:09.391265610Z;-5;Quote;6.6;143;6.65;30
SETU26;;Market Price;2026-09-04T19:07:01.336567961Z;-5;Quote;6.6;21;6.65;30
SETU26;;Market Price;2026-09-04T19:07:01.336567961Z;-5;Quote;6.6;24;6.65;30
SETU26;;Market Price;2026-09-04T19:07:01.336567961Z;-5;Quote;6.6;188;6.65;30
SETU26;;Market Price;2026-09-04T19:07:01.386343770Z;-5;Quote;6.6;185;6.65;30
SETU26;;Market Price;2026-09-04T19:07:01.437217846Z;-5;Quote;6.6;185;6.65;27
SETU26;;Market Price;2026-09-04T19:07:01.631314878Z;-5;Quote;6.6;190;6.65;27
SETU26;;Market Price;2026-09-04T19:07:02.101553663Z;-5;Quote;6.6;190;6.65;107
SETU26;;Market Price;2026-09-04T19:07:19.247325656Z;-5;Quote;6.6;140;6.65;107
SETU26;;Market Price;2026-09-04T19:07:19.247325656Z;-5;Quote;6.6;142;6.65;107
SETU26;;Market Price;2026-09-04T19:07:29.406336867Z;-5;Quote;6.6;189;6.65;107
SETU26;;Market Price;2026-09-04T19:07:37.671398612Z;-5;Quote;6.6;189;6.65;132
SETU26;;Market Price;2026-09-04T19:08:05.097270845Z;-5;Quote;6.6;90;6.65;132
SETU26;;Market Price;2026-09-04T19:08:05.097270845Z;-5;Quote;6.6;93;6.65;132
SETU26;;Market Price;2026-09-04T19:08:09.041825901Z;-5;Quote;6.6;93;6.65;137
SETU26;;Market Price;2026-09-04T19:08:14.472143496Z;-5;Quote;6.6;93;6.65;142
SETU26;;Market Price;2026-09-04T19:08:20.307546172Z;-5;Quote;6.6;69;6.65;142
SETU26;;Market Price;2026-09-04T19:08:20.307546172Z;-5;Quote;6.6;70;6.65;142
SETU26;;Market Price;2026-09-04T19:08:21.836783451Z;-5;Quote;6.6;70;6.65;167
SETU26;;Market Price;2026-09-04T19:08:25.332063483Z;-5;Quote;6.6;22;6.65;167
SETU26;;Market Price;2026-09-04T19:08:25.332063483Z;-5;Quote;6.6;23;6.65;167
SETU26;;Market Price;2026-09-04T19:08:25.332063483Z;-5;Quote;6.6;159;6.65;167
SETU26;;Market Price;2026-09-04T19:08:25.596989290Z;-5;Quote;6.6;164;6.65;167
SETU26;;Market Price;2026-09-04T19:08:50.176556600Z;-5;Quote;6.6;164;6.65;157
SETU26;;Market Price;2026-09-04T19:08:50.176556600Z;-5;Quote;6.6;165;6.65;157
SETU26;;Market Price;2026-09-04T19:08:50.272140446Z;-5;Quote;6.6;165;6.65;182
SETU26;;Market Price;2026-09-04T19:08:50.411582685Z;-5;Quote;6.6;165;6.65;207
SETU26;;Market Price;2026-09-04T19:08:52.286652125Z;-5;Quote;6.6;159;6.65;207
SETU26;;Market Price;2026-09-04T19:08:52.466865040Z;-5;Quote;6.6;159;6.65;197
SETU26;;Market Price;2026-09-04T19:09:26.627187074Z;-5;Quote;6.6;149;6.65;197
SETU26;;Market Price;2026-09-04T19:09:28.716999540Z;-5;Quote;6.55;1350;6.6;10
SETU26;;Market Price;2026-09-04T19:09:28.716999540Z;-5;Quote;6.55;950;6.6;10
SETU26;;Market Price;2026-09-04T19:09:28.716999540Z;-5;Quote;6.55;950;6.6;5
SETU26;;Market Price;2026-09-04T19:09:28.956935421Z;-5;Quote;6.55;955;6.6;5
SETU26;;Market Price;2026-09-04T19:09:31.326708317Z;-5;Quote;6.55;955;6.65;1397
SETU26;;Market Price;2026-09-04T19:09:31.331734737Z;-5;Quote;6.55;955;6.65;997
SETU26;;Market Price;2026-09-04T19:09:31.346609094Z;-5;Quote;6.55;955;6.65;597
SETU26;;Market Price;2026-09-04T19:09:31.346609094Z;-5;Quote;6.55;955;6.65;197
SETU26;;Market Price;2026-09-04T19:09:32.721401305Z;-5;Quote;6.55;955;6.65;207
SETU26;;Market Price;2026-09-04T19:09:37.461232830Z;-5;Quote;6.55;555;6.65;207
SETU26;;Market Price;2026-09-04T19:09:38.842225216Z;-5;Quote;6.55;592;6.65;207
SETU26;;Market Price;2026-09-04T19:09:43.177033657Z;-5;Quote;6.55;592;6.6;55
SETU26;;Market Price;2026-09-04T19:09:47.052009090Z;-5;Quote;6.55;592;6.6;155
SETU26;;Market Price;2026-09-04T19:09:47.906877072Z;-5;Quote;6.55;592;6.6;180
SETU26;;Market Price;2026-09-04T19:09:48.072203824Z;-5;Quote;6.55;592;6.6;205
SETU26;;Market Price;2026-09-04T19:09:55.782292712Z;-5;Quote;6.55;593;6.6;205
SETU26;;Market Price;2026-09-04T19:11:19.507148733Z;-5;Quote;6.55;43;6.6;205
SETU26;;Market Price;2026-09-04T19:11:26.342126881Z;-5;Quote;6.5;50;6.55;196
SETU26;;Market Price;2026-09-04T19:11:26.342126881Z;-5;Quote;6.5;51;6.55;196
SETU26;;Market Price;2026-09-04T19:11:26.751389493Z;-5;Quote;6.5;56;6.55;196
SETU26;;Market Price;2026-09-04T19:11:27.891825347Z;-5;Quote;6.5;56;6.55;221
SETU26;;Market Price;2026-09-04T19:11:28.671311154Z;-5;Quote;6.5;31;6.55;221
SETU26;;Market Price;2026-09-04T19:11:28.671311154Z;-5;Quote;6.5;32;6.55;221
SETU26;;Market Price;2026-09-04T19:11:34.656913144Z;-5;Quote;6.5;32;6.55;271
SETU26;;Market Price;2026-09-04T19:11:35.526336317Z;-5;Quote;6.5;32;6.55;221
SETU26;;Market Price;2026-09-04T19:11:36.867128810Z;-5;Quote;6.5;139;6.55;221
SETU26;;Market Price;2026-09-04T19:11:54.021626987Z;-5;Quote;6.5;146;6.55;221
SETU26;;Market Price;2026-09-04T19:12:00.006564114Z;-5;Quote;6.5;141;6.55;221
SETU26;;Market Price;2026-09-04T19:12:12.961441981Z;-5;Quote;6.5;140;6.55;221
SETU26;;Market Price;2026-09-04T19:12:12.961441981Z;-5;Quote;6.5;139;6.55;221
SETU26;;Market Price;2026-09-04T19:12:12.986273687Z;-5;Quote;6.5;139;6.55;219
SETU26;;Market Price;2026-09-04T19:12:34.347042885Z;-5;Quote;6.5;122;6.55;219
SETU26;;Market Price;2026-09-04T19:12:40.236212076Z;-5;Quote;6.5;122;6.55;234
SETU26;;Market Price;2026-09-04T19:12:49.831689937Z;-5;Quote;6.5;115;6.55;234
SETU26;;Market Price;2026-09-04T19:12:49.831689937Z;-5;Quote;6.5;110;6.55;234
SETU26;;Market Price;2026-09-04T19:12:49.831689937Z;-5;Quote;6.5;105;6.55;234
SETU26;;Market Price;2026-09-04T19:12:56.592152838Z;-5;Quote;6.5;50;6.55;234
SETU26;;Market Price;2026-09-04T19:12:56.592152838Z;-5;Quote;6.5;52;6.55;234
SETU26;;Market Price;2026-09-04T19:13:17.811688197Z;-5;Quote;6.45;620;6.5;78
SETU26;;Market Price;2026-09-04T19:13:17.811688197Z;-5;Quote;6.45;620;6.5;76
SETU26;;Market Price;2026-09-04T19:13:17.932172808Z;-5;Quote;6.45;620;6.5;101
SETU26;;Market Price;2026-09-04T19:13:24.531665587Z;-5;Quote;6.45;620;6.5;201
SETU26;;Market Price;2026-09-04T19:14:23.386903626Z;-5;Quote;6.45;620;6.5;395
SETU26;;Market Price;2026-09-04T19:14:35.241814021Z;-5;Quote;6.45;620;6.5;201
SETU26;;Market Price;2026-09-04T19:14:52.501737467Z;-5;Quote;6.45;426;6.5;201
SETU26;;Market Price;2026-09-04T19:14:57.101567120Z;-5;Quote;6.45;426;6.5;195
SETU26;;Market Price;2026-09-04T19:14:57.281782123Z;-5;Quote;6.45;401;6.5;195
SETU26;;Market Price;2026-09-04T19:15:15.492019456Z;-5;Quote;6.45;401;6.5;245
SETU26;;Market Price;2026-09-04T19:15:31.092082031Z;-5;Quote;6.45;398;6.5;245
SETU26;;Market Price;2026-09-04T19:15:31.131906144Z;-5;Quote;6.45;395;6.5;245
SETU26;;Market Price;2026-09-04T19:15:31.136884311Z;-5;Quote;6.45;396;6.5;245
SETU26;;Market Price;2026-09-04T19:16:08.142157013Z;-5;Quote;6.45;21;6.5;245
SETU26;;Market Price;2026-09-04T19:16:08.211882081Z;-5;Quote;6.45;20;6.5;245
SETU26;;Market Price;2026-09-04T19:16:10.331911111Z;-5;Quote;6.4;24;6.5;245
SETU26;;Market Price;2026-09-04T19:16:10.331911111Z;-5;Quote;6.4;26;6.5;245
SETU26;;Market Price;2026-09-04T19:16:17.367333430Z;-5;Quote;6.4;26;6.45;25
SETU26;;Market Price;2026-09-04T19:16:18.631167186Z;-5;Quote;6.4;26;6.45;50
SETU26;;Market Price;2026-09-04T19:16:20.051580821Z;-5;Quote;6.4;2;6.45;50
SETU26;;Market Price;2026-09-04T19:16:31.142065341Z;-5;Quote;6.35;984;6.45;50
SETU26;;Market Price;2026-09-04T19:16:43.981878288Z;-5;Quote;6.35;984;6.45;95
SETU26;;Market Price;2026-09-04T19:16:44.241969308Z;-5;Quote;6.35;584;6.45;95
SETU26;;Market Price;2026-09-04T19:16:49.941578895Z;-5;Quote;6.35;584;6.4;15
SETU26;;Market Price;2026-09-04T19:16:52.031941465Z;-5;Quote;6.35;584;6.4;60
SETU26;;Market Price;2026-09-04T19:16:59.681728420Z;-5;Quote;6.35;584;6.4;15
SETU26;;Market Price;2026-09-04T19:17:04.636977220Z;-5;Quote;6.35;584;6.4;60
SETU26;;Market Price;2026-09-04T19:17:33.947225078Z;-5;Quote;6.35;574;6.4;60
SETU26;;Market Price;2026-09-04T19:17:36.156373147Z;-5;Quote;6.35;574;6.4;67
SETU26;;Market Price;2026-09-04T19:17:36.286926574Z;-5;Quote;6.35;574;6.4;22
SETU26;;Market Price;2026-09-04T19:18:16.481829352Z;-5;Quote;6.35;575;6.4;22
SETU26;;Market Price;2026-09-04T19:18:57.441421429Z;-5;Quote;6.35;567;6.4;22
SETU26;;Market Price;2026-09-04T19:19:07.071595739Z;-5;Quote;6.35;25;6.4;22
SETU26;;Market Price;2026-09-04T19:19:08.771412494Z;-5;Quote;6.3;800;6.4;22
SETU26;;Market Price;2026-09-04T19:19:08.807230421Z;-5;Quote;6.3;400;6.4;22
SETU26;;Market Price;2026-09-04T19:19:09.822456405Z;-5;Quote;6.3;400;6.35;25
SETU26;;Market Price;2026-09-04T19:19:09.826452322Z;-5;Quote;6.3;400;6.35;24
SETU26;;Market Price;2026-09-04T19:19:10.036401903Z;-5;Quote;6.25;1753;6.35;24
SETU26;;Market Price;2026-09-04T19:19:10.036401903Z;-5;Quote;6.25;1353;6.35;24
SETU26;;Market Price;2026-09-04T19:19:10.036401903Z;-5;Quote;6.25;953;6.35;24
SETU26;;Market Price;2026-09-04T19:19:10.071295066Z;-5;Quote;6.25;553;6.35;24
SETU26;;Market Price;2026-09-04T19:19:11.351589929Z;-5;Quote;6.25;3;6.35;24
SETU26;;Market Price;2026-09-04T19:19:19.816609362Z;-5;Quote;6.25;3;6.35;69
SETU26;;Market Price;2026-09-04T19:19:57.091762427Z;-5;Quote;6.2;3371;6.35;69
SETU26;;Market Price;2026-09-04T19:19:57.106701163Z;-5;Quote;6.2;2971;6.35;69
SETU26;;Market Price;2026-09-04T19:19:57.106701163Z;-5;Quote;6.2;2971;6.35;469
SETU26;;Market Price;2026-09-04T19:19:57.111661871Z;-5;Quote;6.2;2571;6.35;469
SETU26;;Market Price;2026-09-04T19:19:57.111661871Z;-5;Quote;6.2;2571;6.35;869
SETU26;;Market Price;2026-09-04T19:19:57.131565623Z;-5;Quote;6.2;2171;6.35;869
SETU26;;Market Price;2026-09-04T19:19:57.151224068Z;-5;Quote;6.2;1771;6.35;869
SETU26;;Market Price;2026-09-04T19:19:57.166426494Z;-5;Quote;6.2;2171;6.35;869
SETU26;;Market Price;2026-09-04T19:19:58.137125556Z;-5;Quote;6.2;2174;6.35;869
SETU26;;Market Price;2026-09-04T19:19:58.137125556Z;-5;Quote;6.2;2574;6.35;869
SETU26;;Market Price;2026-09-04T19:20:00.016945341Z;-5;Quote;6.2;2174;6.35;869
SETU26;;Market Price;2026-09-04T19:20:09.427234173Z;-5;Quote;6.2;2174;6.35;889
SETU26;;Market Price;2026-09-04T19:20:13.726280779Z;-5;Quote;6.2;2174;6.3;10
SETU26;;Market Price;2026-09-04T19:20:13.726280779Z;-5;Quote;6.2;1774;6.3;10
SETU26;;Market Price;2026-09-04T19:20:13.726280779Z;-5;Quote;6.2;1774;6.3;55
SETU26;;Market Price;2026-09-04T19:20:13.747313952Z;-5;Quote;6.2;1374;6.3;55
SETU26;;Market Price;2026-09-04T19:20:13.772190439Z;-5;Quote;6.2;974;6.3;55
SETU26;;Market Price;2026-09-04T19:20:25.791726784Z;-5;Quote;6.2;424;6.3;55
SETU26;;Market Price;2026-09-04T19:20:26.651606392Z;-5;Quote;6.2;424;6.3;10
SETU26;;Market Price;2026-09-04T19:20:27.801803141Z;-5;Quote;6.2;424;6.3;11
SETU26;;Market Price;2026-09-04T19:20:39.331365019Z;-5;Quote;6.2;424;6.25;103
SETU26;;Market Price;2026-09-04T19:20:39.331365019Z;-5;Quote;6.2;24;6.25;103
SETU26;;Market Price;2026-09-04T19:20:41.856329104Z;-5;Quote;6.25;22;6.3;3211
SETU26;;Market Price;2026-09-04T19:20:41.856329104Z;-5;Quote;6.25;22;6.3;2811
SETU26;;Market Price;2026-09-04T19:20:41.856329104Z;-5;Quote;6.25;25;6.3;2811
SETU26;;Market Price;2026-09-04T19:20:41.856329104Z;-5;Quote;6.25;25;6.3;2411
SETU26;;Market Price;2026-09-04T19:20:41.856329104Z;-5;Quote;6.25;28;6.3;2411
SETU26;;Market Price;2026-09-04T19:20:41.856329104Z;-5;Quote;6.25;25;6.3;2411
SETU26;;Market Price;2026-09-04T19:20:41.856329104Z;-5;Quote;6.25;28;6.3;2411
SETU26;;Market Price;2026-09-04T19:20:41.856329104Z;-5;Quote;6.25;13;6.3;2411
SETU26;;Market Price;2026-09-04T19:20:41.856329104Z;-5;Quote;6.25;13;6.3;2811
SETU26;;Market Price;2026-09-04T19:20:41.866228579Z;-5;Quote;6.25;13;6.3;2411
SETU26;;Market Price;2026-09-04T19:20:41.866228579Z;-5;Quote;6.25;13;6.3;2011
SETU26;;Market Price;2026-09-04T19:20:41.871315879Z;-5;Quote;6.25;13;6.3;1611
SETU26;;Market Price;2026-09-04T19:20:41.872276993Z;-5;Quote;6.25;13;6.3;1211
SETU26;;Market Price;2026-09-04T19:20:41.897190774Z;-5;Quote;6.25;13;6.3;811
SETU26;;Market Price;2026-09-04T19:20:41.907138566Z;-5;Quote;6.25;13;6.3;411
SETU26;;Market Price;2026-09-04T19:20:42.006711553Z;-5;Quote;6.25;14;6.3;411
SETU26;;Market Price;2026-09-04T19:20:42.167023833Z;-5;Quote;6.25;25;6.3;411
SETU26;;Market Price;2026-09-04T19:20:42.267279230Z;-5;Quote;6.25;15;6.3;411
SETU26;;Market Price;2026-09-04T19:20:42.326998023Z;-5;Quote;6.25;16;6.3;411
SETU26;;Market Price;2026-09-04T19:20:42.416636678Z;-5;Quote;6.25;19;6.3;411
SETU26;;Market Price;2026-09-04T19:21:40.642378597Z;-5;Quote;6.25;16;6.3;411
SETU26;;Market Price;2026-09-04T19:21:55.192223322Z;-5;Quote;6.25;5;6.3;411
SETU26;;Market Price;2026-09-04T19:22:33.751272641Z;-5;Quote;6.25;5;6.3;166
SETU26;;Market Price;2026-09-04T19:22:33.751272641Z;-5;Quote;6.25;13;6.3;166
SETU26;;Market Price;2026-09-04T19:22:33.772343457Z;-5;Quote;6.25;13;6.3;161
SETU26;;Market Price;2026-09-04T19:22:43.822388655Z;-5;Quote;6.25;22;6.3;161
SETU26;;Market Price;2026-09-04T19:22:45.027357753Z;-5;Quote;6.25;27;6.3;161
SETU26;;Market Price;2026-09-04T19:22:45.027357753Z;-5;Quote;6.25;28;6.3;161
SETU26;;Market Price;2026-09-04T19:22:45.052314368Z;-5;Quote;6.25;27;6.3;161
SETU26;;Market Price;2026-09-04T19:22:46.226921731Z;-5;Quote;6.25;17;6.3;161
SETU26;;Market Price;2026-09-04T19:22:46.226921731Z;-5;Quote;6.25;18;6.3;161
SETU26;;Market Price;2026-09-04T19:22:47.927334060Z;-5;Quote;6.25;18;6.3;156
SETU26;;Market Price;2026-09-04T19:22:56.626658260Z;-5;Quote;6.25;19;6.3;156
SETU26;;Market Price;2026-09-04T19:23:09.437242679Z;-5;Quote;6.25;18;6.3;156
SETU26;;Market Price;2026-09-04T19:23:09.462201460Z;-5;Quote;6.25;18;6.3;155
SETU26;;Market Price;2026-09-04T19:23:17.796574607Z;-5;Quote;6.25;18;6.3;165
SETU26;;Market Price;2026-09-04T19:23:19.531660209Z;-5;Quote;6.25;18;6.3;10
SETU26;;Market Price;2026-09-04T19:23:30.332216454Z;-5;Quote;6.2;820;6.3;10
SETU26;;Market Price;2026-09-04T19:23:30.332216454Z;-5;Quote;6.2;420;6.3;10
SETU26;;Market Price;2026-09-04T19:23:30.376947455Z;-5;Quote;6.2;20;6.3;10
SETU26;;Market Price;2026-09-04T19:23:38.281351893Z;-5;Quote;6.2;8;6.3;10
SETU26;;Market Price;2026-09-04T19:23:38.281351893Z;-5;Quote;6.2;9;6.3;10
SETU26;;Market Price;2026-09-04T19:23:40.331799811Z;-5;Quote;6.15;3701;6.3;10
SETU26;;Market Price;2026-09-04T19:23:40.331799811Z;-5;Quote;6.15;3301;6.3;10
SETU26;;Market Price;2026-09-04T19:23:40.331799811Z;-5;Quote;6.15;3301;6.3;410
SETU26;;Market Price;2026-09-04T19:23:40.341752621Z;-5;Quote;6.15;2901;6.3;410
SETU26;;Market Price;2026-09-04T19:23:40.341752621Z;-5;Quote;6.15;2901;6.3;810
SETU26;;Market Price;2026-09-04T19:23:40.346224440Z;-5;Quote;6.15;2501;6.3;810
SETU26;;Market Price;2026-09-04T19:23:40.346803185Z;-5;Quote;6.15;2101;6.3;810
SETU26;;Market Price;2026-09-04T19:23:40.346803185Z;-5;Quote;6.15;2101;6.3;1210
SETU26;;Market Price;2026-09-04T19:23:40.366717569Z;-5;Quote;6.15;1701;6.3;1210
SETU26;;Market Price;2026-09-04T19:23:40.386621544Z;-5;Quote;6.15;1301;6.3;1210
SETU26;;Market Price;2026-09-04T19:23:40.561790369Z;-5;Quote;6.15;1303;6.3;1210
SETU26;;Market Price;2026-09-04T19:23:41.386885852Z;-5;Quote;6.15;1703;6.3;1210
SETU26;;Market Price;2026-09-04T19:23:41.406882096Z;-5;Quote;6.15;1303;6.3;1210
SETU26;;Market Price;2026-09-04T19:23:42.417110960Z;-5;Quote;6.15;1703;6.3;1210
SETU26;;Market Price;2026-09-04T19:23:42.442115728Z;-5;Quote;6.15;1303;6.3;1210
SETU26;;Market Price;2026-09-04T19:23:43.446951908Z;-5;Quote;6.15;1703;6.3;1210
SETU26;;Market Price;2026-09-04T19:23:43.466846696Z;-5;Quote;6.15;1303;6.3;1210
SETU26;;Market Price;2026-09-04T19:23:44.057207809Z;-5;Quote;6.15;802;6.3;1210
SETU26;;Market Price;2026-09-04T19:23:44.057207809Z;-5;Quote;6.15;402;6.3;1210
SETU26;;Market Price;2026-09-04T19:23:44.057207809Z;-5;Quote;6.15;402;6.3;1610
SETU26;;Market Price;2026-09-04T19:23:45.091291707Z;-5;Quote;6.15;402;6.3;2010
SETU26;;Market Price;2026-09-04T19:23:47.641593655Z;-5;Quote;6.15;402;6.3;2560
SETU26;;Market Price;2026-09-04T19:23:47.656596582Z;-5;Quote;6.15;402;6.3;2960
SETU26;;Market Price;2026-09-04T19:23:48.612114925Z;-5;Quote;6.15;402;6.3;2560
SETU26;;Market Price;2026-09-04T19:23:48.626221755Z;-5;Quote;6.15;402;6.3;2160
SETU26;;Market Price;2026-09-04T19:23:50.541371124Z;-5;Quote;6.15;402;6.3;2180
SETU26;;Market Price;2026-09-04T19:23:59.726961413Z;-5;Quote;6.15;398;6.3;2180
SETU26;;Market Price;2026-09-04T19:24:02.556905612Z;-5;Quote;6.2;250;6.3;2180
SETU26;;Market Price;2026-09-04T19:24:02.556905612Z;-5;Quote;6.2;250;6.3;1780
SETU26;;Market Price;2026-09-04T19:24:02.556905612Z;-5;Quote;6.2;250;6.3;1380
SETU26;;Market Price;2026-09-04T19:24:02.556905612Z;-5;Quote;6.2;250;6.3;980
SETU26;;Market Price;2026-09-04T19:24:02.596716602Z;-5;Quote;6.2;250;6.3;580
SETU26;;Market Price;2026-09-04T19:24:02.606684525Z;-5;Quote;6.2;252;6.3;580
SETU26;;Market Price;2026-09-04T19:24:04.476318987Z;-5;Quote;6.2;252;6.25;25
SETU26;;Market Price;2026-09-04T19:24:04.476318987Z;-5;Quote;6.2;250;6.25;25
SETU26;;Market Price;2026-09-04T19:24:04.527192650Z;-5;Quote;6.2;250;6.25;23
SETU26;;Market Price;2026-09-04T19:24:11.826847559Z;-5;Quote;6.2;250;6.25;48
SETU26;;Market Price;2026-09-04T19:24:16.436212546Z;-5;Quote;6.2;250;6.25;73
SETU26;;Market Price;2026-09-04T19:24:20.546684145Z;-5;Quote;6.2;250;6.25;93
SETU26;;Market Price;2026-09-04T19:24:30.141967962Z;-5;Quote;6.25;153;6.3;1780
SETU26;;Market Price;2026-09-04T19:24:30.141967962Z;-5;Quote;6.25;153;6.3;1380
SETU26;;Market Price;2026-09-04T19:24:30.141967962Z;-5;Quote;6.25;156;6.3;1380
SETU26;;Market Price;2026-09-04T19:24:30.156977811Z;-5;Quote;6.25;156;6.3;980
SETU26;;Market Price;2026-09-04T19:24:30.156977811Z;-5;Quote;6.25;156;6.3;580
SETU26;;Market Price;2026-09-04T19:24:32.127356791Z;-5;Quote;6.25;156;6.3;560
SETU26;;Market Price;2026-09-04T19:24:34.432266715Z;-5;Quote;6.25;156;6.3;10
SETU26;;Market Price;2026-09-04T19:24:34.432266715Z;-5;Quote;6.25;153;6.3;10
SETU26;;Market Price;2026-09-04T19:24:34.481921874Z;-5;Quote;6.25;153;6.3;7
SETU26;;Market Price;2026-09-04T19:24:39.822217884Z;-5;Quote;6.25;153;6.3;32
SETU26;;Market Price;2026-09-04T19:24:40.011325862Z;-5;Quote;6.3;18;6.35;1350
SETU26;;Market Price;2026-09-04T19:24:40.016383157Z;-5;Quote;6.3;19;6.35;1350
SETU26;;Market Price;2026-09-04T19:24:40.026285028Z;-5;Quote;6.3;19;6.35;950
SETU26;;Market Price;2026-09-04T19:24:40.032277688Z;-5;Quote;6.3;19;6.35;550
SETU26;;Market Price;2026-09-04T19:24:42.756831101Z;-5;Quote;6.3;19;6.4;5015
SETU26;;Market Price;2026-09-04T19:24:42.756831101Z;-5;Quote;6.3;19;6.4;4615
SETU26;;Market Price;2026-09-04T19:24:42.756831101Z;-5;Quote;6.3;19;6.4;4215
SETU26;;Market Price;2026-09-04T19:24:42.756831101Z;-5;Quote;6.3;19;6.4;3665
SETU26;;Market Price;2026-09-04T19:24:42.756831101Z;-5;Quote;6.3;19;6.4;3115
SETU26;;Market Price;2026-09-04T19:24:42.756831101Z;-5;Quote;6.3;19;6.4;2715
SETU26;;Market Price;2026-09-04T19:24:42.756831101Z;-5;Quote;6.3;19;6.4;2165
SETU26;;Market Price;2026-09-04T19:24:42.756831101Z;-5;Quote;6.3;19;6.4;1615
SETU26;;Market Price;2026-09-04T19:24:42.771797309Z;-5;Quote;6.3;19;6.4;1215
SETU26;;Market Price;2026-09-04T19:24:42.771797309Z;-5;Quote;6.3;19;6.4;815
SETU26;;Market Price;2026-09-04T19:24:42.771797309Z;-5;Quote;6.3;19;6.4;415
SETU26;;Market Price;2026-09-04T19:24:42.806547639Z;-5;Quote;6.3;19;6.4;15
SETU26;;Market Price;2026-09-04T19:24:45.662177319Z;-5;Quote;6.3;19;6.4;40
SETU26;;Market Price;2026-09-04T19:24:49.376405724Z;-5;Quote;6.3;19;6.4;65
SETU26;;Market Price;2026-09-04T19:24:50.901394535Z;-5;Quote;6.3;19;6.4;40
SETU26;;Market Price;2026-09-04T19:24:53.786254373Z;-5;Quote;6.3;19;6.4;90
SETU26;;Market Price;2026-09-04T19:24:56.511464603Z;-5;Quote;6.3;19;6.4;640
SETU26;;Market Price;2026-09-04T19:24:57.862132769Z;-5;Quote;6.25;2929;6.4;640
SETU26;;Market Price;2026-09-04T19:24:57.862132769Z;-5;Quote;6.25;2529;6.4;640
SETU26;;Market Price;2026-09-04T19:24:57.862132769Z;-5;Quote;6.25;2529;6.4;1040
SETU26;;Market Price;2026-09-04T19:24:57.872084066Z;-5;Quote;6.25;2129;6.4;1040
SETU26;;Market Price;2026-09-04T19:24:57.872084066Z;-5;Quote;6.25;2129;6.4;1440
SETU26;;Market Price;2026-09-04T19:24:57.877147462Z;-5;Quote;6.25;1729;6.4;1440
SETU26;;Market Price;2026-09-04T19:24:57.897065353Z;-5;Quote;6.25;1329;6.4;1440
SETU26;;Market Price;2026-09-04T19:24:57.897065353Z;-5;Quote;6.25;929;6.4;1440
SETU26;;Market Price;2026-09-04T19:24:57.897065353Z;-5;Quote;6.25;929;6.4;1840
SETU26;;Market Price;2026-09-04T19:24:57.911922308Z;-5;Quote;6.25;529;6.4;1840
SETU26;;Market Price;2026-09-04T19:24:58.216572955Z;-5;Quote;6.25;530;6.4;1840
SETU26;;Market Price;2026-09-04T19:24:58.952060891Z;-5;Quote;6.25;530;6.4;2240
SETU26;;Market Price;2026-09-04T19:25:00.012216911Z;-5;Quote;6.25;536;6.4;2240
SETU26;;Market Price;2026-09-04T19:25:05.017299449Z;-5;Quote;6.3;6;6.4;2240
SETU26;;Market Price;2026-09-04T19:25:05.017299449Z;-5;Quote;6.3;6;6.4;1840
SETU26;;Market Price;2026-09-04T19:25:05.017299449Z;-5;Quote;6.3;6;6.4;1440
SETU26;;Market Price;2026-09-04T19:25:05.017299449Z;-5;Quote;6.3;6;6.4;1040
SETU26;;Market Price;2026-09-04T19:25:05.062019333Z;-5;Quote;6.3;6;6.4;640
SETU26;;Market Price;2026-09-04T19:25:05.068073341Z;-5;Quote;6.3;7;6.4;640
SETU26;;Market Price;2026-09-04T19:25:08.446530643Z;-5;Quote;6.3;7;6.4;90
SETU26;;Market Price;2026-09-04T19:25:15.016627991Z;-5;Quote;6.35;6;6.4;90
SETU26;;Market Price;2026-09-04T19:25:15.066400413Z;-5;Quote;6.35;7;6.4;90
SETU26;;Market Price;2026-09-04T19:25:19.186903435Z;-5;Quote;6.25;3479;6.4;90
SETU26;;Market Price;2026-09-04T19:25:19.201915256Z;-5;Quote;6.25;3079;6.4;90
SETU26;;Market Price;2026-09-04T19:25:19.201915256Z;-5;Quote;6.25;3079;6.4;490
SETU26;;Market Price;2026-09-04T19:25:19.206808518Z;-5;Quote;6.25;2679;6.4;490
SETU26;;Market Price;2026-09-04T19:25:19.226723113Z;-5;Quote;6.25;2279;6.4;490
SETU26;;Market Price;2026-09-04T19:25:19.241724560Z;-5;Quote;6.25;1879;6.4;490
SETU26;;Market Price;2026-09-04T19:25:20.242020185Z;-5;Quote;6.25;2279;6.4;490
SETU26;;Market Price;2026-09-04T19:25:28.116423260Z;-5;Quote;6.25;2285;6.4;490
SETU26;;Market Price;2026-09-04T19:25:33.122158335Z;-5;Quote;6.3;6;6.4;490
SETU26;;Market Price;2026-09-04T19:25:33.122158335Z;-5;Quote;6.3;6;6.4;90
SETU26;;Market Price;2026-09-04T19:25:38.252250484Z;-5;Quote;6.3;11;6.4;90
SETU26;;Market Price;2026-09-04T19:25:40.362012141Z;-5;Quote;6.3;6;6.4;85
SETU26;;Market Price;2026-09-04T19:25:40.371973867Z;-5;Quote;6.3;6;6.45;3350
SETU26;;Market Price;2026-09-04T19:25:40.371973867Z;-5;Quote;6.3;6;6.45;2950
SETU26;;Market Price;2026-09-04T19:25:40.371973867Z;-5;Quote;6.3;406;6.45;2950
SETU26;;Market Price;2026-09-04T19:25:40.371973867Z;-5;Quote;6.3;6;6.45;2950
SETU26;;Market Price;2026-09-04T19:25:40.371973867Z;-5;Quote;6.3;6;6.45;3350
SETU26;;Market Price;2026-09-04T19:25:40.371973867Z;-5;Quote;6.3;9;6.45;3350
SETU26;;Market Price;2026-09-04T19:25:40.381826645Z;-5;Quote;6.4;5;6.45;3350
SETU26;;Market Price;2026-09-04T19:25:40.381826645Z;-5;Quote;6.4;5;6.45;2950
SETU26;;Market Price;2026-09-04T19:25:40.386921574Z;-5;Quote;6.4;5;6.45;2550
SETU26;;Market Price;2026-09-04T19:25:40.386921574Z;-5;Quote;6.4;5;6.45;2150
SETU26;;Market Price;2026-09-04T19:25:40.416345176Z;-5;Quote;6.4;5;6.45;1750
SETU26;;Market Price;2026-09-04T19:25:40.426318423Z;-5;Quote;6.4;5;6.45;1350
SETU26;;Market Price;2026-09-04T19:25:40.426318423Z;-5;Quote;6.4;5;6.45;950
SETU26;;Market Price;2026-09-04T19:25:40.502070144Z;-5;Quote;6.4;8;6.45;950
SETU26;;Market Price;2026-09-04T19:25:40.811717023Z;-5;Quote;6.4;8;6.45;550
SETU26;;Market Price;2026-09-04T19:25:43.122276594Z;-5;Quote;6.4;14;6.45;550
SETU26;;Market Price;2026-09-04T19:25:44.746597246Z;-5;Quote;6.4;14;6.5;5070
SETU26;;Market Price;2026-09-04T19:25:44.746597246Z;-5;Quote;6.4;14;6.5;4520
SETU26;;Market Price;2026-09-04T19:25:44.746597246Z;-5;Quote;6.4;14;6.5;4120
SETU26;;Market Price;2026-09-04T19:25:44.746597246Z;-5;Quote;6.4;14;6.5;3570
SETU26;;Market Price;2026-09-04T19:25:44.746597246Z;-5;Quote;6.4;14;6.5;3020
SETU26;;Market Price;2026-09-04T19:25:44.746597246Z;-5;Quote;6.4;14;6.5;2620
SETU26;;Market Price;2026-09-04T19:25:44.746597246Z;-5;Quote;6.4;14;6.5;2070
SETU26;;Market Price;2026-09-04T19:25:44.761453422Z;-5;Quote;6.4;14;6.5;1670
SETU26;;Market Price;2026-09-04T19:25:44.761453422Z;-5;Quote;6.4;14;6.5;1270
SETU26;;Market Price;2026-09-04T19:25:44.761453422Z;-5;Quote;6.4;14;6.5;870
SETU26;;Market Price;2026-09-04T19:25:44.791314517Z;-5;Quote;6.4;14;6.5;470
SETU26;;Market Price;2026-09-04T19:25:44.822254853Z;-5;Quote;6.4;14;6.5;70
SETU26;;Market Price;2026-09-04T19:25:46.806651751Z;-5;Quote;6.4;14;6.5;620
SETU26;;Market Price;2026-09-04T19:25:53.557002221Z;-5;Quote;6.4;11;6.5;620
SETU26;;Market Price;2026-09-04T19:25:53.581974430Z;-5;Quote;6.4;11;6.5;617
SETU26;;Market Price;2026-09-04T19:25:56.227097718Z;-5;Quote;6.4;11;6.5;611
SETU26;;Market Price;2026-09-04T19:26:08.867096017Z;-5;Quote;6.4;11;6.5;617
SETU26;;Market Price;2026-09-04T19:26:08.887024135Z;-5;Quote;6.4;144;6.5;617
SETU26;;Market Price;2026-09-04T19:26:22.231427148Z;-5;Quote;6.4;91;6.5;617
SETU26;;Market Price;2026-09-04T19:26:22.231427148Z;-5;Quote;6.4;93;6.5;617
SETU26;;Market Price;2026-09-04T19:26:22.242327719Z;-5;Quote;6.4;98;6.5;617
SETU26;;Market Price;2026-09-04T19:26:22.376755105Z;-5;Quote;6.4;78;6.5;617
SETU26;;Market Price;2026-09-04T19:26:24.332036893Z;-5;Quote;6.4;84;6.5;617
SETU26;;Market Price;2026-09-04T19:26:29.811249310Z;-5;Quote;6.45;55;6.5;617
SETU26;;Market Price;2026-09-04T19:26:29.861280306Z;-5;Quote;6.45;57;6.5;617
SETU26;;Market Price;2026-09-04T19:26:32.377019598Z;-5;Quote;6.45;37;6.5;617
SETU26;;Market Price;2026-09-04T19:26:32.377019598Z;-5;Quote;6.45;38;6.5;617
SETU26;;Market Price;2026-09-04T19:26:34.336522764Z;-5;Quote;6.45;44;6.5;617
SETU26;;Market Price;2026-09-04T19:26:37.186684211Z;-5;Quote;6.45;45;6.5;617
SETU26;;Market Price;2026-09-04T19:26:39.486564052Z;-5;Quote;6.45;45;6.5;637
SETU26;;Market Price;2026-09-04T19:26:44.522125930Z;-5;Quote;6.45;45;6.5;87
SETU26;;Market Price;2026-09-04T19:26:52.436310657Z;-5;Quote;6.45;45;6.5;81
SETU26;;Market Price;2026-09-04T19:26:53.806395130Z;-5;Quote;6.45;8;6.5;81
SETU26;;Market Price;2026-09-04T19:26:53.806395130Z;-5;Quote;6.45;9;6.5;81
SETU26;;Market Price;2026-09-04T19:26:57.776257252Z;-5;Quote;6.45;9;6.5;131
SETU26;;Market Price;2026-09-04T19:26:58.156467523Z;-5;Quote;6.4;76;6.45;11
SETU26;;Market Price;2026-09-04T19:26:58.156467523Z;-5;Quote;6.4;76;6.45;10
SETU26;;Market Price;2026-09-04T19:27:09.092101160Z;-5;Quote;6.4;76;6.45;20
SETU26;;Market Price;2026-09-04T19:27:09.907228887Z;-5;Quote;6.4;76;6.45;30
SETU26;;Market Price;2026-09-04T19:27:10.646853847Z;-5;Quote;6.4;76;6.45;40
SETU26;;Market Price;2026-09-04T19:27:12.951982380Z;-5;Quote;6.4;77;6.45;40
SETU26;;Market Price;2026-09-04T19:27:13.952318061Z;-5;Quote;6.4;76;6.45;39
SETU26;;Market Price;2026-09-04T19:27:17.961630860Z;-5;Quote;6.4;76;6.45;38
SETU26;;Market Price;2026-09-04T19:27:18.756698167Z;-5;Quote;6.4;76;6.45;63
SETU26;;Market Price;2026-09-04T19:27:20.541913583Z;-5;Quote;6.4;82;6.45;63
SETU26;;Market Price;2026-09-04T19:27:21.966592045Z;-5;Quote;6.4;82;6.45;62
SETU26;;Market Price;2026-09-04T19:27:25.296274249Z;-5;Quote;6.4;82;6.45;52
SETU26;;Market Price;2026-09-04T19:27:25.296274249Z;-5;Quote;6.4;82;6.45;42
SETU26;;Market Price;2026-09-04T19:27:25.296274249Z;-5;Quote;6.4;82;6.45;32
SETU26;;Market Price;2026-09-04T19:27:25.296274249Z;-5;Quote;6.4;82;6.45;7
SETU26;;Market Price;2026-09-04T19:27:25.332122784Z;-5;Quote;6.4;45;6.45;7
SETU26;;Market Price;2026-09-04T19:27:25.332122784Z;-5;Quote;6.4;45;6.45;6
SETU26;;Market Price;2026-09-04T19:27:25.971417024Z;-5;Quote;6.4;46;6.45;6
SETU26;;Market Price;2026-09-04T19:27:26.972252650Z;-5;Quote;6.4;45;6.45;5
SETU26;;Market Price;2026-09-04T19:27:29.977182932Z;-5;Quote;6.4;46;6.45;5
SETU26;;Market Price;2026-09-04T19:27:30.976431875Z;-5;Quote;6.4;45;6.45;4
SETU26;;Market Price;2026-09-04T19:27:31.642090873Z;-5;Quote;6.4;70;6.45;4
SETU26;;Market Price;2026-09-04T19:27:31.686895982Z;-5;Quote;6.4;70;6.45;6
SETU26;;Market Price;2026-09-04T19:27:34.981870587Z;-5;Quote;6.4;70;6.45;5
SETU26;;Market Price;2026-09-04T19:27:36.001593528Z;-5;Quote;6.4;45;6.45;5
SETU26;;Market Price;2026-09-04T19:27:37.462182154Z;-5;Quote;6.4;45;6.45;30
SETU26;;Market Price;2026-09-04T19:27:38.986554942Z;-5;Quote;6.4;45;6.45;29
SETU26;;Market Price;2026-09-04T19:27:40.181867646Z;-5;Quote;6.4;45;6.45;54
SETU26;;Market Price;2026-09-04T19:27:41.491936369Z;-5;Quote;6.4;25;6.45;54
SETU26;;Market Price;2026-09-04T19:27:41.496857434Z;-5;Quote;6.4;25;6.45;99
SETU26;;Market Price;2026-09-04T19:27:41.731488525Z;-5;Quote;6.4;25;6.45;54
SETU26;;Market Price;2026-09-04T19:27:42.992168394Z;-5;Quote;6.4;26;6.45;54
SETU26;;Market Price;2026-09-04T19:27:43.996648638Z;-5;Quote;6.4;25;6.45;53
SETU26;;Market Price;2026-09-04T19:27:47.001935904Z;-5;Quote;6.4;26;6.45;53
SETU26;;Market Price;2026-09-04T19:27:48.001560229Z;-5;Quote;6.4;25;6.45;52
SETU26;;Market Price;2026-09-04T19:27:48.646674583Z;-5;Quote;6.4;25;6.45;46
SETU26;;Market Price;2026-09-04T19:27:48.651709615Z;-5;Quote;6.4;26;6.45;46
SETU26;;Market Price;2026-09-04T19:27:52.006911693Z;-5;Quote;6.4;26;6.45;45
SETU26;;Market Price;2026-09-04T19:27:54.181419622Z;-5;Quote;6.4;25;6.45;45
SETU26;;Market Price;2026-09-04T19:27:56.011499583Z;-5;Quote;6.4;25;6.45;44
SETU26;;Market Price;2026-09-04T19:27:56.632066221Z;-5;Quote;6.4;55;6.45;44
SETU26;;Market Price;2026-09-04T19:28:00.036559244Z;-5;Quote;6.4;55;6.45;43
SETU26;;Market Price;2026-09-04T19:28:01.722296052Z;-5;Quote;6.4;55;6.45;136
SETU26;;Market Price;2026-09-04T19:28:04.027185741Z;-5;Quote;6.4;56;6.45;136
SETU26;;Market Price;2026-09-04T19:28:05.031960985Z;-5;Quote;6.4;55;6.45;135
SETU26;;Market Price;2026-09-04T19:28:08.031530147Z;-5;Quote;6.4;56;6.45;135
SETU26;;Market Price;2026-09-04T19:28:09.036709013Z;-5;Quote;6.4;55;6.45;134
SETU26;;Market Price;2026-09-04T19:28:13.041737320Z;-5;Quote;6.4;55;6.45;133
SETU26;;Market Price;2026-09-04T19:28:13.691778110Z;-5;Quote;6.4;55;6.45;135
SETU26;;Market Price;2026-09-04T19:28:16.757169818Z;-5;Quote;6.4;55;6.45;129
SETU26;;Market Price;2026-09-04T19:28:17.046902683Z;-5;Quote;6.4;55;6.45;128
SETU26;;Market Price;2026-09-04T19:28:18.226356454Z;-5;Quote;6.4;55;6.45;120
SETU26;;Market Price;2026-09-04T19:28:18.226356454Z;-5;Quote;6.4;55;6.45;95
SETU26;;Market Price;2026-09-04T19:28:21.051459178Z;-5;Quote;6.4;56;6.45;95
SETU26;;Market Price;2026-09-04T19:28:22.057045948Z;-5;Quote;6.4;55;6.45;94
SETU26;;Market Price;2026-09-04T19:28:22.111877608Z;-5;Quote;6.4;55;6.45;92
SETU26;;Market Price;2026-09-04T19:28:22.262227076Z;-5;Quote;6.4;55;6.45;89
SETU26;;Market Price;2026-09-04T19:28:22.262227076Z;-5;Quote;6.4;55;6.45;86
SETU26;;Market Price;2026-09-04T19:28:22.262227076Z;-5;Quote;6.4;55;6.45;84
SETU26;;Market Price;2026-09-04T19:28:23.111408109Z;-5;Quote;6.4;55;6.45;83
SETU26;;Market Price;2026-09-04T19:28:25.061898338Z;-5;Quote;6.4;56;6.45;83
SETU26;;Market Price;2026-09-04T19:28:26.061463233Z;-5;Quote;6.4;55;6.45;82
SETU26;;Market Price;2026-09-04T19:28:26.061463233Z;-5;Quote;6.4;56;6.45;82
SETU26;;Market Price;2026-09-04T19:28:30.066719038Z;-5;Quote;6.4;56;6.45;81
SETU26;;Market Price;2026-09-04T19:28:34.071670612Z;-5;Quote;6.4;56;6.45;80
SETU26;;Market Price;2026-09-04T19:28:37.671446552Z;-5;Quote;6.4;55;6.45;80
SETU26;;Market Price;2026-09-04T19:28:37.671446552Z;-5;Quote;6.4;54;6.45;80
SETU26;;Market Price;2026-09-04T19:28:37.696389316Z;-5;Quote;6.4;54;6.45;78
SETU26;;Market Price;2026-09-04T19:28:38.076698172Z;-5;Quote;6.4;54;6.45;77
SETU26;;Market Price;2026-09-04T19:28:42.081516997Z;-5;Quote;6.4;55;6.45;77
SETU26;;Market Price;2026-09-04T19:28:43.086679920Z;-5;Quote;6.4;54;6.45;76
SETU26;;Market Price;2026-09-04T19:28:43.286843753Z;-5;Quote;6.4;54;6.45;67
SETU26;;Market Price;2026-09-04T19:28:44.861403717Z;-5;Quote;6.4;54;6.45;61
SETU26;;Market Price;2026-09-04T19:28:46.086369445Z;-5;Quote;6.4;55;6.45;61
SETU26;;Market Price;2026-09-04T19:28:47.091737081Z;-5;Quote;6.4;54;6.45;60
SETU26;;Market Price;2026-09-04T19:28:47.841999334Z;-5;Quote;6.4;54;6.45;57
SETU26;;Market Price;2026-09-04T19:28:47.866949696Z;-5;Quote;6.4;54;6.45;56
SETU26;;Market Price;2026-09-04T19:28:47.866949696Z;-5;Quote;6.4;54;6.45;55
SETU26;;Market Price;2026-09-04T19:28:47.896853254Z;-5;Quote;6.4;54;6.45;54
SETU26;;Market Price;2026-09-04T19:28:51.097130700Z;-5;Quote;6.4;54;6.45;53
SETU26;;Market Price;2026-09-04T19:28:55.101569661Z;-5;Quote;6.4;54;6.45;52
SETU26;;Market Price;2026-09-04T19:28:56.036439988Z;-5;Quote;6.4;54;6.45;49
SETU26;;Market Price;2026-09-04T19:28:57.936897607Z;-5;Quote;6.4;54;6.45;47
SETU26;;Market Price;2026-09-04T19:28:57.936897607Z;-5;Quote;6.4;55;6.45;47
SETU26;;Market Price;2026-09-04T19:28:57.941906511Z;-5;Quote;6.4;55;6.45;46
SETU26;;Market Price;2026-09-04T19:28:59.106549977Z;-5;Quote;6.4;56;6.45;46
SETU26;;Market Price;2026-09-04T19:29:00.106979587Z;-5;Quote;6.4;55;6.45;45
SETU26;;Market Price;2026-09-04T19:29:03.112181223Z;-5;Quote;6.4;56;6.45;45
SETU26;;Market Price;2026-09-04T19:29:04.112164254Z;-5;Quote;6.4;55;6.45;44
SETU26;;Market Price;2026-09-04T19:29:08.116840212Z;-5;Quote;6.4;55;6.45;43
SETU26;;Market Price;2026-09-04T19:29:08.861749830Z;-5;Quote;6.4;55;6.45;40
SETU26;;Market Price;2026-09-04T19:29:12.071854099Z;-5;Quote;6.4;55;6.45;50
SETU26;;Market Price;2026-09-04T19:29:12.126573230Z;-5;Quote;6.4;55;6.45;49
SETU26;;Market Price;2026-09-04T19:29:12.966524233Z;-5;Quote;6.4;55;6.45;43
SETU26;;Market Price;2026-09-04T19:29:16.131909282Z;-5;Quote;6.4;55;6.45;42
SETU26;;Market Price;2026-09-04T19:29:20.142031467Z;-5;Quote;6.4;56;6.45;42
SETU26;;Market Price;2026-09-04T19:29:21.141233774Z;-5;Quote;6.4;55;6.45;41
SETU26;;Market Price;2026-09-04T19:29:24.146769868Z;-5;Quote;6.4;56;6.45;41
SETU26;;Market Price;2026-09-04T19:29:25.151664719Z;-5;Quote;6.4;55;6.45;40
SETU26;;Market Price;2026-09-04T19:29:27.846498530Z;-5;Quote;6.4;55;6.45;37
SETU26;;Market Price;2026-09-04T19:29:27.851509103Z;-5;Quote;6.4;55;6.45;34
SETU26;;Market Price;2026-09-04T19:29:29.046263739Z;-5;Quote;6.45;16;6.5;2105
SETU26;;Market Price;2026-09-04T19:29:29.046263739Z;-5;Quote;6.45;16;6.5;1705
SETU26;;Market Price;2026-09-04T19:29:29.046263739Z;-5;Quote;6.45;16;6.5;1305
SETU26;;Market Price;2026-09-04T19:29:29.046263739Z;-5;Quote;6.45;2;6.5;1305
SETU26;;Market Price;2026-09-04T19:29:29.046263739Z;-5;Quote;6.4;54;6.5;1305
SETU26;;Market Price;2026-09-04T19:29:29.046263739Z;-5;Quote;6.45;1;6.5;1305
SETU26;;Market Price;2026-09-04T19:29:29.057215106Z;-5;Quote;6.45;1;6.5;905
SETU26;;Market Price;2026-09-04T19:29:29.062158690Z;-5;Quote;6.45;1;6.5;505
SETU26;;Market Price;2026-09-04T19:29:29.062158690Z;-5;Quote;6.45;1;6.5;105
SETU26;;Market Price;2026-09-04T19:29:29.097074029Z;-5;Quote;6.45;7;6.5;105
SETU26;;Market Price;2026-09-04T19:29:29.156810448Z;-5;Quote;6.45;7;6.5;104
SETU26;;Market Price;2026-09-04T19:29:29.277299069Z;-5;Quote;6.45;2;6.5;104
SETU26;;Market Price;2026-09-04T19:29:29.431587917Z;-5;Quote;6.4;48;6.5;104
SETU26;;Market Price;2026-09-04T19:29:29.441540114Z;-5;Quote;6.4;50;6.5;104
SETU26;;Market Price;2026-09-04T19:29:33.161746313Z;-5;Quote;6.4;50;6.5;103
SETU26;;Market Price;2026-09-04T19:29:36.811820189Z;-5;Quote;6.45;13;6.5;103
SETU26;;Market Price;2026-09-04T19:29:36.861167514Z;-5;Quote;6.45;15;6.5;103
SETU26;;Market Price;2026-09-04T19:29:37.166233217Z;-5;Quote;6.45;16;6.5;103
SETU26;;Market Price;2026-09-04T19:29:38.172306578Z;-5;Quote;6.45;15;6.5;102
SETU26;;Market Price;2026-09-04T19:29:39.317050825Z;-5;Quote;6.45;15;6.5;105
SETU26;;Market Price;2026-09-04T19:29:41.071843930Z;-5;Quote;6.45;19;6.5;105
SETU26;;Market Price;2026-09-04T19:29:41.171396810Z;-5;Quote;6.45;20;6.5;105
SETU26;;Market Price;2026-09-04T19:29:42.176623981Z;-5;Quote;6.45;19;6.5;104
SETU26;;Market Price;2026-09-04T19:29:45.607102703Z;-5;Quote;6.4;35;6.45;31
SETU26;;Market Price;2026-09-04T19:29:45.607102703Z;-5;Quote;6.4;35;6.45;38
SETU26;;Market Price;2026-09-04T19:29:45.607102703Z;-5;Quote;6.4;36;6.45;38
SETU26;;Market Price;2026-09-04T19:29:46.181575769Z;-5;Quote;6.4;36;6.45;37
SETU26;;Market Price;2026-09-04T19:29:50.191483250Z;-5;Quote;6.4;36;6.45;36
SETU26;;Market Price;2026-09-04T19:29:52.716472087Z;-5;Quote;6.4;36;6.45;38
SETU26;;Market Price;2026-09-04T19:29:53.961731895Z;-5;Quote;6.4;36;6.45;39
SETU26;;Market Price;2026-09-04T19:29:54.196650731Z;-5;Quote;6.4;36;6.45;38
SETU26;;Market Price;2026-09-04T19:29:57.207159999Z;-5;Quote;6.4;35;6.45;38
SETU26;;Market Price;2026-09-04T19:29:58.201418656Z;-5;Quote;6.4;35;6.45;37
SETU26;;Market Price;2026-09-04T19:29:58.641450676Z;-5;Quote;6.4;33;6.45;37
SETU26;;Market Price;2026-09-04T19:29:59.511623128Z;-5;Quote;6.4;31;6.45;37
SETU26;;Market Price;2026-09-04T19:29:59.511623128Z;-5;Quote;6.4;30;6.45;36
SETU26;;Market Price;2026-09-04T19:29:59.521590376Z;-5;Quote;6.4;35;6.45;36
SETU26;;Market Price;2026-09-04T19:30:00.006226466Z;-5;Quote;6.4;47;6.45;36
SETU26;;Market Price;2026-09-04T19:30:00.696257253Z;-5;Quote;6.45;2;6.5;1301
SETU26;;Market Price;2026-09-04T19:30:00.696257253Z;-5;Quote;6.45;2;6.5;901
SETU26;;Market Price;2026-09-04T19:30:00.696257253Z;-5;Quote;6.4;47;6.5;901
SETU26;;Market Price;2026-09-04T19:30:00.696257253Z;-5;Quote;6.45;1;6.5;901
SETU26;;Market Price;2026-09-04T19:30:00.707252237Z;-5;Quote;6.45;1;6.5;501
SETU26;;Market Price;2026-09-04T19:30:00.712168525Z;-5;Quote;6.45;1;6.5;101
SETU26;;Market Price;2026-09-04T19:30:00.836611777Z;-5;Quote;6.4;46;6.5;101
SETU26;;Market Price;2026-09-04T19:30:01.006873460Z;-5;Quote;6.4;47;6.5;101
SETU26;;Market Price;2026-09-04T19:30:01.361658806Z;-5;Quote;6.4;47;6.5;146
SETU26;;Market Price;2026-09-04T19:30:04.291971623Z;-5;Quote;6.4;47;6.5;101
SETU26;;Market Price;2026-09-04T19:30:04.421278974Z;-5;Quote;6.4;47;6.5;146
SETU26;;Market Price;2026-09-04T19:30:05.581908090Z;-5;Quote;6.4;47;6.5;101
SETU26;;Market Price;2026-09-04T19:30:07.252141993Z;-5;Quote;6.4;47;6.5;146
SETU26;;Market Price;2026-09-04T19:30:07.581231774Z;-5;Quote;6.4;47;6.5;101
SETU26;;Market Price;2026-09-04T19:30:08.731754260Z;-5;Quote;6.4;47;6.5;146
SETU26;;Market Price;2026-09-04T19:30:22.166535960Z;-5;Quote;6.4;47;6.5;136
SETU26;;Market Price;2026-09-04T19:30:31.576580740Z;-5;Quote;6.4;45;6.5;136
SETU26;;Market Price;2026-09-04T19:30:31.926349232Z;-5;Quote;6.4;45;6.5;91
SETU26;;Market Price;2026-09-04T19:30:33.206723093Z;-5;Quote;6.4;45;6.5;136
SETU26;;Market Price;2026-09-04T19:30:33.996442253Z;-5;Quote;6.4;45;6.5;91
SETU26;;Market Price;2026-09-04T19:30:34.516928096Z;-5;Quote;6.4;45;6.5;136
SETU26;;Market Price;2026-09-04T19:30:35.331304789Z;-5;Quote;6.4;55;6.5;136
SETU26;;Market Price;2026-09-04T19:30:35.446836913Z;-5;Quote;6.4;55;6.45;45
SETU26;;Market Price;2026-09-04T19:30:35.446836913Z;-5;Quote;6.4;55;6.45;54
SETU26;;Market Price;2026-09-04T19:30:36.576766418Z;-5;Quote;6.4;49;6.45;54
SETU26;;Market Price;2026-09-04T19:30:36.576766418Z;-5;Quote;6.4;50;6.45;54
SETU26;;Market Price;2026-09-04T19:30:36.851978928Z;-5;Quote;6.4;50;6.45;52
SETU26;;Market Price;2026-09-04T19:30:36.851978928Z;-5;Quote;6.4;50;6.45;51
SETU26;;Market Price;2026-09-04T19:30:38.516444882Z;-5;Quote;6.4;51;6.45;51
SETU26;;Market Price;2026-09-04T19:30:39.391822871Z;-5;Quote;6.4;52;6.45;51
SETU26;;Market Price;2026-09-04T19:30:39.576834872Z;-5;Quote;6.4;53;6.45;51
SETU26;;Market Price;2026-09-04T19:30:40.652176778Z;-5;Quote;6.4;63;6.45;51
SETU26;;Market Price;2026-09-04T19:30:43.672361498Z;-5;Quote;6.4;63;6.45;48
SETU26;;Market Price;2026-09-04T19:30:44.041341520Z;-5;Quote;6.4;56;6.45;48
SETU26;;Market Price;2026-09-04T19:30:45.986752158Z;-5;Quote;6.4;56;6.45;98
SETU26;;Market Price;2026-09-04T19:30:51.812159738Z;-5;Quote;6.4;95;6.45;98
SETU26;;Market Price;2026-09-04T19:30:51.812159738Z;-5;Quote;6.4;95;6.45;103
SETU26;;Market Price;2026-09-04T19:30:56.372360181Z;-5;Quote;6.4;95;6.45;148
SETU26;;Market Price;2026-09-04T19:30:57.421642238Z;-5;Quote;6.4;95;6.45;103
SETU26;;Market Price;2026-09-04T19:31:21.792173487Z;-5;Quote;6.4;94;6.45;103
SETU26;;Market Price;2026-09-04T19:31:21.792173487Z;-5;Quote;6.4;93;6.45;103
SETU26;;Market Price;2026-09-04T19:31:21.817126980Z;-5;Quote;6.4;93;6.45;101
SETU26;;Market Price;2026-09-04T19:31:34.766327549Z;-5;Quote;6.4;93;6.45;96
SETU26;;Market Price;2026-09-04T19:31:34.766327549Z;-5;Quote;6.4;93;6.45;93
SETU26;;Market Price;2026-09-04T19:31:34.792200944Z;-5;Quote;6.4;85;6.45;93
SETU26;;Market Price;2026-09-04T19:32:16.761666431Z;-5;Quote;6.4;35;6.45;93
SETU26;;Market Price;2026-09-04T19:32:16.761666431Z;-5;Quote;6.4;47;6.45;93
SETU26;;Market Price;2026-09-04T19:32:16.761666431Z;-5;Quote;6.4;49;6.45;93
SETU26;;Market Price;2026-09-04T19:32:16.771609436Z;-5;Quote;6.4;54;6.45;93
SETU26;;Market Price;2026-09-04T19:32:20.176416367Z;-5;Quote;6.4;4;6.45;93
SETU26;;Market Price;2026-09-04T19:32:20.176416367Z;-5;Quote;6.4;5;6.45;93
SETU26;;Market Price;2026-09-04T19:32:20.176416367Z;-5;Quote;6.4;5;6.45;91
SETU26;;Market Price;2026-09-04T19:32:20.176416367Z;-5;Quote;6.4;6;6.45;91
SETU26;;Market Price;2026-09-04T19:32:20.226310882Z;-5;Quote;6.4;4;6.45;91
SETU26;;Market Price;2026-09-04T19:32:20.226310882Z;-5;Quote;6.4;4;6.45;87
SETU26;;Market Price;2026-09-04T19:32:20.326764858Z;-5;Quote;6.35;550;6.45;87
SETU26;;Market Price;2026-09-04T19:32:20.326764858Z;-5;Quote;6.35;568;6.45;87
SETU26;;Market Price;2026-09-04T19:32:20.341808279Z;-5;Quote;6.4;5;6.45;87
SETU26;;Market Price;2026-09-04T19:32:20.716292648Z;-5;Quote;6.4;6;6.45;87
SETU26;;Market Price;2026-09-04T19:32:30.011951948Z;-5;Quote;6.4;24;6.45;87
SETU26;;Market Price;2026-09-04T19:32:41.677159747Z;-5;Quote;6.4;24;6.45;86
SETU26;;Market Price;2026-09-04T19:32:46.582218767Z;-5;Quote;6.4;26;6.45;86
SETU26;;Market Price;2026-09-04T19:32:48.712136836Z;-5;Quote;6.4;26;6.45;85
SETU26;;Market Price;2026-09-04T19:33:16.616268451Z;-5;Quote;6.4;26;6.45;80
SETU26;;Market Price;2026-09-04T19:33:17.506384745Z;-5;Quote;6.4;26;6.45;78
SETU26;;Market Price;2026-09-04T19:33:17.512348674Z;-5;Quote;6.4;26;6.45;75
SETU26;;Market Price;2026-09-04T19:33:17.512348674Z;-5;Quote;6.4;26;6.45;72
SETU26;;Market Price;2026-09-04T19:33:34.417097900Z;-5;Quote;6.4;26;6.45;71
SETU26;;Market Price;2026-09-04T19:33:44.577109785Z;-5;Quote;6.4;26;6.45;78
SETU26;;Market Price;2026-09-04T19:33:44.877025994Z;-5;Quote;6.4;26;6.45;76
SETU26;;Market Price;2026-09-04T19:33:57.456425021Z;-5;Quote;6.35;550;6.4;19
SETU26;;Market Price;2026-09-04T19:33:57.456425021Z;-5;Quote;6.35;550;6.4;38
SETU26;;Market Price;2026-09-04T19:33:57.456425021Z;-5;Quote;6.35;550;6.4;37
SETU26;;Market Price;2026-09-04T19:33:57.466352502Z;-5;Quote;6.35;550;6.45;69
SETU26;;Market Price;2026-09-04T19:33:57.476150338Z;-5;Quote;6.35;550;6.45;469
SETU26;;Market Price;2026-09-04T19:33:57.476326011Z;-5;Quote;6.4;5;6.45;469
SETU26;;Market Price;2026-09-04T19:33:57.481413261Z;-5;Quote;6.4;6;6.45;469
SETU26;;Market Price;2026-09-04T19:33:57.491189488Z;-5;Quote;6.4;6;6.45;69
SETU26;;Market Price;2026-09-04T19:34:03.181658440Z;-5;Quote;6.4;1;6.45;64
SETU26;;Market Price;2026-09-04T19:34:03.191764322Z;-5;Quote;6.4;1;6.5;1612
SETU26;;Market Price;2026-09-04T19:34:03.191764322Z;-5;Quote;6.4;1;6.5;1212
SETU26;;Market Price;2026-09-04T19:34:03.191764322Z;-5;Quote;6.4;1;6.5;812
SETU26;;Market Price;2026-09-04T19:34:03.206564413Z;-5;Quote;6.4;1;6.5;412
SETU26;;Market Price;2026-09-04T19:34:03.246437745Z;-5;Quote;6.4;1;6.5;12
SETU26;;Market Price;2026-09-04T19:34:05.911686414Z;-5;Quote;6.35;2150;6.5;12
SETU26;;Market Price;2026-09-04T19:34:05.911686414Z;-5;Quote;6.35;1750;6.5;12
SETU26;;Market Price;2026-09-04T19:34:05.911686414Z;-5;Quote;6.35;1750;6.5;412
SETU26;;Market Price;2026-09-04T19:34:05.931575203Z;-5;Quote;6.35;1350;6.5;412
SETU26;;Market Price;2026-09-04T19:34:05.931575203Z;-5;Quote;6.35;1350;6.5;812
SETU26;;Market Price;2026-09-04T19:34:05.936444064Z;-5;Quote;6.35;1350;6.5;806
SETU26;;Market Price;2026-09-04T19:34:05.971390687Z;-5;Quote;6.35;950;6.5;806
SETU26;;Market Price;2026-09-04T19:34:06.971730205Z;-5;Quote;6.35;1350;6.5;806
SETU26;;Market Price;2026-09-04T19:34:06.996520303Z;-5;Quote;6.35;950;6.5;806
SETU26;;Market Price;2026-09-04T19:34:07.581931272Z;-5;Quote;6.35;950;6.5;807
SETU26;;Market Price;2026-09-04T19:34:08.001739549Z;-5;Quote;6.35;1350;6.5;807
SETU26;;Market Price;2026-09-04T19:34:08.021763676Z;-5;Quote;6.35;950;6.5;807
SETU26;;Market Price;2026-09-04T19:34:09.031916992Z;-5;Quote;6.35;1350;6.5;807
SETU26;;Market Price;2026-09-04T19:34:09.051837983Z;-5;Quote;6.35;950;6.5;807
SETU26;;Market Price;2026-09-04T19:34:10.061758395Z;-5;Quote;6.35;1350;6.5;807
SETU26;;Market Price;2026-09-04T19:34:10.081808569Z;-5;Quote;6.35;950;6.5;807
SETU26;;Market Price;2026-09-04T19:34:10.351580355Z;-5;Quote;6.35;400;6.5;807
SETU26;;Market Price;2026-09-04T19:34:11.376888229Z;-5;Quote;6.35;400;6.5;1207
SETU26;;Market Price;2026-09-04T19:34:11.951544222Z;-5;Quote;6.35;400;6.45;50
SETU26;;Market Price;2026-09-04T19:34:11.951544222Z;-5;Quote;6.35;400;6.45;51
SETU26;;Market Price;2026-09-04T19:34:14.061585758Z;-5;Quote;6.4;10;6.45;51
SETU26;;Market Price;2026-09-04T19:34:15.247031189Z;-5;Quote;6.35;400;6.4;40
SETU26;;Market Price;2026-09-04T19:34:15.247031189Z;-5;Quote;6.3;1200;6.4;40
SETU26;;Market Price;2026-09-04T19:34:15.256981616Z;-5;Quote;6.3;800;6.4;40
SETU26;;Market Price;2026-09-04T19:34:15.261870427Z;-5;Quote;6.3;400;6.4;40
SETU26;;Market Price;2026-09-04T19:34:15.281893422Z;-5;Quote;6.25;800;6.4;40
SETU26;;Market Price;2026-09-04T19:34:15.281893422Z;-5;Quote;6.25;400;6.4;40
SETU26;;Market Price;2026-09-04T19:34:15.281893422Z;-5;Quote;6.25;400;6.4;440
SETU26;;Market Price;2026-09-04T19:34:15.301817225Z;-5;Quote;6.2;1054;6.4;440
SETU26;;Market Price;2026-09-04T19:34:15.301817225Z;-5;Quote;6.2;1054;6.4;840
SETU26;;Market Price;2026-09-04T19:34:15.581572132Z;-5;Quote;6.2;1054;6.4;843
SETU26;;Market Price;2026-09-04T19:34:15.581572132Z;-5;Quote;6.2;1054;6.4;840
SETU26;;Market Price;2026-09-04T19:34:17.457245036Z;-5;Quote;6.2;1054;6.4;875
SETU26;;Market Price;2026-09-04T19:34:22.481882427Z;-5;Quote;6.2;1054;6.35;40
SETU26;;Market Price;2026-09-04T19:34:22.481882427Z;-5;Quote;6.2;1454;6.35;40
SETU26;;Market Price;2026-09-04T19:34:22.481882427Z;-5;Quote;6.2;1454;6.35;72
SETU26;;Market Price;2026-09-04T19:34:22.481882427Z;-5;Quote;6.2;1054;6.35;72
SETU26;;Market Price;2026-09-04T19:34:22.481882427Z;-5;Quote;6.2;1054;6.35;472
SETU26;;Market Price;2026-09-04T19:34:22.496863669Z;-5;Quote;6.2;654;6.35;472
SETU26;;Market Price;2026-09-04T19:34:22.496863669Z;-5;Quote;6.2;654;6.35;872
SETU26;;Market Price;2026-09-04T19:34:22.511892179Z;-5;Quote;6.2;1054;6.35;872
SETU26;;Market Price;2026-09-04T19:34:22.531810129Z;-5;Quote;6.2;654;6.35;872
SETU26;;Market Price;2026-09-04T19:34:23.057250635Z;-5;Quote;6.2;654;6.35;853
SETU26;;Market Price;2026-09-04T19:34:23.092015598Z;-5;Quote;6.2;599;6.35;853
SETU26;;Market Price;2026-09-04T19:34:23.092015598Z;-5;Quote;6.2;601;6.35;853
SETU26;;Market Price;2026-09-04T19:34:23.572005088Z;-5;Quote;6.2;601;6.35;1253
SETU26;;Market Price;2026-09-04T19:34:23.596809441Z;-5;Quote;6.2;601;6.35;853
SETU26;;Market Price;2026-09-04T19:34:24.601907063Z;-5;Quote;6.2;601;6.35;1253
SETU26;;Market Price;2026-09-04T19:34:24.621798706Z;-5;Quote;6.2;601;6.35;853
SETU26;;Market Price;2026-09-04T19:34:25.631172998Z;-5;Quote;6.2;601;6.35;1253
SETU26;;Market Price;2026-09-04T19:34:25.656407030Z;-5;Quote;6.2;601;6.35;853
SETU26;;Market Price;2026-09-04T19:34:26.661788324Z;-5;Quote;6.2;601;6.35;1253
SETU26;;Market Price;2026-09-04T19:34:26.686647382Z;-5;Quote;6.2;601;6.35;853
SETU26;;Market Price;2026-09-04T19:34:27.216901412Z;-5;Quote;6.2;601;6.3;50
SETU26;;Market Price;2026-09-04T19:34:27.216901412Z;-5;Quote;6.2;201;6.3;50
SETU26;;Market Price;2026-09-04T19:34:27.216901412Z;-5;Quote;6.2;201;6.3;54
SETU26;;Market Price;2026-09-04T19:34:31.761883461Z;-5;Quote;6.2;201;6.3;52
SETU26;;Market Price;2026-09-04T19:34:31.766755254Z;-5;Quote;6.2;201;6.3;51
SETU26;;Market Price;2026-09-04T19:34:31.766755254Z;-5;Quote;6.2;201;6.3;49
SETU26;;Market Price;2026-09-04T19:34:32.766363352Z;-5;Quote;6.2;201;6.3;47
SETU26;;Market Price;2026-09-04T19:34:32.766363352Z;-5;Quote;6.2;201;6.3;46
SETU26;;Market Price;2026-09-04T19:34:35.997007271Z;-5;Quote;6.2;201;6.3;28
SETU26;;Market Price;2026-09-04T19:34:38.096762800Z;-5;Quote;6.2;201;6.3;78
SETU26;;Market Price;2026-09-04T19:34:40.606983524Z;-5;Quote;6.2;201;6.3;128
SETU26;;Market Price;2026-09-04T19:34:40.611979515Z;-5;Quote;6.2;202;6.3;128
SETU26;;Market Price;2026-09-04T19:34:48.916678280Z;-5;Quote;6.2;212;6.3;128
SETU26;;Market Price;2026-09-04T19:34:50.731582363Z;-5;Quote;6.2;212;6.35;1621
SETU26;;Market Price;2026-09-04T19:34:50.766572467Z;-5;Quote;6.2;212;6.35;1620
SETU26;;Market Price;2026-09-04T19:34:50.766572467Z;-5;Quote;6.2;212;6.35;1619
SETU26;;Market Price;2026-09-04T19:34:50.792364253Z;-5;Quote;6.2;212;6.35;1219
SETU26;;Market Price;2026-09-04T19:34:51.391680316Z;-5;Quote;6.2;202;6.35;1219
SETU26;;Market Price;2026-09-04T19:34:51.766814573Z;-5;Quote;6.2;202;6.35;1216
SETU26;;Market Price;2026-09-04T19:34:51.791703885Z;-5;Quote;6.2;202;6.35;1616
SETU26;;Market Price;2026-09-04T19:34:53.516694329Z;-5;Quote;6.2;302;6.35;1616
SETU26;;Market Price;2026-09-04T19:34:54.697009817Z;-5;Quote;6.2;402;6.35;1616
SETU26;;Market Price;2026-09-04T19:34:56.151624500Z;-5;Quote;6.3;100;6.35;1616
SETU26;;Market Price;2026-09-04T19:34:56.151624500Z;-5;Quote;6.3;100;6.35;1216
SETU26;;Market Price;2026-09-04T19:34:56.151624500Z;-5;Quote;6.3;104;6.35;1216
SETU26;;Market Price;2026-09-04T19:34:56.166466609Z;-5;Quote;6.3;104;6.35;816
SETU26;;Market Price;2026-09-04T19:34:56.196457349Z;-5;Quote;6.3;104;6.35;416
SETU26;;Market Price;2026-09-04T19:34:56.636407567Z;-5;Quote;6.3;107;6.35;416
SETU26;;Market Price;2026-09-04T19:34:57.891260733Z;-5;Quote;6.3;108;6.35;416
SETU26;;Market Price;2026-09-04T19:35:00.056637567Z;-5;Quote;6.3;108;6.35;415
SETU26;;Market Price;2026-09-04T19:35:00.056637567Z;-5;Quote;6.3;108;6.35;414
SETU26;;Market Price;2026-09-04T19:35:00.056637567Z;-5;Quote;6.3;108;6.35;413
SETU26;;Market Price;2026-09-04T19:35:00.056637567Z;-5;Quote;6.3;108;6.35;412
SETU26;;Market Price;2026-09-04T19:35:01.236523768Z;-5;Quote;6.3;96;6.35;412
SETU26;;Market Price;2026-09-04T19:35:01.236523768Z;-5;Quote;6.3;97;6.35;412
SETU26;;Market Price;2026-09-04T19:35:03.496603862Z;-5;Quote;6.3;47;6.35;412
SETU26;;Market Price;2026-09-04T19:35:03.501584325Z;-5;Quote;6.3;48;6.35;412
SETU26;;Market Price;2026-09-04T19:35:06.776583947Z;-5;Quote;6.3;48;6.35;410
SETU26;;Market Price;2026-09-04T19:35:07.196637063Z;-5;Quote;6.2;800;6.3;152
SETU26;;Market Price;2026-09-04T19:35:07.236189375Z;-5;Quote;6.2;400;6.3;152
SETU26;;Market Price;2026-09-04T19:35:08.256723590Z;-5;Quote;6.25;50;6.3;152
SETU26;;Market Price;2026-09-04T19:35:08.256723590Z;-5;Quote;6.25;52;6.3;152
SETU26;;Market Price;2026-09-04T19:35:11.216621953Z;-5;Quote;6.25;62;6.3;152
SETU26;;Market Price;2026-09-04T19:35:11.567067411Z;-5;Quote;6.25;62;6.3;52
SETU26;;Market Price;2026-09-04T19:35:11.567067411Z;-5;Quote;6.25;65;6.3;52
SETU26;;Market Price;2026-09-04T19:35:11.601926930Z;-5;Quote;6.25;15;6.3;52
SETU26;;Market Price;2026-09-04T19:35:14.036478144Z;-5;Quote;6.25;25;6.3;52
SETU26;;Market Price;2026-09-04T19:35:15.056646011Z;-5;Quote;6.25;25;6.3;51
SETU26;;Market Price;2026-09-04T19:35:15.056646011Z;-5;Quote;6.25;25;6.3;50
SETU26;;Market Price;2026-09-04T19:35:15.056646011Z;-5;Quote;6.25;25;6.3;49
SETU26;;Market Price;2026-09-04T19:35:16.531780431Z;-5;Quote;6.25;35;6.3;49
SETU26;;Market Price;2026-09-04T19:35:18.136742999Z;-5;Quote;6.2;390;6.25;15
SETU26;;Market Price;2026-09-04T19:35:18.136742999Z;-5;Quote;6.2;390;6.25;14
SETU26;;Market Price;2026-09-04T19:35:23.552011342Z;-5;Quote;6.2;390;6.3;49
SETU26;;Market Price;2026-09-04T19:35:28.196906202Z;-5;Quote;6.2;391;6.3;49
SETU26;;Market Price;2026-09-04T19:35:30.056845931Z;-5;Quote;6.2;391;6.3;48
SETU26;;Market Price;2026-09-04T19:35:30.056845931Z;-5;Quote;6.2;391;6.3;47
SETU26;;Market Price;2026-09-04T19:35:33.086471677Z;-5;Quote;6.25;11;6.3;47
SETU26;;Market Price;2026-09-04T19:35:33.086471677Z;-5;Quote;6.25;22;6.3;47
SETU26;;Market Price;2026-09-04T19:35:33.987172399Z;-5;Quote;6.3;8;6.35;410
SETU26;;Market Price;2026-09-04T19:35:33.987172399Z;-5;Quote;6.3;25;6.35;410
SETU26;;Market Price;2026-09-04T19:35:33.987172399Z;-5;Quote;6.3;27;6.35;410
SETU26;;Market Price;2026-09-04T19:35:45.056518802Z;-5;Quote;6.3;27;6.35;409
SETU26;;Market Price;2026-09-04T19:35:45.056518802Z;-5;Quote;6.3;27;6.35;408
SETU26;;Market Price;2026-09-04T19:35:51.236886725Z;-5;Quote;6.25;11;6.3;117
SETU26;;Market Price;2026-09-04T19:35:51.236886725Z;-5;Quote;6.25;13;6.3;117
SETU26;;Market Price;2026-09-04T19:35:52.086433894Z;-5;Quote;6.25;13;6.3;4
SETU26;;Market Price;2026-09-04T19:35:54.836591258Z;-5;Quote;6.25;13;6.3;3
SETU26;;Market Price;2026-09-04T19:35:54.836591258Z;-5;Quote;6.25;13;6.3;2
SETU26;;Market Price;2026-09-04T19:35:54.856505086Z;-5;Quote;6.25;13;6.3;1
SETU26;;Market Price;2026-09-04T19:35:55.001761231Z;-5;Quote;6.25;13;6.35;428
SETU26;;Market Price;2026-09-04T19:35:58.511190254Z;-5;Quote;6.25;13;6.35;408
SETU26;;Market Price;2026-09-04T19:36:00.056913034Z;-5;Quote;6.25;13;6.35;407
SETU26;;Market Price;2026-09-04T19:36:00.056913034Z;-5;Quote;6.25;13;6.35;406
SETU26;;Market Price;2026-09-04T19:36:21.301620495Z;-5;Quote;6.25;13;6.4;192
SETU26;;Market Price;2026-09-04T19:36:21.301620495Z;-5;Quote;6.25;13;6.4;592
SETU26;;Market Price;2026-09-04T19:36:21.326527689Z;-5;Quote;6.25;13;6.4;400
SETU26;;Market Price;2026-09-04T19:36:21.326527689Z;-5;Quote;6.25;83;6.4;400
SETU26;;Market Price;2026-09-04T19:36:21.591457377Z;-5;Quote;6.25;83;6.5;2506
SETU26;;Market Price;2026-09-04T19:36:22.092613441Z;-5;Quote;6.25;83;6.5;6
SETU26;;Market Price;2026-09-04T19:36:22.092613441Z;-5;Quote;6.25;13;6.5;6
SETU26;;Market Price;2026-09-04T19:36:34.437192731Z;-5;Quote;6.3;25;6.5;6
SETU26;;Market Price;2026-09-04T19:36:34.437192731Z;-5;Quote;6.3;95;6.5;6
SETU26;;Market Price;2026-09-04T19:36:38.587210614Z;-5;Quote;6.35;10;6.5;6
SETU26;;Market Price;2026-09-04T19:36:38.587210614Z;-5;Quote;6.35;80;6.5;6
SETU26;;Market Price;2026-09-04T19:36:38.587210614Z;-5;Quote;6.35;81;6.5;6
SETU26;;Market Price;2026-09-04T19:36:41.631364516Z;-5;Quote;6.35;81;6.4;18
SETU26;;Market Price;2026-09-04T19:36:41.631364516Z;-5;Quote;6.35;81;6.4;2
SETU26;;Market Price;2026-09-04T19:36:42.116800079Z;-5;Quote;6.35;81;6.5;6
SETU26;;Market Price;2026-09-04T19:36:48.256620207Z;-5;Quote;6.35;71;6.5;6
SETU26;;Market Price;2026-09-04T19:36:48.412042727Z;-5;Quote;6.35;171;6.5;6
SETU26;;Market Price;2026-09-04T19:36:50.031919816Z;-5;Quote;6.35;170;6.5;6
SETU26;;Market Price;2026-09-04T19:36:50.056703023Z;-5;Quote;6.35;170;6.55;25
SETU26;;Market Price;2026-09-04T19:37:05.941736939Z;-5;Quote;6.35;220;6.55;25
SETU26;;Market Price;2026-09-04T19:37:06.641664394Z;-5;Quote;6.35;230;6.55;25
SETU26;;Market Price;2026-09-04T19:37:08.516722295Z;-5;Quote;6.4;11;6.55;25
SETU26;;Market Price;2026-09-04T19:37:08.516722295Z;-5;Quote;6.4;80;6.55;25
SETU26;;Market Price;2026-09-04T19:37:18.706416116Z;-5;Quote;6.4;480;6.55;25
SETU26;;Market Price;2026-09-04T19:37:28.106533370Z;-5;Quote;6.4;490;6.55;25
SETU26;;Market Price;2026-09-04T19:37:28.166325138Z;-5;Quote;6.4;490;6.5;25
SETU26;;Market Price;2026-09-04T19:37:33.886322977Z;-5;Quote;6.45;10;6.5;25
SETU26;;Market Price;2026-09-04T19:37:33.886322977Z;-5;Quote;6.45;80;6.5;25
SETU26;;Market Price;2026-09-04T19:37:35.161531134Z;-5;Quote;6.45;44;6.5;25
SETU26;;Market Price;2026-09-04T19:37:35.161531134Z;-5;Quote;6.45;45;6.5;25
SETU26;;Market Price;2026-09-04T19:37:40.521808361Z;-5;Quote;6.45;45;6.55;25
SETU26;;Market Price;2026-09-04T19:37:42.102033578Z;-5;Quote;6.5;50;6.55;25
SETU26;;Market Price;2026-09-04T19:37:45.001435942Z;-5;Quote;6.55;25;6.6;90
SETU26;;Market Price;2026-09-04T19:37:45.001435942Z;-5;Quote;6.55;26;6.6;90
SETU26;;Market Price;2026-09-04T19:37:45.186724151Z;-5;Quote;6.55;4;6.6;90
SETU26;;Market Price;2026-09-04T19:37:45.186724151Z;-5;Quote;6.55;74;6.6;90
SETU26;;Market Price;2026-09-04T19:37:45.307087476Z;-5;Quote;6.55;76;6.6;90
SETU26;;Market Price;2026-09-04T19:37:48.566208791Z;-5;Quote;6.5;50;6.6;90
SETU26;;Market Price;2026-09-04T19:37:48.566208791Z;-5;Quote;6.5;52;6.6;90
SETU26;;Market Price;2026-09-04T19:37:50.382087519Z;-5;Quote;6.5;52;6.55;34
SETU26;;Market Price;2026-09-04T19:37:51.366901952Z;-5;Quote;6.5;18;6.6;90
SETU26;;Market Price;2026-09-04T19:37:56.472172912Z;-5;Quote;6.5;6;6.6;90
SETU26;;Market Price;2026-09-04T19:37:58.631367809Z;-5;Quote;6.5;75;6.6;90
SETU26;;Market Price;2026-09-04T19:38:00.546436256Z;-5;Quote;6.5;75;6.6;105
SETU26;;Market Price;2026-09-04T19:38:07.376449595Z;-5;Quote;6.5;64;6.6;105
SETU26;;Market Price;2026-09-04T19:38:07.761637646Z;-5;Quote;6.5;66;6.6;105
SETU26;;Market Price;2026-09-04T19:38:08.202037717Z;-5;Quote;6.5;66;6.6;125
SETU26;;Market Price;2026-09-04T19:38:08.751617342Z;-5;Quote;6.5;66;6.6;135
SETU26;;Market Price;2026-09-04T19:38:10.091612017Z;-5;Quote;6.5;66;6.55;10
SETU26;;Market Price;2026-09-04T19:38:10.091612017Z;-5;Quote;6.5;64;6.55;10
SETU26;;Market Price;2026-09-04T19:38:10.091612017Z;-5;Quote;6.5;64;6.55;18
SETU26;;Market Price;2026-09-04T19:38:12.891974363Z;-5;Quote;6.5;64;6.55;38
SETU26;;Market Price;2026-09-04T19:38:12.891974363Z;-5;Quote;6.5;66;6.55;38
SETU26;;Market Price;2026-09-04T19:38:12.891974363Z;-5;Quote;6.5;66;6.55;40
SETU26;;Market Price;2026-09-04T19:38:15.706370931Z;-5;Quote;6.5;66;6.55;30
SETU26;;Market Price;2026-09-04T19:38:18.616881206Z;-5;Quote;6.5;66;6.55;36
SETU26;;Market Price;2026-09-04T19:38:19.182070598Z;-5;Quote;6.5;54;6.55;36
SETU26;;Market Price;2026-09-04T19:38:20.581707634Z;-5;Quote;6.5;64;6.55;36
SETU26;;Market Price;2026-09-04T19:38:20.872177603Z;-5;Quote;6.5;58;6.55;30
SETU26;;Market Price;2026-09-04T19:38:27.446683447Z;-5;Quote;6.5;48;6.55;30
SETU26;;Market Price;2026-09-04T19:38:29.277137937Z;-5;Quote;6.45;400;6.55;30
SETU26;;Market Price;2026-09-04T19:38:39.447183383Z;-5;Quote;6.45;469;6.55;30
SETU26;;Market Price;2026-09-04T19:38:40.196183282Z;-5;Quote;6.45;469;6.5;20
SETU26;;Market Price;2026-09-04T19:38:40.196648581Z;-5;Quote;6.45;69;6.5;20
SETU26;;Market Price;2026-09-04T19:38:47.467143659Z;-5;Quote;6.45;69;6.5;185
SETU26;;Market Price;2026-09-04T19:38:47.467143659Z;-5;Quote;6.45;71;6.5;185
SETU26;;Market Price;2026-09-04T19:38:47.576658791Z;-5;Quote;6.45;71;6.5;165
SETU26;;Market Price;2026-09-04T19:38:48.891449203Z;-5;Quote;6.45;71;6.5;115
SETU26;;Market Price;2026-09-04T19:38:48.896484786Z;-5;Quote;6.45;72;6.5;115
SETU26;;Market Price;2026-09-04T19:38:50.246383509Z;-5;Quote;6.45;87;6.5;115
SETU26;;Market Price;2026-09-04T19:38:51.226398268Z;-5;Quote;6.45;87;6.5;135
SETU26;;Market Price;2026-09-04T19:38:53.572363325Z;-5;Quote;6.45;72;6.5;120
SETU26;;Market Price;2026-09-04T19:38:53.572363325Z;-5;Quote;6.45;73;6.5;120
SETU26;;Market Price;2026-09-04T19:38:55.347093730Z;-5;Quote;6.45;218;6.5;120
SETU26;;Market Price;2026-09-04T19:38:55.651710375Z;-5;Quote;6.45;118;6.5;120
SETU26;;Market Price;2026-09-04T19:38:56.016764326Z;-5;Quote;6.45;120;6.5;120
SETU26;;Market Price;2026-09-04T19:38:58.612027765Z;-5;Quote;6.45;120;6.5;70
SETU26;;Market Price;2026-09-04T19:38:58.612027765Z;-5;Quote;6.45;122;6.5;70
SETU26;;Market Price;2026-09-04T19:38:59.571800954Z;-5;Quote;6.45;22;6.5;70
SETU26;;Market Price;2026-09-04T19:38:59.571800954Z;-5;Quote;6.45;25;6.5;70
SETU26;;Market Price;2026-09-04T19:39:06.251557439Z;-5;Quote;6.45;94;6.5;70
SETU26;;Market Price;2026-09-04T19:39:10.472042085Z;-5;Quote;6.45;91;6.5;70
SETU26;;Market Price;2026-09-04T19:39:22.661808916Z;-5;Quote;6.45;91;6.5;50
SETU26;;Market Price;2026-09-04T19:39:26.977295963Z;-5;Quote;6.5;150;6.55;30
SETU26;;Market Price;2026-09-04T19:39:26.977295963Z;-5;Quote;6.5;218;6.55;30
SETU26;;Market Price;2026-09-04T19:39:26.977295963Z;-5;Quote;6.5;218;6.55;28
SETU26;;Market Price;2026-09-04T19:39:26.977295963Z;-5;Quote;6.5;218;6.55;41
SETU26;;Market Price;2026-09-04T19:39:27.381416202Z;-5;Quote;6.5;218;6.55;34
SETU26;;Market Price;2026-09-04T19:39:27.457172970Z;-5;Quote;6.5;218;6.55;42
SETU26;;Market Price;2026-09-04T19:39:28.366580359Z;-5;Quote;6.5;128;6.55;42
SETU26;;Market Price;2026-09-04T19:39:31.681396147Z;-5;Quote;6.5;78;6.55;42
SETU26;;Market Price;2026-09-04T19:39:31.681396147Z;-5;Quote;6.5;81;6.55;42
SETU26;;Market Price;2026-09-04T19:39:31.811867198Z;-5;Quote;6.5;78;6.55;42
SETU26;;Market Price;2026-09-04T19:39:31.811867198Z;-5;Quote;6.5;75;6.55;42
SETU26;;Market Price;2026-09-04T19:39:31.936602122Z;-5;Quote;6.5;76;6.55;42
SETU26;;Market Price;2026-09-04T19:39:34.146904914Z;-5;Quote;6.5;75;6.55;42
SETU26;;Market Price;2026-09-04T19:39:34.151933050Z;-5;Quote;6.5;72;6.55;42
SETU26;;Market Price;2026-09-04T19:39:34.176767333Z;-5;Quote;6.5;72;6.55;38
SETU26;;Market Price;2026-09-04T19:39:38.401921950Z;-5;Quote;6.5;54;6.55;38
SETU26;;Market Price;2026-09-04T19:39:38.401921950Z;-5;Quote;6.5;55;6.55;38
SETU26;;Market Price;2026-09-04T19:39:38.416809993Z;-5;Quote;6.5;55;6.55;30
SETU26;;Market Price;2026-09-04T19:39:38.416809993Z;-5;Quote;6.5;55;6.55;22
SETU26;;Market Price;2026-09-04T19:39:38.901377719Z;-5;Quote;6.5;55;6.55;12
SETU26;;Market Price;2026-09-04T19:39:41.842161866Z;-5;Quote;6.5;55;6.55;150
SETU26;;Market Price;2026-09-04T19:39:48.401648834Z;-5;Quote;6.5;5;6.55;150
SETU26;;Market Price;2026-09-04T19:39:48.401648834Z;-5;Quote;6.5;7;6.55;150
SETU26;;Market Price;2026-09-04T19:39:50.891767613Z;-5;Quote;6.5;7;6.55;145
SETU26;;Market Price;2026-09-04T19:39:53.401298836Z;-5;Quote;6.5;7;6.55;170
SETU26;;Market Price;2026-09-04T19:40:00.066475777Z;-5;Quote;6.5;8;6.55;170
SETU26;;Market Price;2026-09-04T19:40:01.046680237Z;-5;Quote;6.45;16;6.5;60
SETU26;;Market Price;2026-09-04T19:40:02.051667440Z;-5;Quote;6.45;18;6.5;60
SETU26;;Market Price;2026-09-04T19:40:06.771759629Z;-5;Quote;6.45;1;6.5;60
SETU26;;Market Price;2026-09-04T19:40:06.771759629Z;-5;Quote;6.45;2;6.5;60
SETU26;;Market Price;2026-09-04T19:40:11.072174654Z;-5;Quote;6.45;68;6.5;60
SETU26;;Market Price;2026-09-04T19:40:11.646594848Z;-5;Quote;6.45;68;6.5;54
SETU26;;Market Price;2026-09-04T19:40:11.646594848Z;-5;Quote;6.45;69;6.5;54
SETU26;;Market Price;2026-09-04T19:40:16.051231134Z;-5;Quote;6.45;72;6.5;54
SETU26;;Market Price;2026-09-04T19:40:23.067251199Z;-5;Quote;6.45;69;6.5;54
SETU26;;Market Price;2026-09-04T19:40:23.122059395Z;-5;Quote;6.45;69;6.5;51
SETU26;;Market Price;2026-09-04T19:40:25.331621415Z;-5;Quote;6.45;40;6.5;51
SETU26;;Market Price;2026-09-04T19:40:25.331621415Z;-5;Quote;6.45;41;6.5;51
SETU26;;Market Price;2026-09-04T19:40:29.796644164Z;-5;Quote;6.45;40;6.5;51
SETU26;;Market Price;2026-09-04T19:40:31.061361805Z;-5;Quote;6.45;42;6.5;51
SETU26;;Market Price;2026-09-04T19:40:34.316403660Z;-5;Quote;6.5;19;6.55;591
SETU26;;Market Price;2026-09-04T19:40:34.316403660Z;-5;Quote;6.5;19;6.55;191
SETU26;;Market Price;2026-09-04T19:40:34.316403660Z;-5;Quote;6.5;20;6.55;191
SETU26;;Market Price;2026-09-04T19:40:34.451761520Z;-5;Quote;6.45;40;6.55;191
SETU26;;Market Price;2026-09-04T19:40:34.587157179Z;-5;Quote;6.45;43;6.55;191
SETU26;;Market Price;2026-09-04T19:40:37.931923591Z;-5;Quote;6.45;40;6.55;191
SETU26;;Market Price;2026-09-04T19:40:38.072299553Z;-5;Quote;6.45;38;6.55;191
SETU26;;Market Price;2026-09-04T19:40:38.127015436Z;-5;Quote;6.45;38;6.55;189
SETU26;;Market Price;2026-09-04T19:40:43.111697458Z;-5;Quote;6.45;38;6.55;191
SETU26;;Market Price;2026-09-04T19:40:46.061244189Z;-5;Quote;6.45;41;6.55;191
SETU26;;Market Price;2026-09-04T19:40:49.892126831Z;-5;Quote;6.55;4;6.6;490
SETU26;;Market Price;2026-09-04T19:40:49.892126831Z;-5;Quote;6.55;70;6.6;490
SETU26;;Market Price;2026-09-04T19:40:49.892126831Z;-5;Quote;6.55;76;6.6;490
SETU26;;Market Price;2026-09-04T19:40:50.126788351Z;-5;Quote;6.55;79;6.6;490
SETU26;;Market Price;2026-09-04T19:40:50.232340521Z;-5;Quote;6.55;79;6.6;510
SETU26;;Market Price;2026-09-04T19:40:50.297046125Z;-5;Quote;6.55;82;6.6;510
SETU26;;Market Price;2026-09-04T19:40:50.656459403Z;-5;Quote;6.55;16;6.6;510
SETU26;;Market Price;2026-09-04T19:40:50.661384292Z;-5;Quote;6.55;2;6.6;510
SETU26;;Market Price;2026-09-04T19:40:51.127089903Z;-5;Quote;6.55;6;6.6;510
SETU26;;Market Price;2026-09-04T19:40:51.342197715Z;-5;Quote;6.55;6;6.6;490
SETU26;;Market Price;2026-09-04T19:40:52.672135453Z;-5;Quote;6.55;5;6.6;490
SETU26;;Market Price;2026-09-04T19:40:52.672135453Z;-5;Quote;6.55;7;6.6;490
SETU26;;Market Price;2026-09-04T19:40:54.006660005Z;-5;Quote;6.55;6;6.6;490
SETU26;;Market Price;2026-09-04T19:40:54.006660005Z;-5;Quote;6.55;8;6.6;490
SETU26;;Market Price;2026-09-04T19:40:54.516399350Z;-5;Quote;6.55;8;6.6;491
SETU26;;Market Price;2026-09-04T19:40:55.081541577Z;-5;Quote;6.55;8;6.6;499
SETU26;;Market Price;2026-09-04T19:40:56.887328137Z;-5;Quote;6.55;7;6.6;498
SETU26;;Market Price;2026-09-04T19:40:58.606270416Z;-5;Quote;6.55;6;6.6;498
SETU26;;Market Price;2026-09-04T19:40:58.606270416Z;-5;Quote;6.55;9;6.6;498
SETU26;;Market Price;2026-09-04T19:41:00.687115265Z;-5;Quote;6.55;15;6.6;498
SETU26;;Market Price;2026-09-04T19:41:00.697068153Z;-5;Quote;6.55;30;6.6;498
SETU26;;Market Price;2026-09-04T19:41:00.716988178Z;-5;Quote;6.55;14;6.6;498
SETU26;;Market Price;2026-09-04T19:41:00.902127385Z;-5;Quote;6.55;16;6.6;498
SETU26;;Market Price;2026-09-04T19:41:01.057288822Z;-5;Quote;6.55;18;6.6;498
SETU26;;Market Price;2026-09-04T19:41:03.736589302Z;-5;Quote;6.55;17;6.6;498
SETU26;;Market Price;2026-09-04T19:41:04.731894599Z;-5;Quote;6.55;16;6.6;498
SETU26;;Market Price;2026-09-04T19:41:08.071616476Z;-5;Quote;6.55;14;6.6;498
SETU26;;Market Price;2026-09-04T19:41:08.126420164Z;-5;Quote;6.55;14;6.6;496
SETU26;;Market Price;2026-09-04T19:41:09.211856835Z;-5;Quote;6.55;9;6.6;496
SETU26;;Market Price;2026-09-04T19:41:09.211856835Z;-5;Quote;6.55;11;6.6;496
SETU26;;Market Price;2026-09-04T19:41:09.681776233Z;-5;Quote;6.55;11;6.6;495
SETU26;;Market Price;2026-09-04T19:41:10.721429846Z;-5;Quote;6.55;15;6.6;495
SETU26;;Market Price;2026-09-04T19:41:10.741356198Z;-5;Quote;6.55;22;6.6;495
SETU26;;Market Price;2026-09-04T19:41:16.046921675Z;-5;Quote;6.55;25;6.6;495
SETU26;;Market Price;2026-09-04T19:41:16.181350752Z;-5;Quote;6.55;25;6.6;95
SETU26;;Market Price;2026-09-04T19:41:23.067012774Z;-5;Quote;6.55;22;6.6;95
SETU26;;Market Price;2026-09-04T19:41:23.121735985Z;-5;Quote;6.55;22;6.6;92
SETU26;;Market Price;2026-09-04T19:41:23.212319960Z;-5;Quote;6.6;7;6.65;480
SETU26;;Market Price;2026-09-04T19:41:23.212319960Z;-5;Quote;6.6;7;6.65;80
SETU26;;Market Price;2026-09-04T19:41:23.212319960Z;-5;Quote;6.6;10;6.65;80
SETU26;;Market Price;2026-09-04T19:41:24.521574342Z;-5;Quote;6.6;10;6.65;47
SETU26;;Market Price;2026-09-04T19:41:24.521574342Z;-5;Quote;6.6;11;6.65;47
SETU26;;Market Price;2026-09-04T19:41:26.616390769Z;-5;Quote;6.6;11;6.65;72
SETU26;;Market Price;2026-09-04T19:41:30.471565599Z;-5;Quote;6.6;11;6.65;64
SETU26;;Market Price;2026-09-04T19:41:31.061574665Z;-5;Quote;6.6;13;6.65;64
SETU26;;Market Price;2026-09-04T19:41:31.382183853Z;-5;Quote;6.6;12;6.65;64
SETU26;;Market Price;2026-09-04T19:41:32.381655200Z;-5;Quote;6.6;11;6.65;64
SETU26;;Market Price;2026-09-04T19:41:33.166539390Z;-5;Quote;6.55;22;6.65;64
SETU26;;Market Price;2026-09-04T19:41:33.166539390Z;-5;Quote;6.55;23;6.65;64
SETU26;;Market Price;2026-09-04T19:41:34.051470364Z;-5;Quote;6.55;24;6.65;64
SETU26;;Market Price;2026-09-04T19:41:38.061507196Z;-5;Quote;6.55;23;6.65;64
SETU26;;Market Price;2026-09-04T19:41:38.122204452Z;-5;Quote;6.55;23;6.65;63
SETU26;;Market Price;2026-09-04T19:41:43.476552366Z;-5;Quote;6.55;143;6.65;63
SETU26;;Market Price;2026-09-04T19:41:44.416668705Z;-5;Quote;6.55;144;6.65;63
SETU26;;Market Price;2026-09-04T19:41:44.496310928Z;-5;Quote;6.55;24;6.7;593
SETU26;;Market Price;2026-09-04T19:41:46.051766626Z;-5;Quote;6.55;26;6.7;593
SETU26;;Market Price;2026-09-04T19:41:48.211309010Z;-5;Quote;6.55;5;6.7;593
SETU26;;Market Price;2026-09-04T19:41:48.386541900Z;-5;Quote;6.55;10;6.7;593
SETU26;;Market Price;2026-09-04T19:42:01.057100957Z;-5;Quote;6.55;12;6.7;593
SETU26;;Market Price;2026-09-04T19:42:08.046984621Z;-5;Quote;6.55;12;6.7;592
SETU26;;Market Price;2026-09-04T19:42:09.062161934Z;-5;Quote;6.55;10;6.7;592
SETU26;;Market Price;2026-09-04T19:42:09.116935374Z;-5;Quote;6.55;10;6.7;590
SETU26;;Market Price;2026-09-04T19:42:14.992332768Z;-5;Quote;6.55;10;6.7;552
SETU26;;Market Price;2026-09-04T19:42:14.992332768Z;-5;Quote;6.55;11;6.7;552
SETU26;;Market Price;2026-09-04T19:42:16.046430066Z;-5;Quote;6.55;13;6.7;552
SETU26;;Market Price;2026-09-04T19:42:17.816386970Z;-5;Quote;6.55;78;6.7;552
SETU26;;Market Price;2026-09-04T19:42:18.267290762Z;-5;Quote;6.55;77;6.7;552
SETU26;;Market Price;2026-09-04T19:42:18.267290762Z;-5;Quote;6.55;72;6.7;552
SETU26;;Market Price;2026-09-04T19:42:18.292207057Z;-5;Quote;6.55;72;6.7;546
SETU26;;Market Price;2026-09-04T19:42:18.336957133Z;-5;Quote;6.55;102;6.7;546
SETU26;;Market Price;2026-09-04T19:42:23.067176393Z;-5;Quote;6.55;100;6.7;546
SETU26;;Market Price;2026-09-04T19:42:23.126900859Z;-5;Quote;6.55;100;6.7;544
SETU26;;Market Price;2026-09-04T19:42:28.576957295Z;-5;Quote;6.6;30;6.7;544
SETU26;;Market Price;2026-09-04T19:42:28.576957295Z;-5;Quote;6.6;95;6.7;544
SETU26;;Market Price;2026-09-04T19:42:31.056437153Z;-5;Quote;6.6;98;6.7;544
SETU26;;Market Price;2026-09-04T19:42:33.602346490Z;-5;Quote;6.6;98;6.65;10
SETU26;;Market Price;2026-09-04T19:42:38.062058407Z;-5;Quote;6.6;95;6.65;10
SETU26;;Market Price;2026-09-04T19:42:38.116772634Z;-5;Quote;6.6;95;6.65;7
SETU26;;Market Price;2026-09-04T19:42:42.626530696Z;-5;Quote;6.6;96;6.65;7
SETU26;;Market Price;2026-09-04T19:42:46.046968653Z;-5;Quote;6.6;98;6.65;7
SETU26;;Market Price;2026-09-04T19:42:47.141979833Z;-5;Quote;6.6;98;6.65;30
SETU26;;Market Price;2026-09-04T19:42:53.066416493Z;-5;Quote;6.6;96;6.65;30
SETU26;;Market Price;2026-09-04T19:42:53.122146217Z;-5;Quote;6.6;96;6.65;28
SETU26;;Market Price;2026-09-04T19:42:54.776736674Z;-5;Quote;6.6;96;6.65;33
SETU26;;Market Price;2026-09-04T19:42:56.681964584Z;-5;Quote;6.65;17;6.7;144
SETU26;;Market Price;2026-09-04T19:42:56.681964584Z;-5;Quote;6.65;82;6.7;144
SETU26;;Market Price;2026-09-04T19:42:56.681964584Z;-5;Quote;6.65;83;6.7;144
SETU26;;Market Price;2026-09-04T19:42:57.961901241Z;-5;Quote;6.65;133;6.7;144
SETU26;;Market Price;2026-09-04T19:42:58.097009242Z;-5;Quote;6.65;148;6.7;144
SETU26;;Market Price;2026-09-04T19:43:00.931865597Z;-5;Quote;6.65;148;6.7;131
SETU26;;Market Price;2026-09-04T19:43:00.931865597Z;-5;Quote;6.65;149;6.7;131
SETU26;;Market Price;2026-09-04T19:43:01.051859758Z;-5;Quote;6.65;152;6.7;131
SETU26;;Market Price;2026-09-04T19:43:01.826452521Z;-5;Quote;6.65;147;6.7;131
SETU26;;Market Price;2026-09-04T19:43:01.841328698Z;-5;Quote;6.65;144;6.7;131
SETU26;;Market Price;2026-09-04T19:43:01.846357830Z;-5;Quote;6.65;141;6.7;131
SETU26;;Market Price;2026-09-04T19:43:01.846357830Z;-5;Quote;6.65;138;6.7;131
SETU26;;Market Price;2026-09-04T19:43:04.331783954Z;-5;Quote;6.65;138;6.7;141
SETU26;;Market Price;2026-09-04T19:43:04.472195082Z;-5;Quote;6.65;123;6.7;126
SETU26;;Market Price;2026-09-04T19:43:04.472195082Z;-5;Quote;6.65;124;6.7;126
SETU26;;Market Price;2026-09-04T19:43:07.261910564Z;-5;Quote;6.65;124;6.7;26
SETU26;;Market Price;2026-09-04T19:43:08.067375905Z;-5;Quote;6.65;121;6.7;26
SETU26;;Market Price;2026-09-04T19:43:08.122167921Z;-5;Quote;6.65;121;6.7;23
SETU26;;Market Price;2026-09-04T19:43:08.122167921Z;-5;Quote;6.65;121;6.7;20
SETU26;;Market Price;2026-09-04T19:43:08.122167921Z;-5;Quote;6.65;120;6.7;20
SETU26;;Market Price;2026-09-04T19:43:08.122167921Z;-5;Quote;6.65;119;6.7;20
SETU26;;Market Price;2026-09-04T19:43:08.122167921Z;-5;Quote;6.65;118;6.7;20
SETU26;;Market Price;2026-09-04T19:43:08.251555464Z;-5;Quote;6.65;118;6.7;17
SETU26;;Market Price;2026-09-04T19:43:11.936893410Z;-5;Quote;6.65;118;6.7;42
SETU26;;Market Price;2026-09-04T19:43:16.056983519Z;-5;Quote;6.65;120;6.7;42
SETU26;;Market Price;2026-09-04T19:43:21.387377053Z;-5;Quote;6.65;120;6.7;92
SETU26;;Market Price;2026-09-04T19:43:23.082260833Z;-5;Quote;6.65;118;6.7;92
SETU26;;Market Price;2026-09-04T19:43:23.137018110Z;-5;Quote;6.65;118;6.7;90
SETU26;;Market Price;2026-09-04T19:43:28.086946153Z;-5;Quote;6.65;68;6.7;90
SETU26;;Market Price;2026-09-04T19:43:28.086946153Z;-5;Quote;6.65;70;6.7;90
SETU26;;Market Price;2026-09-04T19:43:30.547223149Z;-5;Quote;6.65;67;6.7;90
SETU26;;Market Price;2026-09-04T19:43:30.547223149Z;-5;Quote;6.65;64;6.7;90
SETU26;;Market Price;2026-09-04T19:43:31.051625734Z;-5;Quote;6.65;67;6.7;90
SETU26;;Market Price;2026-09-04T19:43:32.911363415Z;-5;Quote;6.65;67;6.7;290
SETU26;;Market Price;2026-09-04T19:43:38.066398599Z;-5;Quote;6.65;64;6.7;290
SETU26;;Market Price;2026-09-04T19:43:38.117267661Z;-5;Quote;6.65;64;6.7;287
SETU26;;Market Price;2026-09-04T19:43:44.872064516Z;-5;Quote;6.65;62;6.7;287
SETU26;;Market Price;2026-09-04T19:43:46.046605061Z;-5;Quote;6.65;64;6.7;287
SETU26;;Market Price;2026-09-04T19:43:53.066460406Z;-5;Quote;6.65;62;6.7;287
SETU26;;Market Price;2026-09-04T19:43:53.122216159Z;-5;Quote;6.65;62;6.7;285
SETU26;;Market Price;2026-09-04T19:43:53.266619407Z;-5;Quote;6.65;57;6.7;285
SETU26;;Market Price;2026-09-04T19:44:00.651684451Z;-5;Quote;6.65;57;6.7;290
SETU26;;Market Price;2026-09-04T19:44:01.021993229Z;-5;Quote;6.65;57;6.7;131
SETU26;;Market Price;2026-09-04T19:44:01.021993229Z;-5;Quote;6.65;62;6.7;131
SETU26;;Market Price;2026-09-04T19:44:01.052506340Z;-5;Quote;6.65;63;6.7;131
SETU26;;Market Price;2026-09-04T19:44:03.061968069Z;-5;Quote;6.65;62;6.7;131
SETU26;;Market Price;2026-09-04T19:44:03.116783882Z;-5;Quote;6.65;62;6.7;130
SETU26;;Market Price;2026-09-04T19:44:07.052705558Z;-5;Quote;6.65;64;6.7;130
SETU26;;Market Price;2026-09-04T19:44:09.071790571Z;-5;Quote;6.65;62;6.7;130
SETU26;;Market Price;2026-09-04T19:44:09.121618192Z;-5;Quote;6.65;62;6.7;128
SETU26;;Market Price;2026-09-04T19:44:13.046629204Z;-5;Quote;6.65;63;6.7;128
SETU26;;Market Price;2026-09-04T19:44:15.066761786Z;-5;Quote;6.65;62;6.7;128
SETU26;;Market Price;2026-09-04T19:44:15.121577263Z;-5;Quote;6.65;62;6.7;127
SETU26;;Market Price;2026-09-04T19:44:16.107249777Z;-5;Quote;6.65;62;6.7;27
SETU26;;Market Price;2026-09-04T19:44:17.237276600Z;-5;Quote;6.7;73;6.75;317
SETU26;;Market Price;2026-09-04T19:44:17.237276600Z;-5;Quote;6.7;111;6.75;317
SETU26;;Market Price;2026-09-04T19:44:17.237276600Z;-5;Quote;6.7;114;6.75;317
SETU26;;Market Price;2026-09-04T19:44:17.521974168Z;-5;Quote;6.7;122;6.75;317
SETU26;;Market Price;2026-09-04T19:44:19.052256654Z;-5;Quote;6.7;123;6.75;317
SETU26;;Market Price;2026-09-04T19:44:21.062162886Z;-5;Quote;6.7;122;6.75;317
SETU26;;Market Price;2026-09-04T19:44:21.116775949Z;-5;Quote;6.7;122;6.75;316
SETU26;;Market Price;2026-09-04T19:44:23.481832449Z;-5;Quote;6.7;121;6.75;316
SETU26;;Market Price;2026-09-04T19:44:24.486725695Z;-5;Quote;6.7;121;6.75;231
SETU26;;Market Price;2026-09-04T19:44:24.491738937Z;-5;Quote;6.7;124;6.75;231
SETU26;;Market Price;2026-09-04T19:44:25.052213255Z;-5;Quote;6.7;125;6.75;231
SETU26;;Market Price;2026-09-04T19:44:27.067302287Z;-5;Quote;6.7;124;6.75;231
SETU26;;Market Price;2026-09-04T19:44:27.122073169Z;-5;Quote;6.7;124;6.75;230
SETU26;;Market Price;2026-09-04T19:44:31.046630274Z;-5;Quote;6.7;125;6.75;230
SETU26;;Market Price;2026-09-04T19:44:33.077056345Z;-5;Quote;6.7;124;6.75;230
SETU26;;Market Price;2026-09-04T19:44:33.136788946Z;-5;Quote;6.7;124;6.75;229
SETU26;;Market Price;2026-09-04T19:44:37.057137890Z;-5;Quote;6.7;125;6.75;229
SETU26;;Market Price;2026-09-04T19:44:39.002036877Z;-5;Quote;6.7;125;6.75;234
SETU26;;Market Price;2026-09-04T19:44:39.061755022Z;-5;Quote;6.7;124;6.75;234
SETU26;;Market Price;2026-09-04T19:44:39.116931935Z;-5;Quote;6.7;124;6.75;233
SETU26;;Market Price;2026-09-04T19:44:43.061774370Z;-5;Quote;6.7;125;6.75;233
SETU26;;Market Price;2026-09-04T19:44:43.676729882Z;-5;Quote;6.75;67;6.8;424
SETU26;;Market Price;2026-09-04T19:44:43.676729882Z;-5;Quote;6.75;67;6.8;24
SETU26;;Market Price;2026-09-04T19:44:43.676729882Z;-5;Quote;6.75;107;6.8;24
SETU26;;Market Price;2026-09-04T19:44:43.926634571Z;-5;Quote;6.75;107;6.8;29
SETU26;;Market Price;2026-09-04T19:44:44.116279459Z;-5;Quote;6.75;108;6.8;29
SETU26;;Market Price;2026-09-04T19:44:45.076661573Z;-5;Quote;6.75;107;6.8;29
SETU26;;Market Price;2026-09-04T19:44:45.131464109Z;-5;Quote;6.75;107;6.8;28
SETU26;;Market Price;2026-09-04T19:44:49.046982977Z;-5;Quote;6.75;108;6.8;28
SETU26;;Market Price;2026-09-04T19:44:51.067150993Z;-5;Quote;6.75;107;6.8;28
SETU26;;Market Price;2026-09-04T19:44:51.121955890Z;-5;Quote;6.75;107;6.8;27
SETU26;;Market Price;2026-09-04T19:44:55.426989915Z;-5;Quote;6.75;107;6.8;7
SETU26;;Market Price;2026-09-04T19:44:55.426989915Z;-5;Quote;6.75;107;6.8;2
SETU26;;Market Price;2026-09-04T19:44:55.827240409Z;-5;Quote;6.75;107;6.85;50
SETU26;;Market Price;2026-09-04T19:44:56.141903542Z;-5;Quote;6.75;107;6.85;55
SETU26;;Market Price;2026-09-04T19:44:56.191690903Z;-5;Quote;6.75;110;6.85;55
SETU26;;Market Price;2026-09-04T19:45:00.096618590Z;-5;Quote;6.75;107;6.85;55
SETU26;;Market Price;2026-09-04T19:45:00.096618590Z;-5;Quote;6.75;104;6.85;55
SETU26;;Market Price;2026-09-04T19:45:00.147385807Z;-5;Quote;6.75;107;6.85;55
SETU26;;Market Price;2026-09-04T19:45:02.386723668Z;-5;Quote;6.75;104;6.85;55
SETU26;;Market Price;2026-09-04T19:45:02.386723668Z;-5;Quote;6.75;101;6.85;55
SETU26;;Market Price;2026-09-04T19:45:02.411561307Z;-5;Quote;6.75;101;6.85;41
SETU26;;Market Price;2026-09-04T19:45:02.762125931Z;-5;Quote;6.75;40;6.85;41
SETU26;;Market Price;2026-09-04T19:45:02.762125931Z;-5;Quote;6.75;41;6.85;41
SETU26;;Market Price;2026-09-04T19:45:06.072298439Z;-5;Quote;6.75;11;6.85;41
SETU26;;Market Price;2026-09-04T19:45:11.017202086Z;-5;Quote;6.75;10;6.85;41
SETU26;;Market Price;2026-09-04T19:45:11.042157600Z;-5;Quote;6.75;10;6.85;40
SETU26;;Market Price;2026-09-04T19:45:11.561252716Z;-5;Quote;6.75;11;6.85;40
SETU26;;Market Price;2026-09-04T19:45:11.626828761Z;-5;Quote;6.75;11;6.9;19
SETU26;;Market Price;2026-09-04T19:45:11.851358155Z;-5;Quote;6.75;11;6.9;23
SETU26;;Market Price;2026-09-04T19:45:12.676935893Z;-5;Quote;6.75;11;6.95;25
SETU26;;Market Price;2026-09-04T19:45:13.131797876Z;-5;Quote;6.85;4;6.95;25
SETU26;;Market Price;2026-09-04T19:45:13.181517755Z;-5;Quote;6.85;5;6.95;25
SETU26;;Market Price;2026-09-04T19:45:13.846683515Z;-5;Quote;6.85;5;7;25
SETU26;;Market Price;2026-09-04T19:45:14.061714776Z;-5;Quote;6.85;5;6.95;20
SETU26;;Market Price;2026-09-04T19:45:14.966296978Z;-5;Quote;6.85;5;7;25
SETU26;;Market Price;2026-09-04T19:45:16.016473872Z;-5;Quote;6.85;5;7;9
SETU26;;Market Price;2026-09-04T19:45:16.151391029Z;-5;Quote;6.85;70;7;9
SETU26;;Market Price;2026-09-04T19:45:16.281873383Z;-5;Quote;6.85;170;7;9
SETU26;;Market Price;2026-09-04T19:45:16.316741003Z;-5;Quote;6.85;170;6.95;1
SETU26;;Market Price;2026-09-04T19:45:16.452135588Z;-5;Quote;6.85;170;6.95;2
SETU26;;Market Price;2026-09-04T19:45:17.136702615Z;-5;Quote;6.85;74;6.95;2
SETU26;;Market Price;2026-09-04T19:45:19.126598480Z;-5;Quote;6.85;74;6.95;1
SETU26;;Market Price;2026-09-04T19:45:19.126598480Z;-5;Quote;6.85;74;7;14
SETU26;;Market Price;2026-09-04T19:45:19.796600243Z;-5;Quote;6.95;10;7;14
SETU26;;Market Price;2026-09-04T19:45:19.796600243Z;-5;Quote;6.95;11;7;14
SETU26;;Market Price;2026-09-04T19:45:20.131925970Z;-5;Quote;6.85;74;7;14
SETU26;;Market Price;2026-09-04T19:45:21.391759784Z;-5;Quote;6.85;74;7;19
SETU26;;Market Price;2026-09-04T19:45:21.521167374Z;-5;Quote;6.85;74;7;20
SETU26;;Market Price;2026-09-04T19:45:21.681477641Z;-5;Quote;6.85;74;7;21
SETU26;;Market Price;2026-09-04T19:45:21.906533315Z;-5;Quote;6.85;74;7;22
SETU26;;Market Price;2026-09-04T19:45:23.462176040Z;-5;Quote;6.85;74;7;23
SETU26;;Market Price;2026-09-04T19:45:23.626460209Z;-5;Quote;6.85;74;7;24
SETU26;;Market Price;2026-09-04T19:45:24.421602023Z;-5;Quote;6.9;1;7;24
SETU26;;Market Price;2026-09-04T19:45:24.706311772Z;-5;Quote;6.85;74;7;24
SETU26;;Market Price;2026-09-04T19:45:27.352184434Z;-5;Quote;6.85;108;7;24
SETU26;;Market Price;2026-09-04T19:45:28.982002878Z;-5;Quote;6.85;108;7;44
SETU26;;Market Price;2026-09-04T19:45:33.696418718Z;-5;Quote;6.85;108;7;43
SETU26;;Market Price;2026-09-04T19:45:33.757145075Z;-5;Quote;6.85;108;6.9;13
SETU26;;Market Price;2026-09-04T19:45:45.846625640Z;-5;Quote;6.85;108;6.9;12
SETU26;;Market Price;2026-09-04T19:45:47.236661966Z;-5;Quote;6.85;88;6.9;12
SETU26;;Market Price;2026-09-04T19:45:50.977134078Z;-5;Quote;6.85;98;6.9;12
SETU26;;Market Price;2026-09-04T19:45:52.226710367Z;-5;Quote;6.85;98;6.9;2
SETU26;;Market Price;2026-09-04T19:45:53.651382531Z;-5;Quote;6.85;88;6.9;2
SETU26;;Market Price;2026-09-04T19:45:56.631973136Z;-5;Quote;6.9;8;7;43
SETU26;;Market Price;2026-09-04T19:45:56.631973136Z;-5;Quote;6.9;18;7;43
SETU26;;Market Price;2026-09-04T19:45:56.631973136Z;-5;Quote;6.9;19;7;43
SETU26;;Market Price;2026-09-04T19:45:58.186448637Z;-5;Quote;6.9;18;7;43
SETU26;;Market Price;2026-09-04T19:45:58.213239862Z;-5;Quote;6.9;18;7;42
SETU26;;Market Price;2026-09-04T19:45:58.732011302Z;-5;Quote;6.9;19;7;42
SETU26;;Market Price;2026-09-04T19:46:09.877030097Z;-5;Quote;6.9;19;7;92
SETU26;;Market Price;2026-09-04T19:46:10.546819393Z;-5;Quote;6.9;18;7;92
SETU26;;Market Price;2026-09-04T19:46:10.571652309Z;-5;Quote;6.9;18;7;91
SETU26;;Market Price;2026-09-04T19:46:11.092358644Z;-5;Quote;6.9;19;7;91
SETU26;;Market Price;2026-09-04T19:46:19.942270323Z;-5;Quote;6.9;19;6.95;211
SETU26;;Market Price;2026-09-04T19:46:22.912156279Z;-5;Quote;6.9;18;6.95;211
SETU26;;Market Price;2026-09-04T19:46:22.937109828Z;-5;Quote;6.9;18;6.95;210
SETU26;;Market Price;2026-09-04T19:46:23.456480076Z;-5;Quote;6.9;19;6.95;210
SETU26;;Market Price;2026-09-04T19:46:23.962265428Z;-5;Quote;6.9;9;6.95;210
SETU26;;Market Price;2026-09-04T19:46:34.846528304Z;-5;Quote;6.85;13;6.95;210
SETU26;;Market Price;2026-09-04T19:46:39.941899057Z;-5;Quote;6.85;14;6.95;210
SETU26;;Market Price;2026-09-04T19:46:42.946499484Z;-5;Quote;6.85;14;6.9;15
SETU26;;Market Price;2026-09-04T19:46:44.846550126Z;-5;Quote;6.85;14;6.95;15
SETU26;;Market Price;2026-09-04T19:46:51.756769733Z;-5;Quote;6.85;13;6.95;15
SETU26;;Market Price;2026-09-04T19:46:51.781717916Z;-5;Quote;6.85;13;6.95;14
SETU26;;Market Price;2026-09-04T19:46:52.306499408Z;-5;Quote;6.85;14;6.95;14
SETU26;;Market Price;2026-09-04T19:47:01.492146110Z;-5;Quote;6.95;36;7;41
SETU26;;Market Price;2026-09-04T19:47:01.542008159Z;-5;Quote;6.95;37;7;41
SETU26;;Market Price;2026-09-04T19:47:03.981861780Z;-5;Quote;6.95;36;7;41
SETU26;;Market Price;2026-09-04T19:47:04.006690953Z;-5;Quote;6.95;36;7;40
SETU26;;Market Price;2026-09-04T19:47:04.527133356Z;-5;Quote;6.95;37;7;40
SETU26;;Market Price;2026-09-04T19:47:09.317036553Z;-5;Quote;6.95;17;7;40
SETU26;;Market Price;2026-09-04T19:47:09.747154543Z;-5;Quote;6.95;15;7;40
SETU26;;Market Price;2026-09-04T19:47:13.412121744Z;-5;Quote;6.95;15;7;15
SETU26;;Market Price;2026-09-04T19:47:13.686895606Z;-5;Quote;6.95;14;7;15
SETU26;;Market Price;2026-09-04T19:47:13.716768195Z;-5;Quote;6.95;14;7;14
SETU26;;Market Price;2026-09-04T19:47:14.231597303Z;-5;Quote;6.95;15;7;14
SETU26;;Market Price;2026-09-04T19:47:15.781835525Z;-5;Quote;6.95;15;7;16
SETU26;;Market Price;2026-09-04T19:47:16.976574382Z;-5;Quote;6.95;10;7;16
SETU26;;Market Price;2026-09-04T19:47:17.206596695Z;-5;Quote;6.95;38;7;16
SETU26;;Market Price;2026-09-04T19:47:21.682225456Z;-5;Quote;6.95;38;7;94
SETU26;;Market Price;2026-09-04T19:47:23.176865937Z;-5;Quote;6.95;38;7;103
SETU26;;Market Price;2026-09-04T19:47:23.396909047Z;-5;Quote;6.95;37;7;103
SETU26;;Market Price;2026-09-04T19:47:23.421861682Z;-5;Quote;6.95;37;7;102
SETU26;;Market Price;2026-09-04T19:47:23.941538602Z;-5;Quote;6.95;38;7;102
SETU26;;Market Price;2026-09-04T19:47:25.132245824Z;-5;Quote;6.85;13;6.95;62
SETU26;;Market Price;2026-09-04T19:47:25.132245824Z;-5;Quote;6.85;13;6.95;72
SETU26;;Market Price;2026-09-04T19:47:26.327254260Z;-5;Quote;6.85;13;6.95;73
SETU26;;Market Price;2026-09-04T19:47:26.971498944Z;-5;Quote;6.85;13;6.9;1
SETU26;;Market Price;2026-09-04T19:47:26.971498944Z;-5;Quote;6.85;13;6.9;2
SETU26;;Market Price;2026-09-04T19:47:27.506580110Z;-5;Quote;6.85;13;6.9;1
SETU26;;Market Price;2026-09-04T19:47:34.211905439Z;-5;Quote;6.9;49;6.95;62
SETU26;;Market Price;2026-09-04T19:47:36.886457987Z;-5;Quote;6.9;50;6.95;62
SETU26;;Market Price;2026-09-04T19:47:38.521810715Z;-5;Quote;6.9;50;7;93
SETU26;;Market Price;2026-09-04T19:47:39.296452588Z;-5;Quote;6.9;58;7;93
SETU26;;Market Price;2026-09-04T19:47:40.752269876Z;-5;Quote;6.9;57;7;93
SETU26;;Market Price;2026-09-04T19:47:43.416746992Z;-5;Quote;6.95;50;7;93
SETU26;;Market Price;2026-09-04T19:47:43.466483898Z;-5;Quote;6.95;51;7;93
SETU26;;Market Price;2026-09-04T19:47:44.382273077Z;-5;Quote;6.95;51;7;111
SETU26;;Market Price;2026-09-04T19:47:45.351465576Z;-5;Quote;6.95;51;7;101
SETU26;;Market Price;2026-09-04T19:47:46.046972285Z;-5;Quote;6.95;50;7;101
SETU26;;Market Price;2026-09-04T19:47:46.071939066Z;-5;Quote;6.95;50;7;100
SETU26;;Market Price;2026-09-04T19:47:46.596697204Z;-5;Quote;6.95;51;7;100
SETU26;;Market Price;2026-09-04T19:47:46.646464078Z;-5;Quote;6.95;1;7;100
SETU26;;Market Price;2026-09-04T19:47:48.876786609Z;-5;Quote;6.95;1;7.05;25
SETU26;;Market Price;2026-09-04T19:47:51.141554037Z;-5;Quote;7;50;7.05;25
SETU26;;Market Price;2026-09-04T19:47:54.626865536Z;-5;Quote;7.05;75;7.6;30
SETU26;;Market Price;2026-09-04T19:47:55.461410211Z;-5;Quote;7.05;75;7.5;10
SETU26;;Market Price;2026-09-04T19:47:55.782046998Z;-5;Quote;7.05;75;7.5;9
SETU26;;Market Price;2026-09-04T19:47:56.921631278Z;-5;Quote;7.05;75;7.45;15
SETU26;;Market Price;2026-09-04T19:47:59.326906045Z;-5;Quote;7.05;75;7.4;10
SETU26;;Market Price;2026-09-04T19:48:01.026721424Z;-5;Quote;7.05;75;7.35;15
SETU26;;Market Price;2026-09-04T19:48:02.906571377Z;-5;Quote;7.05;75;7.5;24
SETU26;;Market Price;2026-09-04T19:48:03.416568975Z;-5;Quote;7.05;75;7.45;15
SETU26;;Market Price;2026-09-04T19:48:05.492404383Z;-5;Quote;7.05;75;7.45;14
SETU26;;Market Price;2026-09-04T19:48:07.212085823Z;-5;Quote;7.05;75;7.4;11
SETU26;;Market Price;2026-09-04T19:48:08.376304416Z;-5;Quote;6.95;5;7.4;11
SETU26;;Market Price;2026-09-04T19:48:08.376304416Z;-5;Quote;6.95;6;7.4;11
SETU26;;Market Price;2026-09-04T19:48:08.897149239Z;-5;Quote;6.95;6;7.35;15
SETU26;;Market Price;2026-09-04T19:48:11.611762041Z;-5;Quote;6.95;6;7.3;11
SETU26;;Market Price;2026-09-04T19:48:12.647018668Z;-5;Quote;6.95;7;7.3;11
SETU26;;Market Price;2026-09-04T19:48:13.251540617Z;-5;Quote;6.95;7;7.25;1
SETU26;;Market Price;2026-09-04T19:48:13.456713160Z;-5;Quote;6.95;37;7.25;1
SETU26;;Market Price;2026-09-04T19:48:15.781437810Z;-5;Quote;6.95;37;7.1;11
SETU26;;Market Price;2026-09-04T19:48:18.391672080Z;-5;Quote;6.9;9;6.95;7
SETU26;;Market Price;2026-09-04T19:48:18.527140139Z;-5;Quote;6.9;9;6.95;6
SETU26;;Market Price;2026-09-04T19:48:18.957254501Z;-5;Quote;6.9;10;6.95;6
SETU26;;Market Price;2026-09-04T19:48:20.911717479Z;-5;Quote;6.85;14;6.9;90
SETU26;;Market Price;2026-09-04T19:48:23.446442690Z;-5;Quote;6.85;8;6.9;90
SETU26;;Market Price;2026-09-04T19:48:24.686673419Z;-5;Quote;6.85;7;6.9;90
SETU26;;Market Price;2026-09-04T19:48:25.696958804Z;-5;Quote;6.9;10;7.2;10
SETU26;;Market Price;2026-09-04T19:48:26.942146933Z;-5;Quote;6.9;11;7.2;10
SETU26;;Market Price;2026-09-04T19:48:27.786268777Z;-5;Quote;6.9;31;7.2;10
SETU26;;Market Price;2026-09-04T19:48:28.281428719Z;-5;Quote;6.9;31;7.15;1
SETU26;;Market Price;2026-09-04T19:48:28.656851535Z;-5;Quote;6.9;31;7.2;10
SETU26;;Market Price;2026-09-04T19:48:30.431235364Z;-5;Quote;6.9;31;7.15;100
SETU26;;Market Price;2026-09-04T19:48:30.431761979Z;-5;Quote;6.9;32;7.15;100
SETU26;;Market Price;2026-09-04T19:48:32.242240555Z;-5;Quote;6.9;82;7.15;100
SETU26;;Market Price;2026-09-04T19:48:37.827090394Z;-5;Quote;6.9;81;7.15;100
SETU26;;Market Price;2026-09-04T19:48:37.851926986Z;-5;Quote;6.9;81;7.15;99
SETU26;;Market Price;2026-09-04T19:48:38.371897579Z;-5;Quote;6.9;82;7.15;99
SETU26;;Market Price;2026-09-04T19:48:38.802000213Z;-5;Quote;6.9;72;7.15;99
SETU26;;Market Price;2026-09-04T19:48:39.767245168Z;-5;Quote;6.9;68;7.15;99
SETU26;;Market Price;2026-09-04T19:48:41.786508806Z;-5;Quote;6.9;69;7.15;99
SETU26;;Market Price;2026-09-04T19:48:42.127056780Z;-5;Quote;6.9;69;7.35;15
SETU26;;Market Price;2026-09-04T19:48:45.547143186Z;-5;Quote;6.9;59;7.35;15
SETU26;;Market Price;2026-09-04T19:48:47.531916855Z;-5;Quote;6.9;58;7.35;15
SETU26;;Market Price;2026-09-04T19:48:47.556850827Z;-5;Quote;6.9;58;7.35;14
SETU26;;Market Price;2026-09-04T19:48:49.251415407Z;-5;Quote;6.95;5;7.35;14
SETU26;;Market Price;2026-09-04T19:48:49.251415407Z;-5;Quote;6.95;6;7.35;14
SETU26;;Market Price;2026-09-04T19:48:49.977224872Z;-5;Quote;6.95;7;7.35;14
SETU26;;Market Price;2026-09-04T19:48:50.136475501Z;-5;Quote;6.95;8;7.35;14
SETU26;;Market Price;2026-09-04T19:48:50.351591548Z;-5;Quote;6.95;9;7.35;14
SETU26;;Market Price;2026-09-04T19:48:54.267124732Z;-5;Quote;6.95;9;7.3;1
SETU26;;Market Price;2026-09-04T19:48:55.446603185Z;-5;Quote;6.95;34;7.3;1
SETU26;;Market Price;2026-09-04T19:48:55.651771264Z;-5;Quote;6.95;34;7.3;26
SETU26;;Market Price;2026-09-04T19:48:56.347441828Z;-5;Quote;6.95;32;7.3;26
SETU26;;Market Price;2026-09-04T19:48:56.936838915Z;-5;Quote;6.95;32;7.25;15
SETU26;;Market Price;2026-09-04T19:48:56.996521925Z;-5;Quote;6.95;32;7.2;5
SETU26;;Market Price;2026-09-04T19:48:57.241793484Z;-5;Quote;6.95;31;7.2;5
SETU26;;Market Price;2026-09-04T19:48:57.266627757Z;-5;Quote;6.95;31;7.2;4
SETU26;;Market Price;2026-09-04T19:48:57.347323121Z;-5;Quote;6.95;30;7.2;4
SETU26;;Market Price;2026-09-04T19:49:04.826549213Z;-5;Quote;6.95;30;7.2;24
SETU26;;Market Price;2026-09-04T19:49:04.826549213Z;-5;Quote;6.95;31;7.2;24
SETU26;;Market Price;2026-09-04T19:49:05.941901245Z;-5;Quote;7;25;7.2;24
SETU26;;Market Price;2026-09-04T19:49:05.991673951Z;-5;Quote;7;26;7.2;24
SETU26;;Market Price;2026-09-04T19:49:06.211721803Z;-5;Quote;7;26;7.2;4
SETU26;;Market Price;2026-09-04T19:49:06.712036766Z;-5;Quote;7;26;7.15;15
SETU26;;Market Price;2026-09-04T19:49:06.996808609Z;-5;Quote;7;26;7.2;4
SETU26;;Market Price;2026-09-04T19:49:10.172168589Z;-5;Quote;7;27;7.2;4
SETU26;;Market Price;2026-09-04T19:49:10.187150986Z;-5;Quote;7;26;7.2;4
SETU26;;Market Price;2026-09-04T19:49:10.211971381Z;-5;Quote;7;26;7.2;3
SETU26;;Market Price;2026-09-04T19:49:10.241443388Z;-5;Quote;7;26;7.2;13
SETU26;;Market Price;2026-09-04T19:49:10.396780965Z;-5;Quote;7;26;7.2;10
SETU26;;Market Price;2026-09-04T19:49:10.846794459Z;-5;Quote;7;27;7.2;10
SETU26;;Market Price;2026-09-04T19:49:11.022009461Z;-5;Quote;7;28;7.2;10
SETU26;;Market Price;2026-09-04T19:49:13.356961203Z;-5;Quote;7;28;7.2;11
SETU26;;Market Price;2026-09-04T19:49:13.676548668Z;-5;Quote;7;28;7.2;8
SETU26;;Market Price;2026-09-04T19:49:16.406592794Z;-5;Quote;7;28;7.2;11
SETU26;;Market Price;2026-09-04T19:49:16.962153377Z;-5;Quote;7.2;23;7.25;15
SETU26;;Market Price;2026-09-04T19:49:16.962153377Z;-5;Quote;7.2;24;7.25;15
SETU26;;Market Price;2026-09-04T19:49:17.051826458Z;-5;Quote;7.2;23;7.25;15
SETU26;;Market Price;2026-09-04T19:49:18.776374970Z;-5;Quote;7.2;20;7.25;15
SETU26;;Market Price;2026-09-04T19:49:18.832232629Z;-5;Quote;7.2;18;7.25;15
SETU26;;Market Price;2026-09-04T19:49:19.442212731Z;-5;Quote;7.2;17;7.25;15
SETU26;;Market Price;2026-09-04T19:49:19.892239308Z;-5;Quote;7.2;16;7.25;15
SETU26;;Market Price;2026-09-04T19:49:19.917181393Z;-5;Quote;7.2;16;7.25;14
SETU26;;Market Price;2026-09-04T19:49:20.436579261Z;-5;Quote;7.2;17;7.25;14
SETU26;;Market Price;2026-09-04T19:49:23.542021567Z;-5;Quote;7.2;16;7.25;14
SETU26;;Market Price;2026-09-04T19:49:23.747061680Z;-5;Quote;7.2;15;7.25;14
SETU26;;Market Price;2026-09-04T19:49:25.746244718Z;-5;Quote;7.2;15;7.25;23
SETU26;;Market Price;2026-09-04T19:49:26.726963640Z;-5;Quote;7;28;7.25;23
SETU26;;Market Price;2026-09-04T19:49:28.886498674Z;-5;Quote;7.1;7;7.25;23
SETU26;;Market Price;2026-09-04T19:49:30.146747980Z;-5;Quote;7.1;8;7.25;23
SETU26;;Market Price;2026-09-04T19:49:36.346940720Z;-5;Quote;7.1;5;7.25;23
SETU26;;Market Price;2026-09-04T19:49:37.041939127Z;-5;Quote;7.1;4;7.25;23
SETU26;;Market Price;2026-09-04T19:49:37.066787650Z;-5;Quote;7.1;4;7.25;22
SETU26;;Market Price;2026-09-04T19:49:37.587169091Z;-5;Quote;7.1;5;7.25;22
SETU26;;Market Price;2026-09-04T19:49:38.587067232Z;-5;Quote;7.1;5;7.15;25
SETU26;;Market Price;2026-09-04T19:49:39.242249781Z;-5;Quote;7.25;23;7.3;155
SETU26;;Market Price;2026-09-04T19:49:39.291883001Z;-5;Quote;7.25;24;7.3;155
SETU26;;Market Price;2026-09-04T19:49:40.911439613Z;-5;Quote;7.25;9;7.3;155
SETU26;;Market Price;2026-09-04T19:49:41.066729001Z;-5;Quote;7.1;4;7.25;6
SETU26;;Market Price;2026-09-04T19:49:41.886412429Z;-5;Quote;7.1;4;7.3;155
SETU26;;Market Price;2026-09-04T19:49:45.586744672Z;-5;Quote;7.1;5;7.3;155
SETU26;;Market Price;2026-09-04T19:49:46.691514107Z;-5;Quote;7.1;5;7.25;20
SETU26;;Market Price;2026-09-04T19:49:47.416880863Z;-5;Quote;7.1;5;7.25;22
SETU26;;Market Price;2026-09-04T19:49:50.976615778Z;-5;Quote;7;59;7.25;22
SETU26;;Market Price;2026-09-04T19:49:51.656562026Z;-5;Quote;7;59;7.25;20
SETU26;;Market Price;2026-09-04T19:49:52.026961406Z;-5;Quote;7.1;50;7.25;20
SETU26;;Market Price;2026-09-04T19:49:52.336537500Z;-5;Quote;7.1;50;7.15;25
SETU26;;Market Price;2026-09-04T19:49:53.201809737Z;-5;Quote;7.1;50;7.25;20
SETU26;;Market Price;2026-09-04T19:49:53.221702486Z;-5;Quote;7.1;50;7.25;42
SETU26;;Market Price;2026-09-04T19:49:53.221702486Z;-5;Quote;7.1;51;7.25;42
SETU26;;Market Price;2026-09-04T19:49:53.701469619Z;-5;Quote;7.15;50;7.25;42
SETU26;;Market Price;2026-09-04T19:49:53.701469619Z;-5;Quote;7.15;19;7.25;42
SETU26;;Market Price;2026-09-04T19:49:53.751299944Z;-5;Quote;7.15;20;7.25;42
SETU26;;Market Price;2026-09-04T19:49:56.017033994Z;-5;Quote;7.15;20;7.25;47
SETU26;;Market Price;2026-09-04T19:49:57.042281086Z;-5;Quote;7.15;19;7.25;47
SETU26;;Market Price;2026-09-04T19:49:57.067107402Z;-5;Quote;7.15;19;7.25;46
SETU26;;Market Price;2026-09-04T19:49:57.587269592Z;-5;Quote;7.15;20;7.25;46
SETU26;;Market Price;2026-09-04T19:49:58.421389431Z;-5;Quote;7.15;20;7.25;24
SETU26;;Market Price;2026-09-04T19:49:59.461835119Z;-5;Quote;7.15;19;7.25;24
SETU26;;Market Price;2026-09-04T19:49:59.486670249Z;-5;Quote;7.15;19;7.25;22
SETU26;;Market Price;2026-09-04T19:50:00.077095957Z;-5;Quote;7.15;17;7.25;22
SETU26;;Market Price;2026-09-04T19:50:00.077095957Z;-5;Quote;7.15;15;7.25;22
SETU26;;Market Price;2026-09-04T19:50:00.081055880Z;-5;Quote;7.15;13;7.25;22
SETU26;;Market Price;2026-09-04T19:50:00.116929180Z;-5;Quote;7.15;11;7.25;22
SETU26;;Market Price;2026-09-04T19:50:00.236704706Z;-5;Quote;7.15;11;7.25;70
SETU26;;Market Price;2026-09-04T19:50:00.841794270Z;-5;Quote;6.95;115;7.25;70
SETU26;;Market Price;2026-09-04T19:50:00.866737540Z;-5;Quote;6.95;105;7.25;70
SETU26;;Market Price;2026-09-04T19:50:01.066734633Z;-5;Quote;6.95;103;7.25;70
SETU26;;Market Price;2026-09-04T19:50:01.066734633Z;-5;Quote;6.95;103;7.25;22
SETU26;;Market Price;2026-09-04T19:50:01.113585856Z;-5;Quote;6.95;101;7.25;22
SETU26;;Market Price;2026-09-04T19:50:01.146346289Z;-5;Quote;6.95;96;7.25;22
SETU26;;Market Price;2026-09-04T19:50:01.851449752Z;-5;Quote;6.95;13;7.25;22
SETU26;;Market Price;2026-09-04T19:50:02.332243220Z;-5;Quote;6.95;13;7.3;122
SETU26;;Market Price;2026-09-04T19:50:03.217299511Z;-5;Quote;6.95;28;7.3;122
SETU26;;Market Price;2026-09-04T19:50:03.331843636Z;-5;Quote;6.95;28;7.3;57
SETU26;;Market Price;2026-09-04T19:50:03.492146075Z;-5;Quote;6.95;28;7.25;33
SETU26;;Market Price;2026-09-04T19:50:03.667327557Z;-5;Quote;7;5;7.25;33
SETU26;;Market Price;2026-09-04T19:50:05.586895821Z;-5;Quote;7;5;7.25;38
SETU26;;Market Price;2026-09-04T19:50:07.086802225Z;-5;Quote;7;5;7.2;20
SETU26;;Market Price;2026-09-04T19:50:07.086802225Z;-5;Quote;7;5;7.2;76
SETU26;;Market Price;2026-09-04T19:50:08.156782897Z;-5;Quote;7;5;7.2;22
SETU26;;Market Price;2026-09-04T19:50:08.201602221Z;-5;Quote;6.95;28;7.2;22
SETU26;;Market Price;2026-09-04T19:50:09.966732933Z;-5;Quote;7;5;7.2;22
SETU26;;Market Price;2026-09-04T19:50:10.102118370Z;-5;Quote;6.95;28;7.2;22
SETU26;;Market Price;2026-09-04T19:50:11.112104637Z;-5;Quote;6.95;8;7.2;22
SETU26;;Market Price;2026-09-04T19:50:12.112010320Z;-5;Quote;6.9;52;7.2;22
SETU26;;Market Price;2026-09-04T19:50:12.116921541Z;-5;Quote;6.9;52;7.2;27
SETU26;;Market Price;2026-09-04T19:50:12.161753587Z;-5;Quote;6.9;52;7.1;25
SETU26;;Market Price;2026-09-04T19:50:12.707002686Z;-5;Quote;6.9;52;6.95;25
SETU26;;Market Price;2026-09-04T19:50:12.917091364Z;-5;Quote;6.9;51;6.95;25
SETU26;;Market Price;2026-09-04T19:50:12.917091364Z;-5;Quote;6.9;50;6.95;25
SETU26;;Market Price;2026-09-04T19:50:13.981635987Z;-5;Quote;6.9;25;6.95;25
SETU26;;Market Price;2026-09-04T19:50:15.087058662Z;-5;Quote;6.9;25;7.1;25
SETU26;;Market Price;2026-09-04T19:50:15.467059660Z;-5;Quote;6.85;104;7.1;25
SETU26;;Market Price;2026-09-04T19:50:16.576815983Z;-5;Quote;6.85;101;7.1;25
SETU26;;Market Price;2026-09-04T19:50:17.396504575Z;-5;Quote;6.85;101;6.9;25
SETU26;;Market Price;2026-09-04T19:50:18.036693336Z;-5;Quote;6.85;101;6.9;24
SETU26;;Market Price;2026-09-04T19:50:18.296643771Z;-5;Quote;6.85;85;6.9;24
SETU26;;Market Price;2026-09-04T19:50:19.331395238Z;-5;Quote;6.85;65;6.9;24
SETU26;;Market Price;2026-09-04T19:50:19.336434810Z;-5;Quote;6.85;40;6.9;24
SETU26;;Market Price;2026-09-04T19:50:20.001461753Z;-5;Quote;6.85;30;6.9;24
SETU26;;Market Price;2026-09-04T19:50:20.037318281Z;-5;Quote;6.85;29;6.9;24
SETU26;;Market Price;2026-09-04T19:50:20.136961535Z;-5;Quote;6.85;28;6.9;24
SETU26;;Market Price;2026-09-04T19:50:20.371911873Z;-5;Quote;6.85;8;6.9;24
SETU26;;Market Price;2026-09-04T19:50:21.262041828Z;-5;Quote;6.85;7;6.9;24
SETU26;;Market Price;2026-09-04T19:50:21.376564462Z;-5;Quote;6.85;3;6.9;24
SETU26;;Market Price;2026-09-04T19:50:21.376564462Z;-5;Quote;6.85;2;6.9;24
SETU26;;Market Price;2026-09-04T19:50:21.472151168Z;-5;Quote;6.85;1;6.9;24
SETU26;;Market Price;2026-09-04T19:50:22.132253541Z;-5;Quote;6.85;4;6.9;24
SETU26;;Market Price;2026-09-04T19:50:23.282484445Z;-5;Quote;6.9;26;7.05;5
SETU26;;Market Price;2026-09-04T19:50:23.497174950Z;-5;Quote;6.9;6;7.05;5
SETU26;;Market Price;2026-09-04T19:50:24.311617924Z;-5;Quote;6.9;7;7.05;5
SETU26;;Market Price;2026-09-04T19:50:24.561510190Z;-5;Quote;6.85;5;7.05;5
SETU26;;Market Price;2026-09-04T19:50:24.926973373Z;-5;Quote;6.85;6;7.05;5
SETU26;;Market Price;2026-09-04T19:50:25.577033556Z;-5;Quote;6.85;2;7.05;5
SETU26;;Market Price;2026-09-04T19:50:26.811638747Z;-5;Quote;6.85;3;7.05;5
SETU26;;Market Price;2026-09-04T19:50:26.991856815Z;-5;Quote;6.85;4;7.05;5
SETU26;;Market Price;2026-09-04T19:50:27.526460430Z;-5;Quote;6.85;2;7.05;5
SETU26;;Market Price;2026-09-04T19:50:28.561962506Z;-5;Quote;6.85;3;7.05;5
SETU26;;Market Price;2026-09-04T19:50:28.747111924Z;-5;Quote;6.85;4;7.05;5
SETU26;;Market Price;2026-09-04T19:50:29.316705354Z;-5;Quote;6.85;4;7;200
SETU26;;Market Price;2026-09-04T19:50:31.566371173Z;-5;Quote;6.85;4;7;200
SETU26;;Market Price;2026-09-04T19:50:31.612246452Z;-5;Quote;6.85;4;6.95;5
SETU26;;Market Price;2026-09-04T19:50:32.417380986Z;-5;Quote;6.85;4;6.95;38
SETU26;;Market Price;2026-09-04T19:50:32.631436413Z;-5;Quote;6.85;3;6.95;38
SETU26;;Market Price;2026-09-04T19:50:35.936786552Z;-5;Quote;6.85;3;6.95;33
SETU26;;Market Price;2026-09-04T19:50:36.861485927Z;-5;Quote;6.85;3;6.95;31
SETU26;;Market Price;2026-09-04T19:50:36.861485927Z;-5;Quote;6.85;3;6.95;29
SETU26;;Market Price;2026-09-04T19:50:36.882456632Z;-5;Quote;6.85;3;6.95;18
SETU26;;Market Price;2026-09-04T19:50:37.631797935Z;-5;Quote;6.85;3;6.95;25
SETU26;;Market Price;2026-09-04T19:50:37.646784788Z;-5;Quote;6.85;3;6.95;22
SETU26;;Market Price;2026-09-04T19:50:37.861772269Z;-5;Quote;6.85;3;6.95;20
SETU26;;Market Price;2026-09-04T19:50:37.866832383Z;-5;Quote;6.85;3;6.95;15
SETU26;;Market Price;2026-09-04T19:50:39.616446537Z;-5;Quote;6.85;3;6.95;20
SETU26;;Market Price;2026-09-04T19:50:40.031650955Z;-5;Quote;6.85;3;6.95;17
SETU26;;Market Price;2026-09-04T19:50:40.211881738Z;-5;Quote;6.85;3;6.95;14
SETU26;;Market Price;2026-09-04T19:50:40.786320010Z;-5;Quote;6.95;43;7.25;33
SETU26;;Market Price;2026-09-04T19:50:41.032343745Z;-5;Quote;6.95;43;7.25;30
SETU26;;Market Price;2026-09-04T19:50:41.211504500Z;-5;Quote;6.95;43;7.25;27
SETU26;;Market Price;2026-09-04T19:50:41.532002578Z;-5;Quote;6.85;3;6.9;57
SETU26;;Market Price;2026-09-04T19:50:42.031805012Z;-5;Quote;6.85;3;6.9;54
SETU26;;Market Price;2026-09-04T19:50:42.212016342Z;-5;Quote;6.85;3;6.9;53
SETU26;;Market Price;2026-09-04T19:50:42.337248587Z;-5;Quote;6.65;80;6.85;18
SETU26;;Market Price;2026-09-04T19:50:42.577165558Z;-5;Quote;6.65;80;6.85;13
SETU26;;Market Price;2026-09-04T19:50:43.032115861Z;-5;Quote;6.65;80;6.85;10
SETU26;;Market Price;2026-09-04T19:50:43.116804593Z;-5;Quote;6.65;80;6.9;53
SETU26;;Market Price;2026-09-04T19:50:43.212357332Z;-5;Quote;6.65;80;6.9;47
SETU26;;Market Price;2026-09-04T19:50:44.941717868Z;-5;Quote;6.7;5;6.9;47
SETU26;;Market Price;2026-09-04T19:50:45.711696205Z;-5;Quote;6.7;5;6.9;42
SETU26;;Market Price;2026-09-04T19:50:46.911584011Z;-5;Quote;6.7;5;6.9;41
SETU26;;Market Price;2026-09-04T19:50:46.911584011Z;-5;Quote;6.7;5;6.9;39
SETU26;;Market Price;2026-09-04T19:50:46.931589621Z;-5;Quote;6.7;5;6.9;13
SETU26;;Market Price;2026-09-04T19:50:47.911483656Z;-5;Quote;6.7;5;6.9;10
SETU26;;Market Price;2026-09-04T19:50:48.222075848Z;-5;Quote;6.7;5;6.9;9
SETU26;;Market Price;2026-09-04T19:50:50.832105282Z;-5;Quote;6.7;5;6.9;64
SETU26;;Market Price;2026-09-04T19:50:51.511795223Z;-5;Quote;6.7;5;6.9;61
SETU26;;Market Price;2026-09-04T19:50:51.511795223Z;-5;Quote;6.7;5;6.9;58
SETU26;;Market Price;2026-09-04T19:50:55.751594682Z;-5;Quote;6.7;5;6.85;50
SETU26;;Market Price;2026-09-04T19:50:55.751594682Z;-5;Quote;6.7;5;6.85;104
SETU26;;Market Price;2026-09-04T19:50:55.816338328Z;-5;Quote;6.7;5;6.85;56
SETU26;;Market Price;2026-09-04T19:50:56.976701546Z;-5;Quote;6.7;5;6.85;41
SETU26;;Market Price;2026-09-04T19:50:57.031393962Z;-5;Quote;6.7;6;6.85;41
SETU26;;Market Price;2026-09-04T19:50:57.356793242Z;-5;Quote;6.85;9;6.9;3
SETU26;;Market Price;2026-09-04T19:50:57.376688337Z;-5;Quote;6.7;6;6.9;3
SETU26;;Market Price;2026-09-04T19:50:58.871703291Z;-5;Quote;6.7;6;6.9;2
SETU26;;Market Price;2026-09-04T19:50:58.881668533Z;-5;Quote;6.7;6;6.9;1
SETU26;;Market Price;2026-09-04T19:50:59.467148893Z;-5;Quote;6.7;7;6.9;1
SETU26;;Market Price;2026-09-04T19:50:59.917180495Z;-5;Quote;6.7;7;6.8;25
SETU26;;Market Price;2026-09-04T19:51:00.147186581Z;-5;Quote;6.75;20;6.8;25
SETU26;;Market Price;2026-09-04T19:51:00.147186581Z;-5;Quote;6.75;23;6.8;25
SETU26;;Market Price;2026-09-04T19:51:00.741482336Z;-5;Quote;6.75;3;6.8;25
SETU26;;Market Price;2026-09-04T19:51:04.521470538Z;-5;Quote;6.75;4;6.8;25
SETU26;;Market Price;2026-09-04T19:51:07.632160293Z;-5;Quote;6.75;4;6.8;28
SETU26;;Market Price;2026-09-04T19:51:07.681936257Z;-5;Quote;6.75;4;6.8;25
SETU26;;Market Price;2026-09-04T19:51:07.681936257Z;-5;Quote;6.75;4;6.8;22
SETU26;;Market Price;2026-09-04T19:51:07.761566886Z;-5;Quote;6.75;4;6.8;12
SETU26;;Market Price;2026-09-04T19:51:07.936884498Z;-5;Quote;6.7;2;6.75;46
SETU26;;Market Price;2026-09-04T19:51:07.936884498Z;-5;Quote;6.7;2;6.75;80
SETU26;;Market Price;2026-09-04T19:51:08.087229742Z;-5;Quote;6.7;6;6.75;80
SETU26;;Market Price;2026-09-04T19:51:08.942121975Z;-5;Quote;6.65;80;6.7;44
SETU26;;Market Price;2026-09-04T19:51:08.942121975Z;-5;Quote;6.65;80;6.7;87
SETU26;;Market Price;2026-09-04T19:51:08.942121975Z;-5;Quote;6.65;86;6.7;87
SETU26;;Market Price;2026-09-04T19:51:09.376956889Z;-5;Quote;6.65;86;6.7;84
SETU26;;Market Price;2026-09-04T19:51:09.421693512Z;-5;Quote;6.65;90;6.7;84
SETU26;;Market Price;2026-09-04T19:51:09.752245019Z;-5;Quote;6.65;75;6.7;84
SETU26;;Market Price;2026-09-04T19:51:09.752245019Z;-5;Quote;6.65;60;6.7;84
SETU26;;Market Price;2026-09-04T19:51:10.181299410Z;-5;Quote;6.65;70;6.7;84
SETU26;;Market Price;2026-09-04T19:51:11.226502549Z;-5;Quote;6.65;75;6.7;84
SETU26;;Market Price;2026-09-04T19:51:13.031902219Z;-5;Quote;6.65;25;6.7;84
SETU26;;Market Price;2026-09-04T19:51:13.726445052Z;-5;Quote;6.6;431;6.65;35
SETU26;;Market Price;2026-09-04T19:51:13.726445052Z;-5;Quote;6.6;431;6.65;22
SETU26;;Market Price;2026-09-04T19:51:13.726445052Z;-5;Quote;6.6;431;6.65;77
SETU26;;Market Price;2026-09-04T19:51:13.726445052Z;-5;Quote;6.6;431;6.65;65
SETU26;;Market Price;2026-09-04T19:51:14.981714583Z;-5;Quote;6.6;431;6.65;63
SETU26;;Market Price;2026-09-04T19:51:16.057217789Z;-5;Quote;6.6;431;6.65;53
SETU26;;Market Price;2026-09-04T19:51:17.811437792Z;-5;Quote;6.6;431;6.65;42
SETU26;;Market Price;2026-09-04T19:51:18.532079596Z;-5;Quote;6.6;431;6.65;40
SETU26;;Market Price;2026-09-04T19:51:19.392117821Z;-5;Quote;6.65;10;6.7;41
SETU26;;Market Price;2026-09-04T19:51:19.561421679Z;-5;Quote;6.65;20;6.7;41
SETU26;;Market Price;2026-09-04T19:51:21.296493970Z;-5;Quote;6.65;11;6.7;41
SETU26;;Market Price;2026-09-04T19:51:22.146478764Z;-5;Quote;6.65;1;6.7;41
SETU26;;Market Price;2026-09-04T19:51:22.817351783Z;-5;Quote;6.6;431;6.7;41
SETU26;;Market Price;2026-09-04T19:51:23.671943821Z;-5;Quote;6.6;431;6.65;5
SETU26;;Market Price;2026-09-04T19:51:24.577209497Z;-5;Quote;6.6;431;6.75;17
SETU26;;Market Price;2026-09-04T19:51:28.021936449Z;-5;Quote;6.6;432;6.75;17
SETU26;;Market Price;2026-09-04T19:51:31.027080674Z;-5;Quote;6.6;431;6.75;16
SETU26;;Market Price;2026-09-04T19:51:33.027060557Z;-5;Quote;6.6;431;6.75;66
SETU26;;Market Price;2026-09-04T19:51:33.131617239Z;-5;Quote;6.6;431;6.7;6
SETU26;;Market Price;2026-09-04T19:51:33.766780478Z;-5;Quote;6.7;4;6.75;66
SETU26;;Market Price;2026-09-04T19:51:33.766780478Z;-5;Quote;6.6;431;6.75;66
SETU26;;Market Price;2026-09-04T19:51:34.387104060Z;-5;Quote;6.6;431;6.75;53
SETU26;;Market Price;2026-09-04T19:51:36.341534585Z;-5;Quote;6.7;21;6.75;53
SETU26;;Market Price;2026-09-04T19:51:37.266412059Z;-5;Quote;6.7;21;6.75;50
SETU26;;Market Price;2026-09-04T19:51:41.112299644Z;-5;Quote;6.7;21;6.75;25
SETU26;;Market Price;2026-09-04T19:51:43.656943742Z;-5;Quote;6.6;432;6.7;29
SETU26;;Market Price;2026-09-04T19:51:44.586590902Z;-5;Quote;6.6;432;6.7;17
SETU26;;Market Price;2026-09-04T19:51:50.966555812Z;-5;Quote;6.65;5;6.7;17
SETU26;;Market Price;2026-09-04T19:51:51.997320057Z;-5;Quote;6.65;13;6.7;17
SETU26;;Market Price;2026-09-04T19:51:52.351479684Z;-5;Quote;6.65;14;6.7;17
SETU26;;Market Price;2026-09-04T19:51:52.351479684Z;-5;Quote;6.65;14;6.75;25
SETU26;;Market Price;2026-09-04T19:51:53.646803650Z;-5;Quote;6.65;14;6.75;26
SETU26;;Market Price;2026-09-04T19:51:54.627065480Z;-5;Quote;6.65;14;6.75;7
SETU26;;Market Price;2026-09-04T19:51:55.362420685Z;-5;Quote;6.65;13;6.75;6
SETU26;;Market Price;2026-09-04T19:52:00.531689622Z;-5;Quote;6.65;38;6.75;6
SETU26;;Market Price;2026-09-04T19:52:02.112136462Z;-5;Quote;6.7;10;6.75;6
SETU26;;Market Price;2026-09-04T19:52:02.117041336Z;-5;Quote;6.7;18;6.75;6
SETU26;;Market Price;2026-09-04T19:52:02.117041336Z;-5;Quote;6.7;18;6.9;1
SETU26;;Market Price;2026-09-04T19:52:04.666670451Z;-5;Quote;6.7;18;7.05;50
SETU26;;Market Price;2026-09-04T19:52:07.307084165Z;-5;Quote;6.7;18;6.75;50
SETU26;;Market Price;2026-09-04T19:52:08.877020222Z;-5;Quote;6.7;19;6.75;50
SETU26;;Market Price;2026-09-04T19:52:14.451833822Z;-5;Quote;6.7;19;6.75;57
SETU26;;Market Price;2026-09-04T19:52:14.757426173Z;-5;Quote;6.7;19;6.75;22
SETU26;;Market Price;2026-09-04T19:52:16.391711533Z;-5;Quote;6.7;11;6.75;22
SETU26;;Market Price;2026-09-04T19:52:16.391711533Z;-5;Quote;6.7;14;6.75;22
SETU26;;Market Price;2026-09-04T19:52:16.396743724Z;-5;Quote;6.7;14;6.75;14
SETU26;;Market Price;2026-09-04T19:52:16.686352708Z;-5;Quote;6.7;15;6.75;14
SETU26;;Market Price;2026-09-04T19:52:19.691910936Z;-5;Quote;6.7;14;6.75;13
SETU26;;Market Price;2026-09-04T19:52:20.357546185Z;-5;Quote;6.7;12;6.75;13
SETU26;;Market Price;2026-09-04T19:52:20.357546185Z;-5;Quote;6.7;11;6.75;13
SETU26;;Market Price;2026-09-04T19:52:21.356346444Z;-5;Quote;6.7;10;6.75;13
SETU26;;Market Price;2026-09-04T19:52:24.787126822Z;-5;Quote;6.7;10;7;10
SETU26;;Market Price;2026-09-04T19:52:26.742137179Z;-5;Quote;6.65;30;7;10
SETU26;;Market Price;2026-09-04T19:52:27.086611710Z;-5;Quote;6.75;3;7;10
SETU26;;Market Price;2026-09-04T19:52:27.791909705Z;-5;Quote;6.65;30;7;10
SETU26;;Market Price;2026-09-04T19:52:30.027156833Z;-5;Quote;6.65;29;7;10
SETU26;;Market Price;2026-09-04T19:52:31.021608780Z;-5;Quote;6.65;27;7;10
SETU26;;Market Price;2026-09-04T19:52:32.437135396Z;-5;Quote;6.65;29;7;10
SETU26;;Market Price;2026-09-04T19:52:36.142328813Z;-5;Quote;6.85;220;7;10
SETU26;;Market Price;2026-09-04T19:52:36.142328813Z;-5;Quote;6.85;222;7;10
SETU26;;Market Price;2026-09-04T19:52:36.162229746Z;-5;Quote;6.85;204;7;10
SETU26;;Market Price;2026-09-04T19:52:39.602094950Z;-5;Quote;6.85;204;7;140
SETU26;;Market Price;2026-09-04T19:52:39.731502604Z;-5;Quote;6.85;202;7;140
SETU26;;Market Price;2026-09-04T19:52:40.796491560Z;-5;Quote;6.85;209;7;140
SETU26;;Market Price;2026-09-04T19:52:41.021613331Z;-5;Quote;6.85;209;7;139
SETU26;;Market Price;2026-09-04T19:52:48.621688040Z;-5;Quote;6.85;209;6.95;30
SETU26;;Market Price;2026-09-04T19:52:51.652434910Z;-5;Quote;6.85;209;6.95;18
SETU26;;Market Price;2026-09-04T19:52:52.311989633Z;-5;Quote;6.85;206;6.95;18
SETU26;;Market Price;2026-09-04T19:52:52.687331466Z;-5;Quote;6.85;205;6.95;18
SETU26;;Market Price;2026-09-04T19:52:52.687331466Z;-5;Quote;6.85;204;6.95;18
SETU26;;Market Price;2026-09-04T19:52:52.691556200Z;-5;Quote;6.85;203;6.95;18
SETU26;;Market Price;2026-09-04T19:52:53.781517124Z;-5;Quote;6.85;203;6.95;28
SETU26;;Market Price;2026-09-04T19:52:54.151922658Z;-5;Quote;6.85;201;6.95;28
SETU26;;Market Price;2026-09-04T19:52:54.156433198Z;-5;Quote;6.85;198;6.95;28
SETU26;;Market Price;2026-09-04T19:52:54.156975916Z;-5;Quote;6.85;195;6.95;28
SETU26;;Market Price;2026-09-04T19:52:55.991824828Z;-5;Quote;6.85;193;6.95;28
SETU26;;Market Price;2026-09-04T19:52:55.991824828Z;-5;Quote;6.85;195;6.95;28
SETU26;;Market Price;2026-09-04T19:52:55.991824828Z;-5;Quote;6.85;195;6.95;26
SETU26;;Market Price;2026-09-04T19:52:59.181919875Z;-5;Quote;6.85;195;6.95;56
SETU26;;Market Price;2026-09-04T19:53:03.181472882Z;-5;Quote;6.85;195;6.9;9
SETU26;;Market Price;2026-09-04T19:53:03.207306056Z;-5;Quote;6.85;195;6.9;109
SETU26;;Market Price;2026-09-04T19:53:05.201460086Z;-5;Quote;6.85;188;6.9;109
SETU26;;Market Price;2026-09-04T19:53:05.201460086Z;-5;Quote;6.85;193;6.9;109
SETU26;;Market Price;2026-09-04T19:53:05.201460086Z;-5;Quote;6.85;193;6.9;102
SETU26;;Market Price;2026-09-04T19:53:06.631835825Z;-5;Quote;6.85;193;6.9;99
SETU26;;Market Price;2026-09-04T19:53:10.231969865Z;-5;Quote;6.85;193;6.9;89
SETU26;;Market Price;2026-09-04T19:53:11.806939506Z;-5;Quote;6.85;191;6.9;89
SETU26;;Market Price;2026-09-04T19:53:11.857132498Z;-5;Quote;6.85;191;6.9;219
SETU26;;Market Price;2026-09-04T19:53:13.016847272Z;-5;Quote;6.85;191;6.9;220
SETU26;;Market Price;2026-09-04T19:53:15.022219820Z;-5;Quote;6.85;190;6.9;219
SETU26;;Market Price;2026-09-04T19:53:19.547381931Z;-5;Quote;6.85;188;6.9;219
SETU26;;Market Price;2026-09-04T19:53:19.547381931Z;-5;Quote;6.85;191;6.9;219
SETU26;;Market Price;2026-09-04T19:53:19.547381931Z;-5;Quote;6.85;191;6.9;217
SETU26;;Market Price;2026-09-04T19:53:20.027280691Z;-5;Quote;6.85;190;6.9;217
SETU26;;Market Price;2026-09-04T19:53:20.067019849Z;-5;Quote;6.85;194;6.9;217
SETU26;;Market Price;2026-09-04T19:53:20.386591525Z;-5;Quote;6.85;191;6.9;217
SETU26;;Market Price;2026-09-04T19:53:22.581378594Z;-5;Quote;6.85;191;6.9;193
SETU26;;Market Price;2026-09-04T19:53:24.842015352Z;-5;Quote;6.85;185;6.9;193
SETU26;;Market Price;2026-09-04T19:53:28.166643238Z;-5;Quote;6.85;122;6.9;130
SETU26;;Market Price;2026-09-04T19:53:28.166643238Z;-5;Quote;6.85;122;6.9;80
SETU26;;Market Price;2026-09-04T19:53:29.601422760Z;-5;Quote;6.85;117;6.9;80
SETU26;;Market Price;2026-09-04T19:53:29.601422760Z;-5;Quote;6.85;124;6.9;80
SETU26;;Market Price;2026-09-04T19:53:29.601422760Z;-5;Quote;6.85;124;6.9;75
SETU26;;Market Price;2026-09-04T19:53:30.946878099Z;-5;Quote;6.85;124;6.9;95
SETU26;;Market Price;2026-09-04T19:53:31.266372157Z;-5;Quote;6.85;124;6.9;96
SETU26;;Market Price;2026-09-04T19:53:33.152207073Z;-5;Quote;6.85;120;6.9;96
SETU26;;Market Price;2026-09-04T19:53:33.271598109Z;-5;Quote;6.85;119;6.9;95
SETU26;;Market Price;2026-09-04T19:53:33.271598109Z;-5;Quote;6.85;119;6.9;78
SETU26;;Market Price;2026-09-04T19:53:35.026492693Z;-5;Quote;6.85;117;6.9;78
SETU26;;Market Price;2026-09-04T19:53:38.281706960Z;-5;Quote;6.85;117;6.9;74
SETU26;;Market Price;2026-09-04T19:53:43.116489461Z;-5;Quote;6.85;114;6.9;74
SETU26;;Market Price;2026-09-04T19:53:43.116489461Z;-5;Quote;6.85;116;6.9;74
SETU26;;Market Price;2026-09-04T19:53:43.121504930Z;-5;Quote;6.85;116;6.9;71
SETU26;;Market Price;2026-09-04T19:53:43.386273193Z;-5;Quote;6.85;116;6.9;70
SETU26;;Market Price;2026-09-04T19:53:44.666577820Z;-5;Quote;6.85;42;6.9;70
SETU26;;Market Price;2026-09-04T19:53:46.242330097Z;-5;Quote;6.85;42;6.9;65
SETU26;;Market Price;2026-09-04T19:53:46.272188500Z;-5;Quote;6.85;42;6.95;56
SETU26;;Market Price;2026-09-04T19:53:49.517321800Z;-5;Quote;6.85;42;6.95;57
SETU26;;Market Price;2026-09-04T19:53:50.296868190Z;-5;Quote;6.85;42;6.95;41
SETU26;;Market Price;2026-09-04T19:53:50.296868190Z;-5;Quote;6.85;42;6.95;11
SETU26;;Market Price;2026-09-04T19:53:51.521440334Z;-5;Quote;6.85;41;6.95;10
SETU26;;Market Price;2026-09-04T19:53:54.001842655Z;-5;Quote;6.85;34;6.95;10
SETU26;;Market Price;2026-09-04T19:53:54.001842655Z;-5;Quote;6.85;37;6.95;10
SETU26;;Market Price;2026-09-04T19:53:54.001842655Z;-5;Quote;6.85;37;6.95;3
SETU26;;Market Price;2026-09-04T19:53:54.887294174Z;-5;Quote;6.65;50;6.85;37
SETU26;;Market Price;2026-09-04T19:53:58.031231836Z;-5;Quote;6.65;50;6.95;3
SETU26;;Market Price;2026-09-04T19:53:58.386960344Z;-5;Quote;6.65;50;6.8;10
SETU26;;Market Price;2026-09-04T19:53:59.487142303Z;-5;Quote;6.65;50;6.95;3
SETU26;;Market Price;2026-09-04T19:53:59.522001928Z;-5;Quote;6.8;100;6.95;3
SETU26;;Market Price;2026-09-04T19:54:00.066649042Z;-5;Quote;6.8;98;6.95;3
SETU26;;Market Price;2026-09-04T19:54:00.086483695Z;-5;Quote;6.8;97;6.95;3
SETU26;;Market Price;2026-09-04T19:54:00.096490562Z;-5;Quote;6.8;94;6.95;3
SETU26;;Market Price;2026-09-04T19:54:00.306572168Z;-5;Quote;6.8;91;6.95;3
SETU26;;Market Price;2026-09-04T19:54:01.681805501Z;-5;Quote;6.8;91;7;130
SETU26;;Market Price;2026-09-04T19:54:02.772385449Z;-5;Quote;6.8;89;7;130
SETU26;;Market Price;2026-09-04T19:54:06.006714742Z;-5;Quote;6.85;250;7;130
SETU26;;Market Price;2026-09-04T19:54:06.737163819Z;-5;Quote;6.85;252;7;130
SETU26;;Market Price;2026-09-04T19:54:07.766601499Z;-5;Quote;6.85;252;7;131
SETU26;;Market Price;2026-09-04T19:54:07.862146883Z;-5;Quote;6.85;250;7;131
SETU26;;Market Price;2026-09-04T19:54:09.772096390Z;-5;Quote;6.85;249;7;130
SETU26;;Market Price;2026-09-04T19:54:12.201543963Z;-5;Quote;6.9;131;7;130
SETU26;;Market Price;2026-09-04T19:54:12.201543963Z;-5;Quote;6.9;133;7;130
SETU26;;Market Price;2026-09-04T19:54:12.781634897Z;-5;Quote;6.9;130;7;130
SETU26;;Market Price;2026-09-04T19:54:12.806524856Z;-5;Quote;6.9;127;7;130
SETU26;;Market Price;2026-09-04T19:54:13.101828529Z;-5;Quote;6.85;247;7;130
SETU26;;Market Price;2026-09-04T19:54:14.576990193Z;-5;Quote;6.85;247;6.95;200
SETU26;;Market Price;2026-09-04T19:54:15.741742704Z;-5;Quote;6.85;237;6.95;200
SETU26;;Market Price;2026-09-04T19:54:18.401622328Z;-5;Quote;6.85;240;6.95;200
SETU26;;Market Price;2026-09-04T19:54:19.596519504Z;-5;Quote;6.85;241;6.95;200
SETU26;;Market Price;2026-09-04T19:54:19.616979607Z;-5;Quote;6.95;50;7;130
SETU26;;Market Price;2026-09-04T19:54:19.616979607Z;-5;Quote;6.95;53;7;130
SETU26;;Market Price;2026-09-04T19:54:20.191407384Z;-5;Quote;6.85;238;7;130
SETU26;;Market Price;2026-09-04T19:54:20.996454859Z;-5;Quote;6.85;238;6.95;200
SETU26;;Market Price;2026-09-04T19:54:22.356587937Z;-5;Quote;6.85;238;6.9;50
SETU26;;Market Price;2026-09-04T19:54:24.971680999Z;-5;Quote;6.85;248;6.9;50
SETU26;;Market Price;2026-09-04T19:54:25.227186906Z;-5;Quote;6.85;202;6.9;50
SETU26;;Market Price;2026-09-04T19:54:26.021282309Z;-5;Quote;6.85;201;6.9;50
SETU26;;Market Price;2026-09-04T19:54:27.796910207Z;-5;Quote;6.85;201;6.9;56
SETU26;;Market Price;2026-09-04T19:54:30.131790971Z;-5;Quote;6.85;201;6.9;49
SETU26;;Market Price;2026-09-04T19:54:30.297045817Z;-5;Quote;6.85;204;6.9;49
SETU26;;Market Price;2026-09-04T19:54:31.826329820Z;-5;Quote;6.85;204;6.9;179
SETU26;;Market Price;2026-09-04T19:54:32.801538621Z;-5;Quote;6.85;114;6.9;179
SETU26;;Market Price;2026-09-04T19:54:33.892219653Z;-5;Quote;6.85;64;6.9;179
SETU26;;Market Price;2026-09-04T19:54:37.076505263Z;-5;Quote;6.85;63;6.9;179
SETU26;;Market Price;2026-09-04T19:54:37.592126039Z;-5;Quote;6.85;54;6.9;179
SETU26;;Market Price;2026-09-04T19:54:40.126828260Z;-5;Quote;6.85;52;6.9;179
SETU26;;Market Price;2026-09-04T19:54:40.346860722Z;-5;Quote;6.85;51;6.9;179
SETU26;;Market Price;2026-09-04T19:54:40.452175602Z;-5;Quote;6.85;48;6.9;179
SETU26;;Market Price;2026-09-04T19:54:40.491946359Z;-5;Quote;6.85;48;6.9;225
SETU26;;Market Price;2026-09-04T19:54:40.632372261Z;-5;Quote;6.7;298;6.9;225
SETU26;;Market Price;2026-09-04T19:54:42.596373015Z;-5;Quote;6.7;298;6.85;6
SETU26;;Market Price;2026-09-04T19:54:42.596373015Z;-5;Quote;6.7;298;6.85;61
SETU26;;Market Price;2026-09-04T19:54:42.882078210Z;-5;Quote;6.7;300;6.85;61
SETU26;;Market Price;2026-09-04T19:54:43.771638321Z;-5;Quote;6.7;325;6.85;61
SETU26;;Market Price;2026-09-04T19:54:44.076431964Z;-5;Quote;6.7;350;6.85;61
SETU26;;Market Price;2026-09-04T19:54:44.256725474Z;-5;Quote;6.7;350;6.85;26
SETU26;;Market Price;2026-09-04T19:54:44.457146316Z;-5;Quote;6.7;250;6.85;26
SETU26;;Market Price;2026-09-04T19:54:46.011744189Z;-5;Quote;6.7;275;6.85;26
SETU26;;Market Price;2026-09-04T19:54:46.381766036Z;-5;Quote;6.7;272;6.85;26
SETU26;;Market Price;2026-09-04T19:54:46.937160969Z;-5;Quote;6.7;72;6.85;26
SETU26;;Market Price;2026-09-04T19:54:48.227232897Z;-5;Quote;6.6;132;6.85;26
SETU26;;Market Price;2026-09-04T19:54:48.821638711Z;-5;Quote;6.6;132;6.85;31
SETU26;;Market Price;2026-09-04T19:54:49.366952895Z;-5;Quote;6.6;129;6.85;31
SETU26;;Market Price;2026-09-04T19:54:49.401735620Z;-5;Quote;6.6;126;6.85;31
SETU26;;Market Price;2026-09-04T19:54:50.631500315Z;-5;Quote;6.6;126;6.85;26
SETU26;;Market Price;2026-09-04T19:54:53.261434430Z;-5;Quote;6.6;126;6.85;31
SETU26;;Market Price;2026-09-04T19:54:53.851502592Z;-5;Quote;6.6;129;6.85;31
SETU26;;Market Price;2026-09-04T19:54:54.296311395Z;-5;Quote;6.6;129;6.85;5
SETU26;;Market Price;2026-09-04T19:54:55.322118149Z;-5;Quote;6.6;129;6.9;173
SETU26;;Market Price;2026-09-04T19:55:00.221922070Z;-5;Quote;6.6;129;6.85;15
SETU26;;Market Price;2026-09-04T19:55:00.502502903Z;-5;Quote;6.6;122;6.85;15
SETU26;;Market Price;2026-09-04T19:55:02.067161515Z;-5;Quote;6.6;116;6.85;15
SETU26;;Market Price;2026-09-04T19:55:02.596561902Z;-5;Quote;6.65;1;6.85;15
SETU26;;Market Price;2026-09-04T19:55:02.601491360Z;-5;Quote;6.65;4;6.85;15
SETU26;;Market Price;2026-09-04T19:55:02.707073896Z;-5;Quote;6.65;4;6.8;100
SETU26;;Market Price;2026-09-04T19:55:03.466761729Z;-5;Quote;6.65;4;6.75;200
SETU26;;Market Price;2026-09-04T19:55:03.496716075Z;-5;Quote;6.65;4;6.75;193
SETU26;;Market Price;2026-09-04T19:55:04.446561458Z;-5;Quote;6.65;1;6.75;193
SETU26;;Market Price;2026-09-04T19:55:05.017396290Z;-5;Quote;6.6;66;6.75;193
SETU26;;Market Price;2026-09-04T19:55:05.366837022Z;-5;Quote;6.6;16;6.75;193
SETU26;;Market Price;2026-09-04T19:55:05.667256840Z;-5;Quote;6.6;16;6.7;5
SETU26;;Market Price;2026-09-04T19:55:05.907193453Z;-5;Quote;6.5;2;6.6;4
SETU26;;Market Price;2026-09-04T19:55:06.001734093Z;-5;Quote;6.5;2;6.6;9
SETU26;;Market Price;2026-09-04T19:55:06.491916821Z;-5;Quote;6.5;2;6.6;59
SETU26;;Market Price;2026-09-04T19:55:06.836462343Z;-5;Quote;6.5;2;6.6;54
SETU26;;Market Price;2026-09-04T19:55:07.056392946Z;-5;Quote;6.5;2;6.55;200
SETU26;;Market Price;2026-09-04T19:55:07.056392946Z;-5;Quote;6.4;2;6.55;200
SETU26;;Market Price;2026-09-04T19:55:07.281420323Z;-5;Quote;6.4;5;6.55;200
SETU26;;Market Price;2026-09-04T19:55:07.396982489Z;-5;Quote;6.4;5;6.5;5
SETU26;;Market Price;2026-09-04T19:55:09.736380888Z;-5;Quote;6.4;5;6.55;155
SETU26;;Market Price;2026-09-04T19:55:09.952320300Z;-5;Quote;6.5;25;6.55;155
SETU26;;Market Price;2026-09-04T19:55:09.952320300Z;-5;Quote;6.5;28;6.55;155
SETU26;;Market Price;2026-09-04T19:55:11.126623034Z;-5;Quote;6.4;2;6.5;172
SETU26;;Market Price;2026-09-04T19:55:11.496662495Z;-5;Quote;6.4;2;6.5;175
SETU26;;Market Price;2026-09-04T19:55:12.212102132Z;-5;Quote;6.4;2;6.5;3
SETU26;;Market Price;2026-09-04T19:55:17.262045637Z;-5;Quote;6.4;2;6.45;50
SETU26;;Market Price;2026-09-04T19:55:17.411453658Z;-5;Quote;6.4;4;6.45;50
SETU26;;Market Price;2026-09-04T19:55:17.901898645Z;-5;Quote;6.4;4;6.45;62
SETU26;;Market Price;2026-09-04T19:55:19.446903097Z;-5;Quote;6.3;5;6.4;46
SETU26;;Market Price;2026-09-04T19:55:22.206373821Z;-5;Quote;6.3;5;6.35;50
SETU26;;Market Price;2026-09-04T19:55:23.796537231Z;-5;Quote;6.3;5;6.35;48
SETU26;;Market Price;2026-09-04T19:55:24.377021657Z;-5;Quote;6.2;154;6.35;48
SETU26;;Market Price;2026-09-04T19:55:26.161976834Z;-5;Quote;6.25;2;6.35;48
SETU26;;Market Price;2026-09-04T19:55:26.561844223Z;-5;Quote;6.25;2;6.3;50
SETU26;;Market Price;2026-09-04T19:55:27.722012610Z;-5;Quote;6.25;27;6.3;50
SETU26;;Market Price;2026-09-04T19:55:28.231762026Z;-5;Quote;6.25;28;6.3;50
SETU26;;Market Price;2026-09-04T19:55:29.326893479Z;-5;Quote;6.25;28;6.3;25
SETU26;;Market Price;2026-09-04T19:55:31.362230641Z;-5;Quote;6.25;28;6.35;48
SETU26;;Market Price;2026-09-04T19:55:31.626732918Z;-5;Quote;6.25;28;6.35;33
SETU26;;Market Price;2026-09-04T19:55:31.681519465Z;-5;Quote;6.25;31;6.35;33
SETU26;;Market Price;2026-09-04T19:55:34.641353104Z;-5;Quote;6.25;31;6.35;3
SETU26;;Market Price;2026-09-04T19:55:34.856356509Z;-5;Quote;6.3;50;6.35;3
SETU26;;Market Price;2026-09-04T19:55:34.856356509Z;-5;Quote;6.3;53;6.35;3
SETU26;;Market Price;2026-09-04T19:55:35.071401406Z;-5;Quote;6.3;68;6.35;3
SETU26;;Market Price;2026-09-04T19:55:36.432067529Z;-5;Quote;6.35;17;6.4;46
SETU26;;Market Price;2026-09-04T19:55:36.432067529Z;-5;Quote;6.35;11;6.4;46
SETU26;;Market Price;2026-09-04T19:55:36.432067529Z;-5;Quote;6.35;14;6.4;46
SETU26;;Market Price;2026-09-04T19:55:40.261528551Z;-5;Quote;6.35;17;6.4;46
SETU26;;Market Price;2026-09-04T19:55:40.681834554Z;-5;Quote;6.35;17;6.4;31
SETU26;;Market Price;2026-09-04T19:55:40.966543376Z;-5;Quote;6.35;18;6.4;31
SETU26;;Market Price;2026-09-04T19:55:41.371926951Z;-5;Quote;6.35;18;6.4;26
SETU26;;Market Price;2026-09-04T19:55:41.821624921Z;-5;Quote;6.35;15;6.4;23
SETU26;;Market Price;2026-09-04T19:55:41.886267037Z;-5;Quote;6.35;15;6.4;3
SETU26;;Market Price;2026-09-04T19:55:42.311437966Z;-5;Quote;6.35;17;6.4;3
SETU26;;Market Price;2026-09-04T19:55:42.446832708Z;-5;Quote;6.35;17;6.4;2
SETU26;;Market Price;2026-09-04T19:55:42.572064613Z;-5;Quote;6.35;17;6.4;1
SETU26;;Market Price;2026-09-04T19:55:42.731313840Z;-5;Quote;6.35;17;6.4;50
SETU26;;Market Price;2026-09-04T19:55:46.061803667Z;-5;Quote;6.35;19;6.4;50
SETU26;;Market Price;2026-09-04T19:55:46.336539603Z;-5;Quote;6.4;150;6.55;3
SETU26;;Market Price;2026-09-04T19:55:46.336539603Z;-5;Quote;6.4;182;6.55;3
SETU26;;Market Price;2026-09-04T19:55:46.336539603Z;-5;Quote;6.4;183;6.55;3
SETU26;;Market Price;2026-09-04T19:55:46.336539603Z;-5;Quote;6.4;186;6.55;3
SETU26;;Market Price;2026-09-04T19:55:47.446424807Z;-5;Quote;6.45;1;6.55;3
SETU26;;Market Price;2026-09-04T19:55:47.446424807Z;-5;Quote;6.45;42;6.55;3
SETU26;;Market Price;2026-09-04T19:55:47.446424807Z;-5;Quote;6.45;45;6.55;3
SETU26;;Market Price;2026-09-04T19:55:47.446424807Z;-5;Quote;6.45;46;6.55;3
SETU26;;Market Price;2026-09-04T19:55:47.767305585Z;-5;Quote;6.45;45;6.55;3
SETU26;;Market Price;2026-09-04T19:55:48.237232778Z;-5;Quote;6.55;47;6.6;50
SETU26;;Market Price;2026-09-04T19:55:48.237232778Z;-5;Quote;6.55;100;6.6;50
SETU26;;Market Price;2026-09-04T19:55:48.237232778Z;-5;Quote;6.55;103;6.6;50
SETU26;;Market Price;2026-09-04T19:55:48.237232778Z;-5;Quote;6.55;104;6.6;50
SETU26;;Market Price;2026-09-04T19:55:48.591675503Z;-5;Quote;6.55;64;6.6;50
SETU26;;Market Price;2026-09-04T19:55:49.607234926Z;-5;Quote;6.55;59;6.6;50
SETU26;;Market Price;2026-09-04T19:55:50.112011366Z;-5;Quote;6.55;57;6.6;50
SETU26;;Market Price;2026-09-04T19:55:50.641686871Z;-5;Quote;6.55;54;6.6;50
SETU26;;Market Price;2026-09-04T19:55:51.921642892Z;-5;Quote;6.55;50;6.6;50
SETU26;;Market Price;2026-09-04T19:55:52.671999879Z;-5;Quote;6.55;50;6.7;50
SETU26;;Market Price;2026-09-04T19:55:52.796386123Z;-5;Quote;6.55;50;6.6;50
SETU26;;Market Price;2026-09-04T19:55:52.911951616Z;-5;Quote;6.55;4;6.6;50
SETU26;;Market Price;2026-09-04T19:55:52.911951616Z;-5;Quote;6.45;2;6.6;50
SETU26;;Market Price;2026-09-04T19:55:54.847025539Z;-5;Quote;6.45;2;6.5;50
SETU26;;Market Price;2026-09-04T19:55:55.581557861Z;-5;Quote;6.4;142;6.5;50
SETU26;;Market Price;2026-09-04T19:55:56.081377066Z;-5;Quote;6.4;150;6.5;50
SETU26;;Market Price;2026-09-04T19:55:57.066658025Z;-5;Quote;6.4;100;6.5;50
SETU26;;Market Price;2026-09-04T19:56:01.737349429Z;-5;Quote;6.4;100;6.45;10
SETU26;;Market Price;2026-09-04T19:56:02.492350484Z;-5;Quote;6.4;92;6.45;10
SETU26;;Market Price;2026-09-04T19:56:04.526883606Z;-5;Quote;6.4;93;6.45;10
SETU26;;Market Price;2026-09-04T19:56:04.561765420Z;-5;Quote;6.4;93;6.45;9
SETU26;;Market Price;2026-09-04T19:56:06.576462194Z;-5;Quote;6.45;24;6.5;58
SETU26;;Market Price;2026-09-04T19:56:06.576462194Z;-5;Quote;6.45;16;6.5;58
SETU26;;Market Price;2026-09-04T19:56:06.576462194Z;-5;Quote;6.45;17;6.5;58
SETU26;;Market Price;2026-09-04T19:56:06.577196700Z;-5;Quote;6.45;25;6.5;58
SETU26;;Market Price;2026-09-04T19:56:09.982019442Z;-5;Quote;6.45;25;6.5;33
SETU26;;Market Price;2026-09-04T19:56:10.177115043Z;-5;Quote;6.45;25;6.5;58
SETU26;;Market Price;2026-09-04T19:56:10.281709779Z;-5;Quote;6.45;9;6.5;58
SETU26;;Market Price;2026-09-04T19:56:10.281709779Z;-5;Quote;6.5;8;6.6;50
SETU26;;Market Price;2026-09-04T19:56:10.291656252Z;-5;Quote;6.5;9;6.6;50
SETU26;;Market Price;2026-09-04T19:56:10.291656252Z;-5;Quote;6.5;17;6.6;50
SETU26;;Market Price;2026-09-04T19:56:10.296581785Z;-5;Quote;6.5;17;6.55;18
SETU26;;Market Price;2026-09-04T19:56:10.341455728Z;-5;Quote;6.5;17;6.6;50
SETU26;;Market Price;2026-09-04T19:56:10.541452831Z;-5;Quote;6.5;17;6.55;18
SETU26;;Market Price;2026-09-04T19:56:10.642033347Z;-5;Quote;6.5;17;6.6;50
SETU26;;Market Price;2026-09-04T19:56:10.741578906Z;-5;Quote;6.5;17;6.55;18
SETU26;;Market Price;2026-09-04T19:56:10.761477339Z;-5;Quote;6.5;17;6.6;50
SETU26;;Market Price;2026-09-04T19:56:14.141569924Z;-5;Quote;6.5;9;6.6;50
SETU26;;Market Price;2026-09-04T19:56:14.141569924Z;-5;Quote;6.55;6;6.6;50
SETU26;;Market Price;2026-09-04T19:56:14.141569924Z;-5;Quote;6.55;7;6.6;50
SETU26;;Market Price;2026-09-04T19:56:14.141569924Z;-5;Quote;6.55;15;6.6;50
SETU26;;Market Price;2026-09-04T19:56:15.362180616Z;-5;Quote;6.55;5;6.6;50
SETU26;;Market Price;2026-09-04T19:56:16.276799228Z;-5;Quote;6.45;5;6.55;7
SETU26;;Market Price;2026-09-04T19:56:18.872017578Z;-5;Quote;6.45;5;6.5;18
SETU26;;Market Price;2026-09-04T19:56:18.942067235Z;-5;Quote;6.45;5;6.55;7
SETU26;;Market Price;2026-09-04T19:56:19.041554623Z;-5;Quote;6.45;5;6.5;18
SETU26;;Market Price;2026-09-04T19:56:19.142178970Z;-5;Quote;6.45;5;6.55;7
SETU26;;Market Price;2026-09-04T19:56:19.342313924Z;-5;Quote;6.45;5;6.5;18
SETU26;;Market Price;2026-09-04T19:56:19.342313924Z;-5;Quote;6.4;84;6.5;18
SETU26;;Market Price;2026-09-04T19:56:19.412009579Z;-5;Quote;6.4;84;6.55;7
SETU26;;Market Price;2026-09-04T19:56:20.481990285Z;-5;Quote;6.4;86;6.55;7
SETU26;;Market Price;2026-09-04T19:56:24.221573633Z;-5;Quote;6.45;10;6.55;7
SETU26;;Market Price;2026-09-04T19:56:24.221573633Z;-5;Quote;6.45;12;6.55;7
SETU26;;Market Price;2026-09-04T19:56:28.091542979Z;-5;Quote;6.45;14;6.55;7
SETU26;;Market Price;2026-09-04T19:56:28.822043587Z;-5;Quote;6.4;84;6.45;46
SETU26;;Market Price;2026-09-04T19:56:30.716095942Z;-5;Quote;6.4;84;6.45;41
SETU26;;Market Price;2026-09-04T19:56:33.217026963Z;-5;Quote;6.35;10;6.4;16
SETU26;;Market Price;2026-09-04T19:56:39.736874618Z;-5;Quote;6.35;10;6.45;41
SETU26;;Market Price;2026-09-04T19:56:40.846346524Z;-5;Quote;6.35;10;6.4;50
SETU26;;Market Price;2026-09-04T19:56:43.516893395Z;-5;Quote;6.35;10;6.4;25
SETU26;;Market Price;2026-09-04T19:56:44.881515695Z;-5;Quote;6.35;17;6.4;25
SETU26;;Market Price;2026-09-04T19:56:45.387302814Z;-5;Quote;6.25;3;6.4;25
SETU26;;Market Price;2026-09-04T19:56:49.586713966Z;-5;Quote;6.25;3;6.35;3
SETU26;;Market Price;2026-09-04T19:56:51.001941742Z;-5;Quote;6.25;13;6.35;3
SETU26;;Market Price;2026-09-04T19:56:51.651775576Z;-5;Quote;6.25;15;6.35;3
SETU26;;Market Price;2026-09-04T19:56:51.901692757Z;-5;Quote;6.35;11;6.4;25
SETU26;;Market Price;2026-09-04T19:56:51.901692757Z;-5;Quote;6.25;15;6.4;25
SETU26;;Market Price;2026-09-04T19:56:51.901692757Z;-5;Quote;6.35;2;6.4;25
SETU26;;Market Price;2026-09-04T19:56:51.921599553Z;-5;Quote;6.25;13;6.4;25
SETU26;;Market Price;2026-09-04T19:56:52.616942611Z;-5;Quote;6.2;154;6.25;28
SETU26;;Market Price;2026-09-04T19:56:52.616942611Z;-5;Quote;6.2;154;6.4;25
SETU26;;Market Price;2026-09-04T19:56:53.677061773Z;-5;Quote;6.2;154;6.4;15
SETU26;;Market Price;2026-09-04T19:56:59.701492352Z;-5;Quote;6.2;154;6.3;2
SETU26;;Market Price;2026-09-04T19:57:01.226345543Z;-5;Quote;6.2;154;6.4;15
SETU26;;Market Price;2026-09-04T19:57:01.477309890Z;-5;Quote;6.15;20;6.4;15
SETU26;;Market Price;2026-09-04T19:57:01.492178063Z;-5;Quote;6.15;20;6.2;60
SETU26;;Market Price;2026-09-04T19:57:02.872055614Z;-5;Quote;6.05;50;6.2;60
SETU26;;Market Price;2026-09-04T19:57:04.486175699Z;-5;Quote;6.05;43;6.2;60
SETU26;;Market Price;2026-09-04T19:57:07.667138239Z;-5;Quote;6.05;43;6.15;5
SETU26;;Market Price;2026-09-04T19:57:09.056413374Z;-5;Quote;6.05;43;6.2;60
SETU26;;Market Price;2026-09-04T19:57:09.286413802Z;-5;Quote;6.05;50;6.2;60
SETU26;;Market Price;2026-09-04T19:57:10.366915104Z;-5;Quote;6.05;50;6.15;50
SETU26;;Market Price;2026-09-04T19:57:10.581350334Z;-5;Quote;6.1;5;6.15;50
SETU26;;Market Price;2026-09-04T19:57:10.581350334Z;-5;Quote;6.1;12;6.15;50
SETU26;;Market Price;2026-09-04T19:57:11.282263943Z;-5;Quote;6.1;12;6.15;36
SETU26;;Market Price;2026-09-04T19:57:14.167149219Z;-5;Quote;6.05;43;6.1;48
SETU26;;Market Price;2026-09-04T19:57:15.211644703Z;-5;Quote;6.05;46;6.1;48
SETU26;;Market Price;2026-09-04T19:57:15.922019993Z;-5;Quote;6.05;46;6.1;50
SETU26;;Market Price;2026-09-04T19:57:20.161867941Z;-5;Quote;5.95;50;6.1;50
SETU26;;Market Price;2026-09-04T19:57:21.851582822Z;-5;Quote;5.95;50;6.05;46
SETU26;;Market Price;2026-09-04T19:57:21.927187138Z;-5;Quote;5.95;50;6.05;49
SETU26;;Market Price;2026-09-04T19:57:23.661643957Z;-5;Quote;5.95;50;6.05;29
SETU26;;Market Price;2026-09-04T19:57:24.726478857Z;-5;Quote;5.95;50;6.05;9
SETU26;;Market Price;2026-09-04T19:57:24.731438560Z;-5;Quote;5.9;15;6.05;9
SETU26;;Market Price;2026-09-04T19:57:25.512239904Z;-5;Quote;5.9;15;6.05;8
SETU26;;Market Price;2026-09-04T19:57:25.691362044Z;-5;Quote;5.9;15;6.05;7
SETU26;;Market Price;2026-09-04T19:57:25.836268026Z;-5;Quote;5.9;15;6.05;6
SETU26;;Market Price;2026-09-04T19:57:25.981717042Z;-5;Quote;5.9;15;6.05;5
SETU26;;Market Price;2026-09-04T19:57:26.047371769Z;-5;Quote;5.9;15;6.05;51
SETU26;;Market Price;2026-09-04T19:57:26.132070166Z;-5;Quote;5.9;15;6.05;50
SETU26;;Market Price;2026-09-04T19:57:26.291322342Z;-5;Quote;5.9;15;6.05;49
SETU26;;Market Price;2026-09-04T19:57:26.891554877Z;-5;Quote;5.9;15;6.05;50
SETU26;;Market Price;2026-09-04T19:57:26.997046583Z;-5;Quote;5.9;15;6.05;49
SETU26;;Market Price;2026-09-04T19:57:27.141405321Z;-5;Quote;5.9;15;6.05;48
SETU26;;Market Price;2026-09-04T19:57:27.301757862Z;-5;Quote;5.9;15;6.05;47
SETU26;;Market Price;2026-09-04T19:57:27.442145328Z;-5;Quote;5.9;15;6.05;46
SETU26;;Market Price;2026-09-04T19:57:27.591412106Z;-5;Quote;5.9;15;6.05;45
SETU26;;Market Price;2026-09-04T19:57:27.736783197Z;-5;Quote;5.9;15;6.05;44
SETU26;;Market Price;2026-09-04T19:57:28.281403109Z;-5;Quote;5.9;15;6.05;19
SETU26;;Market Price;2026-09-04T19:57:28.307279675Z;-5;Quote;5.9;15;6.05;18
SETU26;;Market Price;2026-09-04T19:57:28.421837232Z;-5;Quote;6.05;7;6.1;48
SETU26;;Market Price;2026-09-04T19:57:28.421837232Z;-5;Quote;5.9;15;6.1;48
SETU26;;Market Price;2026-09-04T19:57:28.461653915Z;-5;Quote;6.05;1;6.1;48
SETU26;;Market Price;2026-09-04T19:57:28.606680644Z;-5;Quote;6.05;2;6.1;48
SETU26;;Market Price;2026-09-04T19:57:31.041608364Z;-5;Quote;6.05;2;6.1;47
SETU26;;Market Price;2026-09-04T19:57:31.211884630Z;-5;Quote;6.05;2;6.1;46
SETU26;;Market Price;2026-09-04T19:57:31.551830619Z;-5;Quote;6.05;253;6.1;46
SETU26;;Market Price;2026-09-04T19:57:32.651794241Z;-5;Quote;6.05;153;6.1;46
SETU26;;Market Price;2026-09-04T19:57:33.377110615Z;-5;Quote;5.9;15;6.1;46
SETU26;;Market Price;2026-09-04T19:57:33.686487239Z;-5;Quote;5.9;20;6.1;46
SETU26;;Market Price;2026-09-04T19:57:34.546895369Z;-5;Quote;5.9;20;6.05;153
SETU26;;Market Price;2026-09-04T19:57:35.636607765Z;-5;Quote;5.25;10;5.9;80
SETU26;;Market Price;2026-09-04T19:57:35.722229295Z;-5;Quote;5.3;15;5.9;80
SETU26;;Market Price;2026-09-04T19:57:35.992042302Z;-5;Quote;5.3;15;5.9;79
SETU26;;Market Price;2026-09-04T19:57:36.031518168Z;-5;Quote;5.5;5;5.9;79
SETU26;;Market Price;2026-09-04T19:57:36.606555167Z;-5;Quote;5.5;5;5.9;25
SETU26;;Market Price;2026-09-04T19:57:38.767202061Z;-5;Quote;5.5;8;5.9;25
SETU26;;Market Price;2026-09-04T19:57:39.212317746Z;-5;Quote;5.5;13;5.9;25
SETU26;;Market Price;2026-09-04T19:57:39.966865292Z;-5;Quote;5.55;5;5.9;25
SETU26;;Market Price;2026-09-04T19:57:39.966865292Z;-5;Quote;5.55;8;5.9;25
SETU26;;Market Price;2026-09-04T19:57:42.391308707Z;-5;Quote;5.55;13;5.9;25
SETU26;;Market Price;2026-09-04T19:57:42.576768346Z;-5;Quote;5.6;10;5.9;25
SETU26;;Market Price;2026-09-04T19:57:42.576768346Z;-5;Quote;5.6;13;5.9;25
SETU26;;Market Price;2026-09-04T19:57:43.586224345Z;-5;Quote;5.6;13;5.9;45
SETU26;;Market Price;2026-09-04T19:57:46.007221354Z;-5;Quote;5.6;13;5.7;46
SETU26;;Market Price;2026-09-04T19:57:47.122100564Z;-5;Quote;5.6;33;5.7;46
SETU26;;Market Price;2026-09-04T19:57:48.131410295Z;-5;Quote;5.6;33;5.7;36
SETU26;;Market Price;2026-09-04T19:57:48.336529614Z;-5;Quote;5.6;33;5.7;52
SETU26;;Market Price;2026-09-04T19:57:48.541585187Z;-5;Quote;5.6;33;5.7;36
SETU26;;Market Price;2026-09-04T19:57:49.306677245Z;-5;Quote;5.6;33;5.7;16
SETU26;;Market Price;2026-09-04T19:57:49.681696117Z;-5;Quote;5.6;33;5.7;14
SETU26;;Market Price;2026-09-04T19:57:49.772339645Z;-5;Quote;5.6;33;5.9;45
SETU26;;Market Price;2026-09-04T19:57:51.986462713Z;-5;Quote;5.6;23;5.9;45
SETU26;;Market Price;2026-09-04T19:57:52.692067192Z;-5;Quote;5.6;23;5.9;25
SETU26;;Market Price;2026-09-04T19:57:53.171948259Z;-5;Quote;5.6;3;5.9;25
SETU26;;Market Price;2026-09-04T19:57:53.171948259Z;-5;Quote;5.35;18;5.9;25
SETU26;;Market Price;2026-09-04T19:57:53.367056261Z;-5;Quote;5.4;10;5.9;25
SETU26;;Market Price;2026-09-04T19:57:53.367056261Z;-5;Quote;5.4;13;5.9;25
SETU26;;Market Price;2026-09-04T19:57:54.311309813Z;-5;Quote;5.4;13;5.7;25
SETU26;;Market Price;2026-09-04T19:57:54.716447278Z;-5;Quote;5.5;50;5.7;25
SETU26;;Market Price;2026-09-04T19:57:54.716447278Z;-5;Quote;5.5;53;5.7;25
SETU26;;Market Price;2026-09-04T19:57:54.866788390Z;-5;Quote;5.5;53;5.7;5
SETU26;;Market Price;2026-09-04T19:57:55.501999884Z;-5;Quote;5.5;53;5.7;3
SETU26;;Market Price;2026-09-04T19:57:55.501999884Z;-5;Quote;5.5;53;5.7;1
SETU26;;Market Price;2026-09-04T19:57:56.626365692Z;-5;Quote;5.55;5;5.7;1
SETU26;;Market Price;2026-09-04T19:57:56.631280442Z;-5;Quote;5.55;8;5.7;1
SETU26;;Market Price;2026-09-04T19:57:56.741812594Z;-5;Quote;5.55;18;5.7;1
SETU26;;Market Price;2026-09-04T19:57:56.902139198Z;-5;Quote;5.55;18;5.75;10
SETU26;;Market Price;2026-09-04T19:57:57.941951668Z;-5;Quote;5.55;18;6.05;153
SETU26;;Market Price;2026-09-04T19:57:58.086237935Z;-5;Quote;5.55;27;6.05;153
SETU26;;Market Price;2026-09-04T19:57:58.792002320Z;-5;Quote;5.6;1;6.05;153
SETU26;;Market Price;2026-09-04T19:57:58.792002320Z;-5;Quote;5.6;10;6.05;153
SETU26;;Market Price;2026-09-04T19:57:58.796947801Z;-5;Quote;5.6;13;6.05;153
SETU26;;Market Price;2026-09-04T19:57:58.942356952Z;-5;Quote;5.6;14;6.05;153
SETU26;;Market Price;2026-09-04T19:57:59.147448849Z;-5;Quote;5.6;15;6.05;153
SETU26;;Market Price;2026-09-04T19:57:59.286861129Z;-5;Quote;5.6;16;6.05;153
SETU26;;Market Price;2026-09-04T19:57:59.506888109Z;-5;Quote;5.6;17;6.05;153
SETU26;;Market Price;2026-09-04T19:57:59.691863659Z;-5;Quote;5.6;18;6.05;153
SETU26;;Market Price;2026-09-04T19:57:59.866706037Z;-5;Quote;5.6;19;6.05;153
SETU26;;Market Price;2026-09-04T19:57:59.901482356Z;-5;Quote;5.65;10;6.05;153
SETU26;;Market Price;2026-09-04T19:57:59.901482356Z;-5;Quote;5.65;13;6.05;153
SETU26;;Market Price;2026-09-04T19:57:59.901482356Z;-5;Quote;5.65;22;6.05;153
SETU26;;Market Price;2026-09-04T19:58:02.196466741Z;-5;Quote;5.65;23;6.05;153
SETU26;;Market Price;2026-09-04T19:58:02.196466741Z;-5;Quote;5.65;24;6.05;153
SETU26;;Market Price;2026-09-04T19:58:02.196466741Z;-5;Quote;5.65;25;6.05;153
SETU26;;Market Price;2026-09-04T19:58:02.196466741Z;-5;Quote;5.65;26;6.05;153
SETU26;;Market Price;2026-09-04T19:58:02.196466741Z;-5;Quote;5.65;27;6.05;153
SETU26;;Market Price;2026-09-04T19:58:02.196466741Z;-5;Quote;5.65;28;6.05;153
SETU26;;Market Price;2026-09-04T19:58:02.196466741Z;-5;Quote;5.65;29;6.05;153
SETU26;;Market Price;2026-09-04T19:58:02.196466741Z;-5;Quote;5.65;30;6.05;153
SETU26;;Market Price;2026-09-04T19:58:02.321875460Z;-5;Quote;5.65;27;6.05;153
SETU26;;Market Price;2026-09-04T19:58:02.321875460Z;-5;Quote;5.65;28;6.05;153
SETU26;;Market Price;2026-09-04T19:58:02.321875460Z;-5;Quote;5.65;28;6.05;150
SETU26;;Market Price;2026-09-04T19:58:07.616733370Z;-5;Quote;5.65;18;6.05;150
SETU26;;Market Price;2026-09-04T19:58:08.613102883Z;-5;Quote;5.65;19;6.05;150
SETU26;;Market Price;2026-09-04T19:58:08.776349915Z;-5;Quote;5.65;20;6.05;150
SETU26;;Market Price;2026-09-04T19:58:09.062119871Z;-5;Quote;5.7;25;6.05;150
SETU26;;Market Price;2026-09-04T19:58:09.066042534Z;-5;Quote;5.7;26;6.05;150
SETU26;;Market Price;2026-09-04T19:58:09.067125116Z;-5;Quote;5.7;35;6.05;150
SETU26;;Market Price;2026-09-04T19:58:13.281692069Z;-5;Quote;5.75;10;6.05;150
SETU26;;Market Price;2026-09-04T19:58:13.291651739Z;-5;Quote;5.75;11;6.05;150
SETU26;;Market Price;2026-09-04T19:58:13.291651739Z;-5;Quote;5.75;20;6.05;150
SETU26;;Market Price;2026-09-04T19:58:13.992332029Z;-5;Quote;5.85;10;6.05;150
SETU26;;Market Price;2026-09-04T19:58:14.007202182Z;-5;Quote;5.85;19;6.05;150
SETU26;;Market Price;2026-09-04T19:58:14.012215165Z;-5;Quote;5.85;20;6.05;150
SETU26;;Market Price;2026-09-04T19:58:22.497186725Z;-5;Quote;5.85;11;6.05;150
SETU26;;Market Price;2026-09-04T19:58:22.497186725Z;-5;Quote;5.85;12;6.05;150
SETU26;;Market Price;2026-09-04T19:58:22.502137946Z;-5;Quote;5.85;12;6.05;141
SETU26;;Market Price;2026-09-04T19:58:23.546682182Z;-5;Quote;5.85;13;6.05;141
SETU26;;Market Price;2026-09-04T19:58:23.906911878Z;-5;Quote;5.85;13;6.05;131
SETU26;;Market Price;2026-09-04T19:58:25.891657212Z;-5;Quote;5.85;12;6.05;131
SETU26;;Market Price;2026-09-04T19:58:25.891657212Z;-5;Quote;5.85;14;6.05;131
SETU26;;Market Price;2026-09-04T19:58:25.896716189Z;-5;Quote;5.85;14;6.05;130
SETU26;;Market Price;2026-09-04T19:58:45.016835357Z;-5;Quote;5.85;14;6.05;105
SETU26;;Market Price;2026-09-04T19:58:46.106355206Z;-5;Quote;5.85;14;6;100
SETU26;;Market Price;2026-09-04T19:58:46.157185980Z;-5;Quote;5.65;20;5.85;486
SETU26;;Market Price;2026-09-04T19:58:46.896576758Z;-5;Quote;5.65;25;5.85;486
SETU26;;Market Price;2026-09-04T19:58:47.616742561Z;-5;Quote;5.75;5;5.85;486
SETU26;;Market Price;2026-09-04T19:58:47.616742561Z;-5;Quote;5.75;10;5.85;486
SETU26;;Market Price;2026-09-04T19:58:48.861385192Z;-5;Quote;5.75;10;5.8;15
SETU26;;Market Price;2026-09-04T19:58:49.451805508Z;-5;Quote;5.75;11;5.8;15
SETU26;;Market Price;2026-09-04T19:58:49.551360382Z;-5;Quote;5.75;10;5.8;15
SETU26;;Market Price;2026-09-04T19:58:49.772226573Z;-5;Quote;5.75;9;5.8;15
SETU26;;Market Price;2026-09-04T19:58:49.912609427Z;-5;Quote;5.75;8;5.8;15
SETU26;;Market Price;2026-09-04T19:58:50.146589089Z;-5;Quote;5.65;20;5.75;57
SETU26;;Market Price;2026-09-04T19:58:50.522022811Z;-5;Quote;5.65;20;5.75;58
SETU26;;Market Price;2026-09-04T19:58:51.316631052Z;-5;Quote;5.65;20;5.75;57
SETU26;;Market Price;2026-09-04T19:58:52.317136088Z;-5;Quote;5.65;20;5.75;52
SETU26;;Market Price;2026-09-04T19:58:53.382121891Z;-5;Quote;5.55;5;5.75;52
SETU26;;Market Price;2026-09-04T19:58:54.311745918Z;-5;Quote;5.55;8;5.75;52
SETU26;;Market Price;2026-09-04T19:58:55.441419768Z;-5;Quote;5.35;10;5.5;28
SETU26;;Market Price;2026-09-04T19:58:56.347204735Z;-5;Quote;5.35;62;5.5;28
SETU26;;Market Price;2026-09-04T19:58:57.226474946Z;-5;Quote;5.35;62;5.5;33
SETU26;;Market Price;2026-09-04T19:59:02.976755398Z;-5;Quote;5.35;10;5.5;33
SETU26;;Market Price;2026-09-04T19:59:03.621693910Z;-5;Quote;5.4;10;5.5;33
SETU26;;Market Price;2026-09-04T19:59:04.566472325Z;-5;Quote;5.4;5;5.5;33
SETU26;;Market Price;2026-09-04T19:59:05.951648141Z;-5;Quote;5.35;10;5.5;33
SETU26;;Market Price;2026-09-04T19:59:06.201556803Z;-5;Quote;5.5;67;6.65;30
SETU26;;Market Price;2026-09-04T19:59:06.327005423Z;-5;Quote;5.5;144;6.65;30
SETU26;;Market Price;2026-09-04T19:59:08.721894702Z;-5;Quote;5.5;44;6.65;30
SETU26;;Market Price;2026-09-04T19:59:08.781616318Z;-5;Quote;5.55;5;6.65;30
SETU26;;Market Price;2026-09-04T19:59:11.306465887Z;-5;Quote;5.55;10;6.65;30
SETU26;;Market Price;2026-09-04T19:59:12.916638699Z;-5;Quote;5.55;10;6.6;10
SETU26;;Market Price;2026-09-04T19:59:16.636495221Z;-5;Quote;5.55;10;6.55;15
SETU26;;Market Price;2026-09-04T19:59:17.271747770Z;-5;Quote;6.6;19;6.7;50
SETU26;;Market Price;2026-09-04T19:59:17.271747770Z;-5;Quote;6.6;71;6.7;50
SETU26;;Market Price;2026-09-04T19:59:17.271747770Z;-5;Quote;5.55;10;6.7;50
SETU26;;Market Price;2026-09-04T19:59:17.271747770Z;-5;Quote;6.6;5;6.7;50
SETU26;;Market Price;2026-09-04T19:59:17.291660667Z;-5;Quote;5.55;5;6.7;50
SETU26;;Market Price;2026-09-04T19:59:17.656495761Z;-5;Quote;5.55;10;6.7;50
SETU26;;Market Price;2026-09-04T19:59:18.506739653Z;-5;Quote;5.6;15;6.7;50
SETU26;;Market Price;2026-09-04T19:59:21.041437481Z;-5;Quote;5.6;15;6.65;1
SETU26;;Market Price;2026-09-04T19:59:21.451652857Z;-5;Quote;5.6;15;6.7;50
SETU26;;Market Price;2026-09-04T19:59:23.031797516Z;-5;Quote;5.6;15;6.65;1
SETU26;;Market Price;2026-09-04T19:59:23.397178837Z;-5;Quote;5.6;15;6.7;50
SETU26;;Market Price;2026-09-04T19:59:24.266581602Z;-5;Quote;5.6;15;6.65;200
SETU26;;Market Price;2026-09-04T19:59:25.421902598Z;-5;Quote;5.6;15;6.6;1
SETU26;;Market Price;2026-09-04T19:59:28.722413703Z;-5;Quote;5.6;15;6.65;200
SETU26;;Market Price;2026-09-04T19:59:28.747275669Z;-5;Quote;5.6;15;6.55;50
SETU26;;Market Price;2026-09-04T19:59:28.767114013Z;-5;Quote;5.6;2;6.55;50
SETU26;;Market Price;2026-09-04T19:59:29.986750362Z;-5;Quote;5.55;5;6.55;50
SETU26;;Market Price;2026-09-04T19:59:30.557291928Z;-5;Quote;5.55;1;6.55;50
SETU26;;Market Price;2026-09-04T19:59:31.746731739Z;-5;Quote;5.7;1;6.55;50
SETU26;;Market Price;2026-09-04T19:59:32.276404732Z;-5;Quote;5.55;1;6.55;50
SETU26;;Market Price;2026-09-04T19:59:32.296449842Z;-5;Quote;5.25;10;6.55;50
SETU26;;Market Price;2026-09-04T19:59:32.801900572Z;-5;Quote;5.25;8;6.55;50
SETU26;;Market Price;2026-09-04T19:59:33.551515309Z;-5;Quote;4.5;5;6.55;50
SETU26;;Market Price;2026-09-04T19:59:34.191408793Z;-5;Quote;4.5;5;6.5;1
SETU26;;Market Price;2026-09-04T19:59:34.391490041Z;-5;Quote;4.5;5;6.5;2
SETU26;;Market Price;2026-09-04T19:59:34.811303634Z;-5;Quote;3.45;5;6.5;2
SETU26;;Market Price;2026-09-04T19:59:35.707083554Z;-5;Quote;3.45;12;6.5;2
SETU26;;Market Price;2026-09-04T19:59:41.331549120Z;-5;Quote;5.25;5;6.5;2
SETU26;;Market Price;2026-09-04T19:59:41.331549120Z;-5;Quote;5.25;12;6.5;2
SETU26;;Market Price;2026-09-04T19:59:42.961720094Z;-5;Quote;3.45;5;6.5;2
SETU26;;Market Price;2026-09-04T19:59:44.706990229Z;-5;Quote;3.45;5;6.5;1
SETU26;;Market Price;2026-09-04T19:59:44.706990229Z;-5;Quote;3.45;5;6.55;50
SETU26;;Market Price;2026-09-04T19:59:47.212026236Z;-5;Quote;3.5;1;6.55;50
SETU26;;Market Price;2026-09-04T19:59:47.341482482Z;-5;Quote;3.5;2;6.55;50
SETU26;;Market Price;2026-09-04T19:59:49.246500352Z;-5;Quote;3.55;10;6.55;50
SETU26;;Market Price;2026-09-04T19:59:53.082142327Z;-5;Quote;3.55;10;6.65;2
SETU26;;Market Price;2026-09-04T19:59:53.171730225Z;-5;Quote;3.45;5;6.65;2
SETU26;;Market Price;2026-09-04T19:59:55.036964948Z;-5;Quote;3.45;5;6.65;14
SETU26;;Market Price;2026-09-04T19:59:57.011427612Z;-5;Quote;3.45;5;6.6;5
SETU26;;Market Price;2026-09-04T19:59:57.042327501Z;-5;Quote;3.45;5;6.6;17
SETU26;;Market Price;2026-09-04T19:59:59.706798496Z;-5;Quote;3.45;17;6.6;17
SETU26;;Market Price;2026-09-04T19:59:59.817311375Z;-5;Quote;3.45;17;6.6;12
SETU26;;Market Price;2026-09-04T19:59:59.817311375Z;-5;Quote;3.5;20;6.6;12
SETU26;;Market Price;2026-09-04T19:59:59.847186370Z;-5;Quote;3.5;32;6.6;12
SETU26;;Market Price;2026-09-04T19:59:59.996458380Z;-5;Quote;3.5;20;6.6;12
SETU26;;Market Price;2026-09-04T19:59:59.996458380Z;-5;Quote;3.5;20;6.65;2
SETU26;;Market Price;2026-09-04T20:00:00.006440833Z;-5;Quote;3.45;5;6.65;2
SETZ26;;Market Price;2026-09-04T07:50:52.234402916Z;-5;Quote;;;76.2;23
SETZ26;;Market Price;2026-09-04T07:58:19.084583719Z;-5;Quote;;;76.1;23
SETZ26;;Market Price;2026-09-04T07:59:59.008905591Z;-5;Quote;;;76.2;27
SETZ26;;Market Price;2026-09-04T07:59:59.008905591Z;-5;Quote;;;76.2;23
SETZ26;;Market Price;2026-09-04T08:04:29.549284184Z;-5;Quote;;;76.15;23
SETZ26;;Market Price;2026-09-04T08:05:26.773846240Z;-5;Quote;;;76.1;23
SETZ26;;Market Price;2026-09-04T08:05:59.009507671Z;-5;Quote;;;76.2;27
SETZ26;;Market Price;2026-09-04T08:05:59.009507671Z;-5;Quote;;;76.2;23
SETZ26;;Market Price;2026-09-04T08:05:59.208898529Z;-5;Quote;;;76.15;23
SETZ26;;Market Price;2026-09-04T08:10:41.133932846Z;-5;Quote;;;76.1;23
SETZ26;;Market Price;2026-09-04T08:11:44.749488501Z;-5;Quote;;;76.2;27
SETZ26;;Market Price;2026-09-04T08:11:44.749488501Z;-5;Quote;;;76.2;23
SETZ26;;Market Price;2026-09-04T09:21:46.868834305Z;-5;Quote;;;76.15;23
SETZ26;;Market Price;2026-09-04T09:21:51.868996675Z;-5;Quote;;;76.25;23
SETZ26;;Market Price;2026-09-04T09:21:52.133809569Z;-5;Quote;;;76.15;23
SETZ26;;Market Price;2026-09-04T09:21:57.333851244Z;-5;Quote;;;76.2;23
SETZ26;;Market Price;2026-09-04T09:22:11.109048550Z;-5;Quote;;;76.15;23
SETZ26;;Market Price;2026-09-04T09:22:35.858911496Z;-5;Quote;;;76.25;23
SETZ26;;Market Price;2026-09-04T09:22:36.074772094Z;-5;Quote;;;76.15;23
SETZ26;;Market Price;2026-09-04T09:22:46.849527576Z;-5;Quote;;;76.25;23
SETZ26;;Market Price;2026-09-04T09:22:47.048842616Z;-5;Quote;;;76.2;23
SETZ26;;Market Price;2026-09-04T09:22:48.974511638Z;-5;Quote;;;76.15;23
SETZ26;;Market Price;2026-09-04T09:22:54.174497606Z;-5;Quote;;;76.3;55
SETZ26;;Market Price;2026-09-04T09:22:54.174497606Z;-5;Quote;;;76.2;23
SETZ26;;Market Price;2026-09-04T09:23:43.234301756Z;-5;Quote;;;76.15;23
SETZ26;;Market Price;2026-09-04T09:23:56.894440327Z;-5;Quote;;;76.25;29
SETZ26;;Market Price;2026-09-04T09:23:56.894440327Z;-5;Quote;;;76.25;23
SETZ26;;Market Price;2026-09-04T09:23:57.099665666Z;-5;Quote;;;76.2;23
SETZ26;;Market Price;2026-09-04T09:24:07.128813734Z;-5;Quote;;;76.15;23
SETZ26;;Market Price;2026-09-04T09:24:12.329208412Z;-5;Quote;;;76.2;23
SETZ26;;Market Price;2026-09-04T09:24:13.169326115Z;-5;Quote;;;76.15;23
SETZ26;;Market Price;2026-09-04T09:24:18.368805136Z;-5;Quote;;;76.3;53
SETZ26;;Market Price;2026-09-04T09:24:18.369235493Z;-5;Quote;;;76.2;23
SETZ26;;Market Price;2026-09-04T09:24:43.878828310Z;-5;Quote;;;76.15;23
SETZ26;;Market Price;2026-09-04T09:24:51.523893656Z;-5;Quote;;;76.25;23
SETZ26;;Market Price;2026-09-04T09:24:51.739697416Z;-5;Quote;;;76.2;23
SETZ26;;Market Price;2026-09-04T09:24:55.973814698Z;-5;Quote;;;76.15;23
SETZ26;;Market Price;2026-09-04T09:26:10.203825225Z;-5;Quote;;;76.25;23
SETZ26;;Market Price;2026-09-04T09:26:10.404315944Z;-5;Quote;;;76.15;23
SETZ26;;Market Price;2026-09-04T09:26:30.349149048Z;-5;Quote;;;76.25;23
SETZ26;;Market Price;2026-09-04T09:26:30.549391914Z;-5;Quote;;;76.2;23
SETZ26;;Market Price;2026-09-04T09:26:30.763906762Z;-5;Quote;;;76.15;23
SETZ26;;Market Price;2026-09-04T09:26:39.884393577Z;-5;Quote;;;76.25;29
SETZ26;;Market Price;2026-09-04T09:26:39.884393577Z;-5;Quote;;;76.25;23
SETZ26;;Market Price;2026-09-04T09:26:40.083785920Z;-5;Quote;;;76.2;23
SETZ26;;Market Price;2026-09-04T09:26:40.334127933Z;-5;Quote;;;76.15;23
SETZ26;;Market Price;2026-09-04T09:26:47.319121017Z;-5;Quote;;;76.25;23
SETZ26;;Market Price;2026-09-04T09:26:47.523809234Z;-5;Quote;;;76.15;23
SETZ26;;Market Price;2026-09-04T09:26:52.723839776Z;-5;Quote;;;76.2;23
SETZ26;;Market Price;2026-09-04T09:28:37.653835682Z;-5;Quote;;;76.15;23
SETZ26;;Market Price;2026-09-04T09:29:13.508927315Z;-5;Quote;;;76.25;23
SETZ26;;Market Price;2026-09-04T09:29:13.709317383Z;-5;Quote;;;76.2;23
SETZ26;;Market Price;2026-09-04T09:31:05.973783108Z;-5;Quote;;;76.15;23
SETZ26;;Market Price;2026-09-04T09:31:50.269355819Z;-5;Quote;;;76.25;23
SETZ26;;Market Price;2026-09-04T09:31:50.509213532Z;-5;Quote;;;76.2;23
SETZ26;;Market Price;2026-09-04T09:32:18.174105244Z;-5;Quote;;;76.15;23
SETZ26;;Market Price;2026-09-04T09:32:23.374309940Z;-5;Quote;;;76.2;23
SETZ26;;Market Price;2026-09-04T10:46:04.024439634Z;-5;Quote;;;76.2;13
SETZ26;;Market Price;2026-09-04T10:46:04.228923376Z;-5;Quote;;;76.2;23
SETZ26;;Market Price;2026-09-04T10:46:38.714884134Z;-5;Quote;;;76.2;13
SETZ26;;Market Price;2026-09-04T10:46:38.714884134Z;-5;Quote;;;76.3;3
SETZ26;;Market Price;2026-09-04T10:46:38.914220532Z;-5;Quote;;;76.2;23
SETZ26;;Market Price;2026-09-04T10:46:44.088930735Z;-5;Quote;;;76.2;13
SETZ26;;Market Price;2026-09-04T10:46:44.089895479Z;-5;Quote;;;76.3;1
SETZ26;;Market Price;2026-09-04T10:46:44.293918254Z;-5;Quote;;;76.2;23
SETZ26;;Market Price;2026-09-04T10:47:00.119745491Z;-5;Quote;;;76.2;13
SETZ26;;Market Price;2026-09-04T10:47:00.243933778Z;-5;Quote;;;76.3;1
SETZ26;;Market Price;2026-09-04T10:47:00.453909964Z;-5;Quote;;;76.2;23
SETZ26;;Market Price;2026-09-04T10:47:01.293907485Z;-5;Quote;;;76.2;22
SETZ26;;Market Price;2026-09-04T10:47:01.294779313Z;-5;Quote;;;76.2;12
SETZ26;;Market Price;2026-09-04T10:47:01.294779313Z;-5;Quote;;;76.2;11
SETZ26;;Market Price;2026-09-04T10:47:05.453931162Z;-5;Quote;;;76.25;10
SETZ26;;Market Price;2026-09-04T10:47:05.653923781Z;-5;Quote;;;76.25;22
SETZ26;;Market Price;2026-09-04T10:47:10.653917947Z;-5;Quote;;;76.25;12
SETZ26;;Market Price;2026-09-04T10:47:10.654660729Z;-5;Quote;;;76.3;1
SETZ26;;Market Price;2026-09-04T10:47:10.853984930Z;-5;Quote;;;76.3;23
SETZ26;;Market Price;2026-09-04T10:47:59.008954610Z;-5;Quote;;;76.3;22
SETZ26;;Market Price;2026-09-04T10:47:59.248889955Z;-5;Quote;;;76.35;23
SETZ26;;Market Price;2026-09-04T10:48:19.168589951Z;-5;Quote;;;76.45;28
SETZ26;;Market Price;2026-09-04T10:48:19.168589951Z;-5;Quote;;;76.45;23
SETZ26;;Market Price;2026-09-04T10:48:19.368920868Z;-5;Quote;;;76.3;23
SETZ26;;Market Price;2026-09-04T10:50:51.364474813Z;-5;Quote;;;76.4;23
SETZ26;;Market Price;2026-09-04T10:50:51.604325330Z;-5;Quote;;;76.35;23
SETZ26;;Market Price;2026-09-04T10:51:16.433892715Z;-5;Quote;;;76.45;28
SETZ26;;Market Price;2026-09-04T10:51:16.434308522Z;-5;Quote;;;76.45;23
SETZ26;;Market Price;2026-09-04T10:51:16.638850108Z;-5;Quote;;;76.3;23
SETZ26;;Market Price;2026-09-04T10:52:13.838888498Z;-5;Quote;;;76.4;23
SETZ26;;Market Price;2026-09-04T10:52:14.053871761Z;-5;Quote;;;76.3;23
SETZ26;;Market Price;2026-09-04T10:52:22.748957501Z;-5;Quote;;;76.4;23
SETZ26;;Market Price;2026-09-04T10:52:22.954774919Z;-5;Quote;;;76.3;23
SETZ26;;Market Price;2026-09-04T10:56:36.589869978Z;-5;Quote;;;76.4;28
SETZ26;;Market Price;2026-09-04T10:56:36.589869978Z;-5;Quote;;;76.4;23
SETZ26;;Market Price;2026-09-04T10:56:37.284369432Z;-5;Quote;;;76.3;23
SETZ26;;Market Price;2026-09-04T10:59:14.964368820Z;-5;Quote;;;76.4;23
SETZ26;;Market Price;2026-09-04T10:59:15.204594227Z;-5;Quote;;;76.35;23
SETZ26;;Market Price;2026-09-04T10:59:20.283998371Z;-5;Quote;;;76.3;23
SETZ26;;Market Price;2026-09-04T10:59:26.714002935Z;-5;Quote;;;76.4;28
SETZ26;;Market Price;2026-09-04T10:59:26.714002935Z;-5;Quote;;;76.4;23
SETZ26;;Market Price;2026-09-04T10:59:26.955343227Z;-5;Quote;;;76.35;23
SETZ26;;Market Price;2026-09-04T10:59:30.418944522Z;-5;Quote;;;76.3;23
SETZ26;;Market Price;2026-09-04T10:59:45.258998435Z;-5;Quote;;;76.4;23
SETZ26;;Market Price;2026-09-04T10:59:45.499132974Z;-5;Quote;;;76.35;23
SETZ26;;Market Price;2026-09-04T10:59:46.343881649Z;-5;Quote;;;76.3;23
SETZ26;;Market Price;2026-09-04T10:59:59.904863480Z;-5;Quote;;;76.4;23
SETZ26;;Market Price;2026-09-04T11:00:00.324039818Z;-5;Quote;;;76.35;23
SETZ26;;Market Price;2026-09-04T11:00:04.675072220Z;-5;Quote;;;76.3;23
SETZ26;;Market Price;2026-09-04T11:02:01.119079527Z;-5;Quote;;;76.4;23
SETZ26;;Market Price;2026-09-04T11:02:01.458937900Z;-5;Quote;;;76.3;23
SETZ26;;Market Price;2026-09-04T11:30:36.714848101Z;-5;Quote;;;76.4;23
SETZ26;;Market Price;2026-09-04T11:30:36.944221814Z;-5;Quote;;;76.35;23
SETZ26;;Market Price;2026-09-04T11:30:40.798826545Z;-5;Quote;;;76.3;23
SETZ26;;Market Price;2026-09-04T11:30:45.794197115Z;-5;Quote;;;76.3;6
SETZ26;;Market Price;2026-09-04T11:30:45.993834341Z;-5;Quote;;;76.3;23
SETZ26;;Market Price;2026-09-04T11:30:49.264405677Z;-5;Quote;;;76.3;21
SETZ26;;Market Price;2026-09-04T11:30:49.269404483Z;-5;Quote;;;76.3;6
SETZ26;;Market Price;2026-09-04T11:30:49.269404483Z;-5;Quote;;;76.4;2
SETZ26;;Market Price;2026-09-04T11:30:49.518841244Z;-5;Quote;;;76.3;23
SETZ26;;Market Price;2026-09-04T11:31:04.158949653Z;-5;Quote;;;76.4;23
SETZ26;;Market Price;2026-09-04T11:31:04.364319052Z;-5;Quote;;;76.3;23
SETZ26;;Market Price;2026-09-04T11:31:08.989381218Z;-5;Quote;;;76.3;6
SETZ26;;Market Price;2026-09-04T11:31:09.194231476Z;-5;Quote;;;76.3;23
SETZ26;;Market Price;2026-09-04T11:31:12.369182766Z;-5;Quote;;;76.3;6
SETZ26;;Market Price;2026-09-04T11:31:12.369182766Z;-5;Quote;;;76.4;17
SETZ26;;Market Price;2026-09-04T11:31:12.618990523Z;-5;Quote;;;76.3;23
SETZ26;;Market Price;2026-09-04T11:31:12.983838941Z;-5;Quote;;;76.3;21
SETZ26;;Market Price;2026-09-04T11:31:12.984056598Z;-5;Quote;;;76.3;11
SETZ26;;Market Price;2026-09-04T11:31:12.984056598Z;-5;Quote;;;76.3;6
SETZ26;;Market Price;2026-09-04T11:31:13.228864227Z;-5;Quote;;;76.3;23
SETZ26;;Market Price;2026-09-04T11:31:14.983830546Z;-5;Quote;;;76.3;6
SETZ26;;Market Price;2026-09-04T11:31:15.258824257Z;-5;Quote;;;76.3;23
SETZ26;;Market Price;2026-09-04T11:31:15.594059165Z;-5;Quote;;;76.3;6
SETZ26;;Market Price;2026-09-04T11:31:15.793816523Z;-5;Quote;;;76.3;23
SETZ26;;Market Price;2026-09-04T11:31:17.449135615Z;-5;Quote;;;76.3;6
SETZ26;;Market Price;2026-09-04T11:31:17.619014980Z;-5;Quote;;;76.4;17
SETZ26;;Market Price;2026-09-04T11:31:17.818931583Z;-5;Quote;;;76.35;23
SETZ26;;Market Price;2026-09-04T11:31:20.189107034Z;-5;Quote;;;76.3;23
SETZ26;;Market Price;2026-09-04T11:31:21.694101857Z;-5;Quote;;;76.3;21
SETZ26;;Market Price;2026-09-04T11:31:21.694101857Z;-5;Quote;;;76.3;6
SETZ26;;Market Price;2026-09-04T11:31:21.953846350Z;-5;Quote;;;76.3;23
SETZ26;;Market Price;2026-09-04T11:31:22.983827347Z;-5;Quote;;;76.3;6
SETZ26;;Market Price;2026-09-04T11:31:23.209198409Z;-5;Quote;;;76.3;23
SETZ26;;Market Price;2026-09-04T11:31:24.159257352Z;-5;Quote;;;76.3;6
SETZ26;;Market Price;2026-09-04T11:31:24.364127933Z;-5;Quote;;;76.3;23
SETZ26;;Market Price;2026-09-04T11:31:29.239788113Z;-5;Quote;;;76.3;22
SETZ26;;Market Price;2026-09-04T11:31:29.244806079Z;-5;Quote;;;76.3;6
SETZ26;;Market Price;2026-09-04T11:31:29.244806079Z;-5;Quote;;;76.4;1
SETZ26;;Market Price;2026-09-04T11:31:29.484115663Z;-5;Quote;;;76.35;23
SETZ26;;Market Price;2026-09-04T11:32:03.238984114Z;-5;Quote;;;76.45;23
SETZ26;;Market Price;2026-09-04T11:32:03.443838043Z;-5;Quote;;;76.3;23
SETZ26;;Market Price;2026-09-04T11:32:03.984710528Z;-5;Quote;;;76.3;6
SETZ26;;Market Price;2026-09-04T11:32:04.228838170Z;-5;Quote;;;76.3;23
SETZ26;;Market Price;2026-09-04T11:32:09.228835634Z;-5;Quote;;;76.3;6
SETZ26;;Market Price;2026-09-04T11:32:09.428863910Z;-5;Quote;;;76.35;23
SETZ26;;Market Price;2026-09-04T11:32:38.039704726Z;-5;Quote;;;76.45;23
SETZ26;;Market Price;2026-09-04T11:32:38.239571999Z;-5;Quote;;;76.3;23
SETZ26;;Market Price;2026-09-04T11:41:11.514205976Z;-5;Quote;;;76.4;23
SETZ26;;Market Price;2026-09-04T11:41:11.719573714Z;-5;Quote;;;76.25;23
SETZ26;;Market Price;2026-09-04T11:43:08.504515845Z;-5;Quote;;;76.35;23
SETZ26;;Market Price;2026-09-04T11:43:08.743835665Z;-5;Quote;;;76.3;23
SETZ26;;Market Price;2026-09-04T11:45:22.059462230Z;-5;Quote;;;76.4;23
SETZ26;;Market Price;2026-09-04T11:45:22.274802779Z;-5;Quote;;;76.3;23
SETZ26;;Market Price;2026-09-04T11:45:34.598836059Z;-5;Quote;;;76.25;23
SETZ26;;Market Price;2026-09-04T11:45:39.919579187Z;-5;Quote;;;76.35;28
SETZ26;;Market Price;2026-09-04T11:45:39.919579187Z;-5;Quote;;;76.35;23
SETZ26;;Market Price;2026-09-04T11:45:40.154409456Z;-5;Quote;;;76.3;23
SETZ26;;Market Price;2026-09-04T11:45:47.939468010Z;-5;Quote;;;76.4;28
SETZ26;;Market Price;2026-09-04T11:45:47.939468010Z;-5;Quote;;;76.4;23
SETZ26;;Market Price;2026-09-04T11:45:48.143850327Z;-5;Quote;;;76.25;23
SETZ26;;Market Price;2026-09-04T11:45:51.699256002Z;-5;Quote;;;76.25;10
SETZ26;;Market Price;2026-09-04T11:45:51.699256002Z;-5;Quote;;;76.25;6
SETZ26;;Market Price;2026-09-04T11:45:51.933832358Z;-5;Quote;;;76.25;23
SETZ26;;Market Price;2026-09-04T11:47:05.579495476Z;-5;Quote;;;76.2;73
SETZ26;;Market Price;2026-09-04T11:47:15.973865025Z;-5;Quote;;;76.2;61
SETZ26;;Market Price;2026-09-04T11:47:15.973942513Z;-5;Quote;;;76.4;7
SETZ26;;Market Price;2026-09-04T11:47:16.214220331Z;-5;Quote;;;76.25;73
SETZ26;;Market Price;2026-09-04T11:47:18.289770577Z;-5;Quote;;;76.25;62
SETZ26;;Market Price;2026-09-04T11:47:18.289770577Z;-5;Quote;;;76.25;50
SETZ26;;Market Price;2026-09-04T11:47:18.514126129Z;-5;Quote;;;76.25;73
SETZ26;;Market Price;2026-09-04T11:48:15.409839915Z;-5;Quote;;;76.25;63
SETZ26;;Market Price;2026-09-04T11:48:15.409839915Z;-5;Quote;;;76.25;56
SETZ26;;Market Price;2026-09-04T11:48:15.614651807Z;-5;Quote;;;76.2;73
SETZ26;;Market Price;2026-09-04T11:48:16.894682784Z;-5;Quote;;;76.2;56
SETZ26;;Market Price;2026-09-04T11:48:20.613849981Z;-5;Quote;;;76.25;1
SETZ26;;Market Price;2026-09-04T11:48:20.814615767Z;-5;Quote;;;76.25;73
SETZ26;;Market Price;2026-09-04T11:52:47.819740728Z;-5;Quote;;;76.2;73
SETZ26;;Market Price;2026-09-04T11:53:07.668101082Z;-5;Quote;;;76.2;61
SETZ26;;Market Price;2026-09-04T11:53:07.914022617Z;-5;Quote;;;76.2;73
SETZ26;;Market Price;2026-09-04T11:53:20.954596228Z;-5;Quote;;;76.2;61
SETZ26;;Market Price;2026-09-04T11:53:21.178970727Z;-5;Quote;;;76.25;73
SETZ26;;Market Price;2026-09-04T11:53:22.849244855Z;-5;Quote;;;76.25;62
SETZ26;;Market Price;2026-09-04T11:53:22.849244855Z;-5;Quote;;;76.25;56
SETZ26;;Market Price;2026-09-04T11:53:24.084782287Z;-5;Quote;;;76.2;73
SETZ26;;Market Price;2026-09-04T11:53:24.459494972Z;-5;Quote;;;76.2;61
SETZ26;;Market Price;2026-09-04T11:53:24.459494972Z;-5;Quote;;;76.2;54
SETZ26;;Market Price;2026-09-04T11:53:29.084806200Z;-5;Quote;;;76.25;2
SETZ26;;Market Price;2026-09-04T11:53:29.284648372Z;-5;Quote;;;76.25;73
SETZ26;;Market Price;2026-09-04T11:53:37.088866262Z;-5;Quote;;;76.25;62
SETZ26;;Market Price;2026-09-04T11:53:37.088866262Z;-5;Quote;;;76.25;2
SETZ26;;Market Price;2026-09-04T11:53:37.309677009Z;-5;Quote;;;76.3;73
SETZ26;;Market Price;2026-09-04T11:54:38.644166630Z;-5;Quote;;;76.25;73
SETZ26;;Market Price;2026-09-04T11:56:36.949578463Z;-5;Quote;;;76.25;61
SETZ26;;Market Price;2026-09-04T11:56:37.314662098Z;-5;Quote;;;76.25;73
SETZ26;;Market Price;2026-09-04T11:56:38.444352016Z;-5;Quote;;;76.25;61
SETZ26;;Market Price;2026-09-04T11:56:38.444352016Z;-5;Quote;;;76.25;56
SETZ26;;Market Price;2026-09-04T11:56:42.314659561Z;-5;Quote;;;76.3;2
SETZ26;;Market Price;2026-09-04T11:56:42.514534030Z;-5;Quote;;;76.3;73
SETZ26;;Market Price;2026-09-04T11:56:57.274431371Z;-5;Quote;;;76.3;2
SETZ26;;Market Price;2026-09-04T11:56:57.489271320Z;-5;Quote;;;76.3;73
SETZ26;;Market Price;2026-09-04T11:57:16.638885273Z;-5;Quote;;;76.3;73
SETZ26;;Market Price;2026-09-04T11:57:38.983871903Z;-5;Quote;;;76.25;73
SETZ26;;Market Price;2026-09-04T11:57:39.023890272Z;-5;Quote;;;76.25;61
SETZ26;;Market Price;2026-09-04T11:57:39.024307384Z;-5;Quote;;;76.25;56
SETZ26;;Market Price;2026-09-04T11:58:40.579898954Z;-5;Quote;;;76.3;73
SETZ26;;Market Price;2026-09-04T12:00:52.004185951Z;-5;Quote;;;76.25;73
SETZ26;;Market Price;2026-09-04T12:02:30.634103167Z;-5;Quote;;;76.25;73
SETZ26;;Market Price;2026-09-04T12:02:34.299023947Z;-5;Quote;;;76.25;61
SETZ26;;Market Price;2026-09-04T12:02:34.299023947Z;-5;Quote;;;76.25;56
SETZ26;;Market Price;2026-09-04T12:02:34.504636205Z;-5;Quote;;;76.2;73
SETZ26;;Market Price;2026-09-04T12:02:56.434079090Z;-5;Quote;;;76.2;61
SETZ26;;Market Price;2026-09-04T12:02:56.649885348Z;-5;Quote;;;76.2;73
SETZ26;;Market Price;2026-09-04T12:03:00.064178628Z;-5;Quote;;;76.2;61
SETZ26;;Market Price;2026-09-04T12:03:00.064178628Z;-5;Quote;;;76.2;56
SETZ26;;Market Price;2026-09-04T12:03:04.929410149Z;-5;Quote;;;76.2;73
SETZ26;;Market Price;2026-09-04T12:03:39.613985315Z;-5;Quote;;;76.25;73
SETZ26;;Market Price;2026-09-04T12:03:43.959004928Z;-5;Quote;;;76.25;62
SETZ26;;Market Price;2026-09-04T12:03:43.959004928Z;-5;Quote;;;76.25;56
SETZ26;;Market Price;2026-09-04T12:03:44.163916100Z;-5;Quote;;;76.2;73
SETZ26;;Market Price;2026-09-04T12:03:44.214872180Z;-5;Quote;;;76.2;56
SETZ26;;Market Price;2026-09-04T12:05:03.104063474Z;-5;Quote;;;76.15;73
SETZ26;;Market Price;2026-09-04T12:06:55.714712074Z;-5;Quote;;;76.15;61
SETZ26;;Market Price;2026-09-04T12:06:55.954043724Z;-5;Quote;;;76.2;73
SETZ26;;Market Price;2026-09-04T12:07:01.144308447Z;-5;Quote;;;76.2;61
SETZ26;;Market Price;2026-09-04T12:07:01.459582383Z;-5;Quote;;;75.95;73
SETZ26;;Market Price;2026-09-04T12:07:35.984300746Z;-5;Quote;;;75.95;64
SETZ26;;Market Price;2026-09-04T12:07:35.989303803Z;-5;Quote;;;75.95;56
SETZ26;;Market Price;2026-09-04T12:07:36.104246952Z;-5;Quote;;;75.95;34
SETZ26;;Market Price;2026-09-04T12:07:36.309621953Z;-5;Quote;;;76.1;45
SETZ26;;Market Price;2026-09-04T12:07:37.159518896Z;-5;Quote;;;76.1;44
SETZ26;;Market Price;2026-09-04T12:07:38.203928729Z;-5;Quote;;;76.1;34
SETZ26;;Market Price;2026-09-04T12:07:38.429579006Z;-5;Quote;;;76.1;54
SETZ26;;Market Price;2026-09-04T12:07:43.429320317Z;-5;Quote;;;76.1;20
SETZ26;;Market Price;2026-09-04T12:07:43.629181843Z;-5;Quote;;;76.2;56
SETZ26;;Market Price;2026-09-04T12:07:56.954133403Z;-5;Quote;;;76.25;56
SETZ26;;Market Price;2026-09-04T12:07:58.154494633Z;-5;Quote;;;76.2;56
SETZ26;;Market Price;2026-09-04T12:08:22.763918456Z;-5;Quote;;;76.15;56
SETZ26;;Market Price;2026-09-04T12:08:27.763964473Z;-5;Quote;;;76.2;17
SETZ26;;Market Price;2026-09-04T12:08:27.964317137Z;-5;Quote;;;76.2;73
SETZ26;;Market Price;2026-09-04T12:08:28.104225077Z;-5;Quote;;;76.2;57
SETZ26;;Market Price;2026-09-04T12:08:41.328958392Z;-5;Quote;;;76.2;56
SETZ26;;Market Price;2026-09-04T12:08:41.528946123Z;-5;Quote;;;76.15;56
SETZ26;;Market Price;2026-09-04T12:08:50.834093252Z;-5;Quote;;;76.2;67
SETZ26;;Market Price;2026-09-04T12:08:59.833917595Z;-5;Quote;;;76.2;66
SETZ26;;Market Price;2026-09-04T12:09:32.893965561Z;-5;Quote;;;76.2;65
SETZ26;;Market Price;2026-09-04T12:09:39.154461207Z;-5;Quote;;;76.2;64
SETZ26;;Market Price;2026-09-04T12:09:50.639802058Z;-5;Quote;;;76.2;56
SETZ26;;Market Price;2026-09-04T12:09:50.839641668Z;-5;Quote;;;76.15;56
SETZ26;;Market Price;2026-09-04T12:09:59.209869274Z;-5;Quote;;;76.2;65
SETZ26;;Market Price;2026-09-04T12:10:04.949665403Z;-5;Quote;;;76.2;64
SETZ26;;Market Price;2026-09-04T12:10:09.009549615Z;-5;Quote;;;76.2;56
SETZ26;;Market Price;2026-09-04T12:10:09.209418435Z;-5;Quote;;;76.15;56
SETZ26;;Market Price;2026-09-04T12:10:38.004173188Z;-5;Quote;;;76.2;10
SETZ26;;Market Price;2026-09-04T12:10:38.204072756Z;-5;Quote;;;76.2;64
SETZ26;;Market Price;2026-09-04T12:10:40.464119467Z;-5;Quote;;;76.2;63
SETZ26;;Market Price;2026-09-04T12:10:56.583930866Z;-5;Quote;;;76.2;53
SETZ26;;Market Price;2026-09-04T12:10:56.583930866Z;-5;Quote;;;76.25;9
SETZ26;;Market Price;2026-09-04T12:10:56.784312648Z;-5;Quote;;;76.25;73
SETZ26;;Market Price;2026-09-04T12:10:56.829272442Z;-5;Quote;;;76.25;65
SETZ26;;Market Price;2026-09-04T12:10:57.169482969Z;-5;Quote;;;76.25;64
SETZ26;;Market Price;2026-09-04T12:11:16.098962902Z;-5;Quote;;;76.2;73
SETZ26;;Market Price;2026-09-04T12:11:18.933887737Z;-5;Quote;;;76.2;72
SETZ26;;Market Price;2026-09-04T12:11:18.934043985Z;-5;Quote;;;76.2;56
SETZ26;;Market Price;2026-09-04T12:11:22.454112267Z;-5;Quote;;;76.15;73
SETZ26;;Market Price;2026-09-04T12:11:22.843899182Z;-5;Quote;;;76.15;62
SETZ26;;Market Price;2026-09-04T12:11:22.844095129Z;-5;Quote;;;76.15;56
SETZ26;;Market Price;2026-09-04T12:11:27.773998352Z;-5;Quote;;;76.2;73
SETZ26;;Market Price;2026-09-04T12:11:28.114772623Z;-5;Quote;;;76.2;56
SETZ26;;Market Price;2026-09-04T12:11:28.423893773Z;-5;Quote;;;76.15;73
SETZ26;;Market Price;2026-09-04T12:11:28.913888093Z;-5;Quote;;;76.15;64
SETZ26;;Market Price;2026-09-04T12:11:28.914713354Z;-5;Quote;;;76.15;56
SETZ26;;Market Price;2026-09-04T12:11:33.623917402Z;-5;Quote;;;76.2;73
SETZ26;;Market Price;2026-09-04T12:11:40.824722333Z;-5;Quote;;;76.2;72
SETZ26;;Market Price;2026-09-04T12:11:41.024590885Z;-5;Quote;;;76.25;73
SETZ26;;Market Price;2026-09-04T12:11:41.253969564Z;-5;Quote;;;76.25;56
SETZ26;;Market Price;2026-09-04T12:11:42.759700639Z;-5;Quote;;;76.2;73
SETZ26;;Market Price;2026-09-04T12:11:43.143965426Z;-5;Quote;;;76.2;72
SETZ26;;Market Price;2026-09-04T12:11:43.144935128Z;-5;Quote;;;76.2;56
SETZ26;;Market Price;2026-09-04T12:11:47.959749133Z;-5;Quote;;;76.25;73
SETZ26;;Market Price;2026-09-04T12:11:48.269615734Z;-5;Quote;;;76.25;56
SETZ26;;Market Price;2026-09-04T12:11:51.664761314Z;-5;Quote;;;76.2;73
SETZ26;;Market Price;2026-09-04T12:11:52.204861705Z;-5;Quote;;;76.2;72
SETZ26;;Market Price;2026-09-04T12:11:52.204861705Z;-5;Quote;;;76.2;56
SETZ26;;Market Price;2026-09-04T12:11:56.863889935Z;-5;Quote;;;76.25;73
SETZ26;;Market Price;2026-09-04T12:11:57.673910005Z;-5;Quote;;;76.2;73
SETZ26;;Market Price;2026-09-04T12:11:58.248892084Z;-5;Quote;;;76.2;72
SETZ26;;Market Price;2026-09-04T12:11:58.249748671Z;-5;Quote;;;76.2;56
SETZ26;;Market Price;2026-09-04T12:12:03.739462924Z;-5;Quote;;;76.25;73
SETZ26;;Market Price;2026-09-04T12:12:04.348889198Z;-5;Quote;;;76.25;56
SETZ26;;Market Price;2026-09-04T12:12:04.754596019Z;-5;Quote;;;76.2;73
SETZ26;;Market Price;2026-09-04T12:12:05.309739090Z;-5;Quote;;;76.2;72
SETZ26;;Market Price;2026-09-04T12:12:05.314726979Z;-5;Quote;;;76.2;56
SETZ26;;Market Price;2026-09-04T12:12:09.954771858Z;-5;Quote;;;76.25;73
SETZ26;;Market Price;2026-09-04T12:12:10.173996190Z;-5;Quote;;;76.2;73
SETZ26;;Market Price;2026-09-04T12:12:10.339545647Z;-5;Quote;;;76.2;72
SETZ26;;Market Price;2026-09-04T12:12:10.339545647Z;-5;Quote;;;76.2;56
SETZ26;;Market Price;2026-09-04T12:12:15.373897133Z;-5;Quote;;;76.25;73
SETZ26;;Market Price;2026-09-04T12:12:15.409621840Z;-5;Quote;;;76.25;56
SETZ26;;Market Price;2026-09-04T12:12:15.704142064Z;-5;Quote;;;76.2;73
SETZ26;;Market Price;2026-09-04T12:12:21.364659855Z;-5;Quote;;;76.2;72
SETZ26;;Market Price;2026-09-04T12:12:21.674401006Z;-5;Quote;;;76.2;73
SETZ26;;Market Price;2026-09-04T12:12:23.554234594Z;-5;Quote;;;76.2;56
SETZ26;;Market Price;2026-09-04T12:12:24.369551350Z;-5;Quote;;;76.15;73
SETZ26;;Market Price;2026-09-04T12:12:24.449527075Z;-5;Quote;;;76.15;56
SETZ26;;Market Price;2026-09-04T12:12:29.368908227Z;-5;Quote;;;76.2;2
SETZ26;;Market Price;2026-09-04T12:12:29.764580995Z;-5;Quote;;;76.2;73
SETZ26;;Market Price;2026-09-04T12:12:29.874510499Z;-5;Quote;;;76.2;56
SETZ26;;Market Price;2026-09-04T12:12:30.079370524Z;-5;Quote;;;76.15;73
SETZ26;;Market Price;2026-09-04T12:12:30.508901001Z;-5;Quote;;;76.15;62
SETZ26;;Market Price;2026-09-04T12:12:30.509354968Z;-5;Quote;;;76.15;56
SETZ26;;Market Price;2026-09-04T12:12:35.279585436Z;-5;Quote;;;76.2;73
SETZ26;;Market Price;2026-09-04T12:12:35.674731240Z;-5;Quote;;;76.2;56
SETZ26;;Market Price;2026-09-04T12:14:33.723916234Z;-5;Quote;;;76.15;56
SETZ26;;Market Price;2026-09-04T12:14:38.723902302Z;-5;Quote;;;76.2;17
SETZ26;;Market Price;2026-09-04T12:14:38.924817385Z;-5;Quote;;;76.2;73
SETZ26;;Market Price;2026-09-04T12:15:53.968956822Z;-5;Quote;;;76.2;56
SETZ26;;Market Price;2026-09-04T12:16:51.254725663Z;-5;Quote;;;76.1;73
SETZ26;;Market Price;2026-09-04T12:16:51.394089119Z;-5;Quote;;;76.1;65
SETZ26;;Market Price;2026-09-04T12:24:47.634783329Z;-5;Quote;;;76.1;56
SETZ26;;Market Price;2026-09-04T12:29:43.759109399Z;-5;Quote;;;76.15;4
SETZ26;;Market Price;2026-09-04T12:29:43.759109399Z;-5;Quote;;;76.15;2
SETZ26;;Market Price;2026-09-04T12:30:03.999442362Z;-5;Quote;;;76.1;73
SETZ26;;Market Price;2026-09-04T12:30:04.734774299Z;-5;Quote;;;76.1;72
SETZ26;;Market Price;2026-09-04T12:30:06.309780484Z;-5;Quote;;;76.1;71
SETZ26;;Market Price;2026-09-04T12:30:06.494751126Z;-5;Quote;;;76.1;69
SETZ26;;Market Price;2026-09-04T12:30:06.499236046Z;-5;Quote;;;76.1;67
SETZ26;;Market Price;2026-09-04T12:30:09.649804950Z;-5;Quote;;;76.1;66
SETZ26;;Market Price;2026-09-04T12:30:09.774695254Z;-5;Quote;;;76.1;65
SETZ26;;Market Price;2026-09-04T12:30:09.919028668Z;-5;Quote;;;76.1;64
SETZ26;;Market Price;2026-09-04T12:30:10.364825779Z;-5;Quote;;;76.1;63
SETZ26;;Market Price;2026-09-04T12:30:10.369806016Z;-5;Quote;;;76.1;62
SETZ26;;Market Price;2026-09-04T12:30:10.759256057Z;-5;Quote;;;76.1;61
SETZ26;;Market Price;2026-09-04T12:30:10.759256057Z;-5;Quote;;;76.1;56
SETZ26;;Market Price;2026-09-04T12:30:13.434001212Z;-5;Quote;;;76.15;11
SETZ26;;Market Price;2026-09-04T12:30:13.634912953Z;-5;Quote;;;76.15;57
SETZ26;;Market Price;2026-09-04T12:30:16.363955598Z;-5;Quote;;;76.15;56
SETZ26;;Market Price;2026-09-04T12:30:18.634816062Z;-5;Quote;;;76.15;52
SETZ26;;Market Price;2026-09-04T12:30:18.634816062Z;-5;Quote;;;76.15;45
SETZ26;;Market Price;2026-09-04T12:30:18.634816062Z;-5;Quote;;;76.2;10
SETZ26;;Market Price;2026-09-04T12:30:18.834716446Z;-5;Quote;;;76.2;56
SETZ26;;Market Price;2026-09-04T12:30:23.834713024Z;-5;Quote;;;76.2;46
SETZ26;;Market Price;2026-09-04T12:30:23.834713024Z;-5;Quote;;;76.25;11
SETZ26;;Market Price;2026-09-04T12:30:24.039016934Z;-5;Quote;;;76.25;67
SETZ26;;Market Price;2026-09-04T12:30:25.499294339Z;-5;Quote;;;76.25;66
SETZ26;;Market Price;2026-09-04T12:30:27.084733088Z;-5;Quote;;;76.25;56
SETZ26;;Market Price;2026-09-04T12:30:30.039177537Z;-5;Quote;;;76.25;11
SETZ26;;Market Price;2026-09-04T12:30:30.039177537Z;-5;Quote;;;76.3;7
SETZ26;;Market Price;2026-09-04T12:30:30.414121161Z;-5;Quote;;;76.25;66
SETZ26;;Market Price;2026-09-04T12:30:30.649447770Z;-5;Quote;;;76.25;56
SETZ26;;Market Price;2026-09-04T12:30:35.614492310Z;-5;Quote;;;76.3;4
SETZ26;;Market Price;2026-09-04T12:30:35.649926700Z;-5;Quote;;;76.25;69
SETZ26;;Market Price;2026-09-04T12:30:37.424091346Z;-5;Quote;;;76.25;56
SETZ26;;Market Price;2026-09-04T12:30:40.714520756Z;-5;Quote;;;76.3;13
SETZ26;;Market Price;2026-09-04T12:30:41.259176258Z;-5;Quote;;;76.25;69
SETZ26;;Market Price;2026-09-04T12:30:41.304687366Z;-5;Quote;;;76.25;56
SETZ26;;Market Price;2026-09-04T12:30:48.554454009Z;-5;Quote;;;76.3;4
SETZ26;;Market Price;2026-09-04T12:30:48.774790094Z;-5;Quote;;;76.25;56
SETZ26;;Market Price;2026-09-04T12:31:05.464378841Z;-5;Quote;;;76.3;7
SETZ26;;Market Price;2026-09-04T12:31:05.704482694Z;-5;Quote;;;76.25;66
SETZ26;;Market Price;2026-09-04T12:31:15.294472483Z;-5;Quote;;;76.3;7
SETZ26;;Market Price;2026-09-04T12:31:15.734256517Z;-5;Quote;;;76.25;68
SETZ26;;Market Price;2026-09-04T12:31:15.849664484Z;-5;Quote;;;76.25;67
SETZ26;;Market Price;2026-09-04T12:31:18.684790733Z;-5;Quote;;;76.25;65
SETZ26;;Market Price;2026-09-04T12:31:19.564349529Z;-5;Quote;;;76.25;56
SETZ26;;Market Price;2026-09-04T12:31:21.234266591Z;-5;Quote;;;76.3;13
SETZ26;;Market Price;2026-09-04T12:31:21.594591599Z;-5;Quote;;;76.3;71
SETZ26;;Market Price;2026-09-04T12:31:26.524545375Z;-5;Quote;;;76.3;70
SETZ26;;Market Price;2026-09-04T12:31:27.224325417Z;-5;Quote;;;76.3;56
SETZ26;;Market Price;2026-09-04T12:31:27.449675943Z;-5;Quote;;;76.25;68
SETZ26;;Market Price;2026-09-04T12:31:27.514362309Z;-5;Quote;;;76.25;56
SETZ26;;Market Price;2026-09-04T12:31:33.384317650Z;-5;Quote;;;76.3;6
SETZ26;;Market Price;2026-09-04T12:31:33.604394067Z;-5;Quote;;;76.25;69
SETZ26;;Market Price;2026-09-04T12:31:34.309492911Z;-5;Quote;;;76.25;67
SETZ26;;Market Price;2026-09-04T12:32:06.800156164Z;-5;Quote;;;76.2;73
SETZ26;;Market Price;2026-09-04T12:32:40.169790687Z;-5;Quote;;;76.2;64
SETZ26;;Market Price;2026-09-04T12:32:40.389084792Z;-5;Quote;;;76.2;56
SETZ26;;Market Price;2026-09-04T12:33:05.019694752Z;-5;Quote;;;76.15;70
SETZ26;;Market Price;2026-09-04T12:33:06.229799246Z;-5;Quote;;;76.15;65
SETZ26;;Market Price;2026-09-04T12:33:07.264669119Z;-5;Quote;;;76.15;61
SETZ26;;Market Price;2026-09-04T12:33:07.264669119Z;-5;Quote;;;76.15;56
SETZ26;;Market Price;2026-09-04T12:33:10.019904540Z;-5;Quote;;;76.2;9
SETZ26;;Market Price;2026-09-04T12:33:10.219769011Z;-5;Quote;;;76.2;65
SETZ26;;Market Price;2026-09-04T12:33:12.999829051Z;-5;Quote;;;76.2;56
SETZ26;;Market Price;2026-09-04T12:33:15.324835950Z;-5;Quote;;;76.2;9
SETZ26;;Market Price;2026-09-04T12:33:15.324835950Z;-5;Quote;;;76.25;7
SETZ26;;Market Price;2026-09-04T12:33:15.619867197Z;-5;Quote;;;76.25;69
SETZ26;;Market Price;2026-09-04T12:33:19.749661795Z;-5;Quote;;;76.2;66
SETZ26;;Market Price;2026-09-04T12:33:24.608954491Z;-5;Quote;;;76.2;56
SETZ26;;Market Price;2026-09-04T12:33:24.959605301Z;-5;Quote;;;76.25;7
SETZ26;;Market Price;2026-09-04T12:33:25.264393230Z;-5;Quote;;;76.25;69
SETZ26;;Market Price;2026-09-04T12:33:26.588868640Z;-5;Quote;;;76.25;56
SETZ26;;Market Price;2026-09-04T12:33:44.164523735Z;-5;Quote;;;76.25;7
SETZ26;;Market Price;2026-09-04T12:33:44.164523735Z;-5;Quote;;;76.3;4
SETZ26;;Market Price;2026-09-04T12:33:44.384404879Z;-5;Quote;;;76.25;66
SETZ26;;Market Price;2026-09-04T12:33:53.219420763Z;-5;Quote;;;76.25;64
SETZ26;;Market Price;2026-09-04T12:33:59.074318062Z;-5;Quote;;;76.25;63
SETZ26;;Market Price;2026-09-04T12:34:01.394556074Z;-5;Quote;;;76.25;61
SETZ26;;Market Price;2026-09-04T12:34:01.394556074Z;-5;Quote;;;76.3;10
SETZ26;;Market Price;2026-09-04T12:34:01.613944325Z;-5;Quote;;;76.25;66
SETZ26;;Market Price;2026-09-04T12:34:32.124197917Z;-5;Quote;;;76.25;65
SETZ26;;Market Price;2026-09-04T12:34:36.634247845Z;-5;Quote;;;76.25;63
SETZ26;;Market Price;2026-09-04T12:34:39.384293695Z;-5;Quote;;;76.25;61
SETZ26;;Market Price;2026-09-04T12:34:39.384293695Z;-5;Quote;;;76.3;10
SETZ26;;Market Price;2026-09-04T12:34:39.604177555Z;-5;Quote;;;76.25;66
SETZ26;;Market Price;2026-09-04T12:35:04.179025653Z;-5;Quote;;;76.25;65
SETZ26;;Market Price;2026-09-04T12:35:05.324163615Z;-5;Quote;;;76.25;61
SETZ26;;Market Price;2026-09-04T12:35:05.324163615Z;-5;Quote;;;76.3;7
SETZ26;;Market Price;2026-09-04T12:35:05.524068645Z;-5;Quote;;;76.35;65
SETZ26;;Market Price;2026-09-04T12:35:12.364367693Z;-5;Quote;;;76.35;63
SETZ26;;Market Price;2026-09-04T12:35:13.539019730Z;-5;Quote;;;76.35;62
SETZ26;;Market Price;2026-09-04T12:35:13.539019730Z;-5;Quote;;;76.4;2
SETZ26;;Market Price;2026-09-04T12:35:13.739151756Z;-5;Quote;;;76.4;64
SETZ26;;Market Price;2026-09-04T12:35:59.008892763Z;-5;Quote;;;76.4;63
SETZ26;;Market Price;2026-09-04T12:35:59.008892763Z;-5;Quote;;;76.4;2
SETZ26;;Market Price;2026-09-04T12:35:59.008892763Z;-5;Quote;;;76.45;8
SETZ26;;Market Price;2026-09-04T12:35:59.209658731Z;-5;Quote;;;76.45;71
SETZ26;;Market Price;2026-09-04T12:36:41.414575835Z;-5;Quote;;;76.45;70
SETZ26;;Market Price;2026-09-04T12:36:41.414575835Z;-5;Quote;;;76.45;56
SETZ26;;Market Price;2026-09-04T12:36:45.324367028Z;-5;Quote;;;76.45;54
SETZ26;;Market Price;2026-09-04T12:36:45.324367028Z;-5;Quote;;;76.45;48
SETZ26;;Market Price;2026-09-04T12:36:45.329354544Z;-5;Quote;;;76.5;3
SETZ26;;Market Price;2026-09-04T12:36:45.529577121Z;-5;Quote;;;76.5;72
SETZ26;;Market Price;2026-09-04T12:36:46.869490287Z;-5;Quote;;;76.5;71
SETZ26;;Market Price;2026-09-04T12:36:46.869490287Z;-5;Quote;;;76.5;70
SETZ26;;Market Price;2026-09-04T12:36:48.639381217Z;-5;Quote;;;76.5;68
SETZ26;;Market Price;2026-09-04T12:36:52.889225465Z;-5;Quote;;;76.45;67
SETZ26;;Market Price;2026-09-04T12:37:36.548991202Z;-5;Quote;;;76.45;66
SETZ26;;Market Price;2026-09-04T12:37:36.548991202Z;-5;Quote;;;76.5;6
SETZ26;;Market Price;2026-09-04T12:37:36.749746390Z;-5;Quote;;;76.5;71
SETZ26;;Market Price;2026-09-04T12:37:43.073933725Z;-5;Quote;;;76.45;67
SETZ26;;Market Price;2026-09-04T12:38:43.656822251Z;-5;Quote;;;76.45;63
SETZ26;;Market Price;2026-09-04T12:40:14.148970959Z;-5;Quote;;;76.5;10
SETZ26;;Market Price;2026-09-04T12:40:14.348846940Z;-5;Quote;;;76.5;73
SETZ26;;Market Price;2026-09-04T12:40:16.554364970Z;-5;Quote;;;76.5;70
SETZ26;;Market Price;2026-09-04T12:40:34.649472979Z;-5;Quote;;;76.5;68
SETZ26;;Market Price;2026-09-04T12:42:36.139041414Z;-5;Quote;;;76.45;66
SETZ26;;Market Price;2026-09-04T12:45:04.124215325Z;-5;Quote;;;76.4;66
SETZ26;;Market Price;2026-09-04T12:45:11.059064811Z;-5;Quote;;;76.4;65
SETZ26;;Market Price;2026-09-04T12:45:11.059064811Z;-5;Quote;;;76.45;7
SETZ26;;Market Price;2026-09-04T12:45:11.259135715Z;-5;Quote;;;76.45;71
SETZ26;;Market Price;2026-09-04T12:47:19.079588442Z;-5;Quote;;;76.4;73
SETZ26;;Market Price;2026-09-04T12:49:41.933857185Z;-5;Quote;;;76.4;56
SETZ26;;Market Price;2026-09-04T12:51:24.223978490Z;-5;Quote;;;76.2;56
SETZ26;;Market Price;2026-09-04T12:53:13.464386795Z;-5;Quote;;;76.4;17
SETZ26;;Market Price;2026-09-04T12:53:13.669218955Z;-5;Quote;;;76.25;56
SETZ26;;Market Price;2026-09-04T13:00:48.309174491Z;-5;Quote;;;76.2;56
SETZ26;;Market Price;2026-09-04T13:14:56.889862399Z;-5;Quote;;;76.15;56
SETZ26;;Market Price;2026-09-04T13:15:01.889883259Z;-5;Quote;;;76.4;7
SETZ26;;Market Price;2026-09-04T13:15:02.089208412Z;-5;Quote;;;76.2;56
SETZ26;;Market Price;2026-09-04T13:15:21.449834585Z;-5;Quote;;;76.15;56
SETZ26;;Market Price;2026-09-04T13:16:04.684748596Z;-5;Quote;;;76.4;7
SETZ26;;Market Price;2026-09-04T13:16:04.884642439Z;-5;Quote;;;76.2;56
SETZ26;;Market Price;2026-09-04T13:18:09.933899770Z;-5;Quote;;;76.15;56
SETZ26;;Market Price;2026-09-04T13:18:16.944882659Z;-5;Quote;66.65;40;76.15;56
SETZ26;;Market Price;2026-09-04T13:18:18.914899042Z;-5;Quote;;;76.15;56
SETZ26;;Market Price;2026-09-04T13:18:25.734541693Z;-5;Quote;;;76.4;7
SETZ26;;Market Price;2026-09-04T13:18:25.934855769Z;-5;Quote;;;76.2;56
SETZ26;;Market Price;2026-09-04T13:18:40.309604776Z;-5;Quote;69.75;40;76.2;56
SETZ26;;Market Price;2026-09-04T13:18:42.109542233Z;-5;Quote;;;76.2;56
SETZ26;;Market Price;2026-09-04T13:19:01.909353020Z;-5;Quote;;;76.15;56
SETZ26;;Market Price;2026-09-04T13:19:07.113901644Z;-5;Quote;;;76.2;56
SETZ26;;Market Price;2026-09-04T13:19:14.464515125Z;-5;Quote;;;76.15;56
SETZ26;;Market Price;2026-09-04T13:20:07.968895821Z;-5;Quote;;;76.2;56
SETZ26;;Market Price;2026-09-04T13:22:06.484420266Z;-5;Quote;69.2;1;76.2;56
SETZ26;;Market Price;2026-09-04T13:23:38.444806003Z;-5;Quote;69.2;1;76.15;76
SETZ26;;Market Price;2026-09-04T13:25:04.464415486Z;-5;Quote;69.2;1;76.1;76
SETZ26;;Market Price;2026-09-04T13:25:09.464196447Z;-5;Quote;69.2;1;;
SETZ26;;Market Price;2026-09-04T13:25:09.664576701Z;-5;Quote;69.2;1;76.15;76
SETZ26;;Market Price;2026-09-04T13:27:50.195046455Z;-5;Quote;69.2;1;76.1;76
SETZ26;;Market Price;2026-09-04T13:28:46.179921276Z;-5;Quote;69.2;1;;
SETZ26;;Market Price;2026-09-04T13:28:46.384823581Z;-5;Quote;69.2;1;76.15;56
SETZ26;;Market Price;2026-09-04T13:28:50.384749212Z;-5;Quote;69.2;1;76.1;76
SETZ26;;Market Price;2026-09-04T13:29:57.039725693Z;-5;Quote;69.25;100;76.1;76
SETZ26;;Market Price;2026-09-04T13:29:59.394551025Z;-5;Quote;69.25;100;;
SETZ26;;Market Price;2026-09-04T13:29:59.594436360Z;-5;Quote;69.25;100;76.15;56
SETZ26;;Market Price;2026-09-04T13:30:01.306653138Z;-5;Quote;69.25;100;76.1;76
SETZ26;;Market Price;2026-09-04T13:30:01.306653138Z;-5;Quote;69.3;100;76.1;76
SETZ26;;Market Price;2026-09-04T13:30:01.704368401Z;-5;Quote;69.3;100;76.05;96
SETZ26;;Market Price;2026-09-04T13:30:01.704368401Z;-5;Quote;69.4;100;76.05;96
SETZ26;;Market Price;2026-09-04T13:30:03.064711593Z;-5;Quote;69.4;100;76;91
SETZ26;;Market Price;2026-09-04T13:30:03.199393005Z;-5;Quote;69.4;100;75.95;100
SETZ26;;Market Price;2026-09-04T13:30:03.199393005Z;-5;Quote;69.55;100;75.95;100
SETZ26;;Market Price;2026-09-04T13:30:03.622341838Z;-5;Quote;69.65;100;75.95;100
SETZ26;;Market Price;2026-09-04T13:30:03.622341838Z;-5;Quote;69.65;100;75.9;100
SETZ26;;Market Price;2026-09-04T13:30:05.508974644Z;-5;Quote;69.7;60;75.9;100
SETZ26;;Market Price;2026-09-04T13:30:05.508974644Z;-5;Quote;69.7;60;75.8;100
SETZ26;;Market Price;2026-09-04T13:30:05.569487310Z;-5;Quote;69.7;60;75.75;100
SETZ26;;Market Price;2026-09-04T13:30:05.569487310Z;-5;Quote;69.75;100;75.75;100
SETZ26;;Market Price;2026-09-04T13:30:06.009246149Z;-5;Quote;69.8;60;75.75;100
SETZ26;;Market Price;2026-09-04T13:30:06.009246149Z;-5;Quote;69.8;60;75.7;100
SETZ26;;Market Price;2026-09-04T13:30:06.029222505Z;-5;Quote;69.85;100;75.7;100
SETZ26;;Market Price;2026-09-04T13:30:06.264249458Z;-5;Quote;69.85;100;75.65;49
SETZ26;;Market Price;2026-09-04T13:30:06.264249458Z;-5;Quote;69.95;60;75.65;49
SETZ26;;Market Price;2026-09-04T13:30:06.324477891Z;-5;Quote;70;100;75.65;49
SETZ26;;Market Price;2026-09-04T13:30:06.324477891Z;-5;Quote;70;100;75.6;100
SETZ26;;Market Price;2026-09-04T13:30:06.824488923Z;-5;Quote;70;100;75.55;38
SETZ26;;Market Price;2026-09-04T13:30:06.824488923Z;-5;Quote;71.6;3;75.55;38
SETZ26;;Market Price;2026-09-04T13:30:07.004366470Z;-5;Quote;71.65;66;75.55;38
SETZ26;;Market Price;2026-09-04T13:30:07.004366470Z;-5;Quote;71.65;66;75.5;100
SETZ26;;Market Price;2026-09-04T13:30:07.024308396Z;-5;Quote;71.7;100;75.5;100
SETZ26;;Market Price;2026-09-04T13:30:08.119271499Z;-5;Quote;71.8;100;75.5;100
SETZ26;;Market Price;2026-09-04T13:30:08.119271499Z;-5;Quote;71.8;100;75.45;100
SETZ26;;Market Price;2026-09-04T13:30:08.819258167Z;-5;Quote;71.85;66;75.45;100
SETZ26;;Market Price;2026-09-04T13:30:08.819258167Z;-5;Quote;71.85;66;75.4;100
SETZ26;;Market Price;2026-09-04T13:30:08.839665482Z;-5;Quote;71.9;100;75.4;100
SETZ26;;Market Price;2026-09-04T13:30:10.024209500Z;-5;Quote;71.95;100;75.4;100
SETZ26;;Market Price;2026-09-04T13:30:10.339223565Z;-5;Quote;72.15;3;75.4;100
SETZ26;;Market Price;2026-09-04T13:30:10.684620076Z;-5;Quote;72.5;65;75.4;100
SETZ26;;Market Price;2026-09-04T13:30:10.794536360Z;-5;Quote;72.55;100;75.4;100
SETZ26;;Market Price;2026-09-04T13:30:11.043355009Z;-5;Quote;72.65;100;75.4;100
SETZ26;;Market Price;2026-09-04T13:30:11.043355009Z;-5;Quote;72.65;100;75.35;100
SETZ26;;Market Price;2026-09-04T13:30:11.494182611Z;-5;Quote;72.95;53;75.35;100
SETZ26;;Market Price;2026-09-04T13:30:11.514169117Z;-5;Quote;73;100;75.35;100
SETZ26;;Market Price;2026-09-04T13:30:16.079369274Z;-5;Quote;73.1;100;75.35;100
SETZ26;;Market Price;2026-09-04T13:30:16.444191711Z;-5;Quote;73.3;5;75.35;100
SETZ26;;Market Price;2026-09-04T13:30:16.734232664Z;-5;Quote;73.45;1;75.35;100
SETZ26;;Market Price;2026-09-04T13:30:16.734232664Z;-5;Quote;73.5;20;75.35;100
SETZ26;;Market Price;2026-09-04T13:30:16.744527112Z;-5;Quote;73.55;100;75.35;100
SETZ26;;Market Price;2026-09-04T13:30:19.154390331Z;-5;Quote;73.6;90;75.35;100
SETZ26;;Market Price;2026-09-04T13:30:21.154238923Z;-5;Quote;73.65;88;75.35;100
SETZ26;;Market Price;2026-09-04T13:30:21.409426840Z;-5;Quote;73.75;70;75.35;100
SETZ26;;Market Price;2026-09-04T13:30:25.239445816Z;-5;Quote;73.75;70;75.4;10
SETZ26;;Market Price;2026-09-04T13:30:25.444360175Z;-5;Quote;73.85;60;75.4;10
SETZ26;;Market Price;2026-09-04T13:30:25.444360175Z;-5;Quote;73.85;60;75.4;100
SETZ26;;Market Price;2026-09-04T13:30:25.699065056Z;-5;Quote;73.85;60;75.35;100
SETZ26;;Market Price;2026-09-04T13:30:31.039222484Z;-5;Quote;73.8;12;75.35;100
SETZ26;;Market Price;2026-09-04T13:30:31.199213086Z;-5;Quote;73.7;4;75.35;100
SETZ26;;Market Price;2026-09-04T13:30:31.239226860Z;-5;Quote;73.7;97;75.35;100
SETZ26;;Market Price;2026-09-04T13:30:31.494270026Z;-5;Quote;73.75;90;75.35;100
SETZ26;;Market Price;2026-09-04T13:30:35.549101002Z;-5;Quote;73.8;85;75.35;100
SETZ26;;Market Price;2026-09-04T13:30:36.119445851Z;-5;Quote;73.8;73;75.35;100
SETZ26;;Market Price;2026-09-04T13:30:40.548662273Z;-5;Quote;73.75;10;75.35;100
SETZ26;;Market Price;2026-09-04T13:30:40.749178288Z;-5;Quote;73.75;95;75.35;100
SETZ26;;Market Price;2026-09-04T13:30:41.029365900Z;-5;Quote;73.75;90;75.35;100
SETZ26;;Market Price;2026-09-04T13:30:41.029365900Z;-5;Quote;73.75;85;75.35;100
SETZ26;;Market Price;2026-09-04T13:30:41.029365900Z;-5;Quote;73.75;80;75.35;100
SETZ26;;Market Price;2026-09-04T13:30:48.619193236Z;-5;Quote;73.75;80;75.3;100
SETZ26;;Market Price;2026-09-04T13:30:50.264101620Z;-5;Quote;73.75;80;75.25;100
SETZ26;;Market Price;2026-09-04T13:31:06.799187613Z;-5;Quote;73.75;75;75.25;100
SETZ26;;Market Price;2026-09-04T13:31:06.799187613Z;-5;Quote;73.75;70;75.25;100
SETZ26;;Market Price;2026-09-04T13:31:06.799187613Z;-5;Quote;73.7;47;75.25;100
SETZ26;;Market Price;2026-09-04T13:31:06.999530831Z;-5;Quote;73.7;100;75.25;100
SETZ26;;Market Price;2026-09-04T13:31:11.113990436Z;-5;Quote;73.7;100;75.3;50
SETZ26;;Market Price;2026-09-04T13:31:11.314168450Z;-5;Quote;73.7;100;75.3;100
SETZ26;;Market Price;2026-09-04T13:31:36.799784171Z;-5;Quote;73.75;100;75.3;100
SETZ26;;Market Price;2026-09-04T13:31:40.425506836Z;-5;Quote;73.8;100;75.3;100
SETZ26;;Market Price;2026-09-04T13:31:51.619648207Z;-5;Quote;73.8;100;75.3;50
SETZ26;;Market Price;2026-09-04T13:31:51.619648207Z;-5;Quote;73.8;100;75.35;50
SETZ26;;Market Price;2026-09-04T13:31:51.819015052Z;-5;Quote;73.8;100;75.35;100
SETZ26;;Market Price;2026-09-04T13:32:01.863749516Z;-5;Quote;73.8;100;75.35;70
SETZ26;;Market Price;2026-09-04T13:32:01.863749516Z;-5;Quote;73.8;100;75.35;20
SETZ26;;Market Price;2026-09-04T13:32:01.863749516Z;-5;Quote;73.8;100;75.4;60
SETZ26;;Market Price;2026-09-04T13:32:02.064645124Z;-5;Quote;73.8;100;75.4;100
SETZ26;;Market Price;2026-09-04T13:32:02.079675891Z;-5;Quote;73.9;100;75.4;100
SETZ26;;Market Price;2026-09-04T13:32:11.039922582Z;-5;Quote;73.85;52;75.4;100
SETZ26;;Market Price;2026-09-04T13:32:11.039922582Z;-5;Quote;73.8;2;75.4;100
SETZ26;;Market Price;2026-09-04T13:32:11.239101076Z;-5;Quote;73.8;100;75.4;100
SETZ26;;Market Price;2026-09-04T13:32:11.239101076Z;-5;Quote;73.8;100;75.35;100
SETZ26;;Market Price;2026-09-04T13:32:15.244564436Z;-5;Quote;73.8;100;75.3;100
SETZ26;;Market Price;2026-09-04T13:32:45.984528971Z;-5;Quote;73.8;100;75.35;75
SETZ26;;Market Price;2026-09-04T13:32:46.184765131Z;-5;Quote;73.8;100;75.35;100
SETZ26;;Market Price;2026-09-04T13:32:46.184765131Z;-5;Quote;73.85;100;75.35;100
SETZ26;;Market Price;2026-09-04T13:33:00.154166302Z;-5;Quote;73.8;24;75.35;100
SETZ26;;Market Price;2026-09-04T13:33:00.154166302Z;-5;Quote;73.8;2;75.35;100
SETZ26;;Market Price;2026-09-04T13:33:00.154166302Z;-5;Quote;73.75;5;75.35;100
SETZ26;;Market Price;2026-09-04T13:33:00.353242376Z;-5;Quote;73.75;5;75.3;100
SETZ26;;Market Price;2026-09-04T13:33:00.353242376Z;-5;Quote;73.75;100;75.3;100
SETZ26;;Market Price;2026-09-04T13:33:07.179128009Z;-5;Quote;73.75;100;75.35;58
SETZ26;;Market Price;2026-09-04T13:33:07.379059187Z;-5;Quote;73.8;100;75.35;58
SETZ26;;Market Price;2026-09-04T13:33:07.379059187Z;-5;Quote;73.8;100;75.35;100
SETZ26;;Market Price;2026-09-04T13:33:08.039641915Z;-5;Quote;73.8;93;75.35;100
SETZ26;;Market Price;2026-09-04T13:33:08.044645135Z;-5;Quote;73.8;91;75.35;100
SETZ26;;Market Price;2026-09-04T13:33:15.314887609Z;-5;Quote;73.8;80;75.35;100
SETZ26;;Market Price;2026-09-04T13:33:20.965037497Z;-5;Quote;73.75;3;75.35;100
SETZ26;;Market Price;2026-09-04T13:33:21.164938031Z;-5;Quote;73.75;100;75.35;100
SETZ26;;Market Price;2026-09-04T13:33:21.374116630Z;-5;Quote;73.75;97;75.35;100
SETZ26;;Market Price;2026-09-04T13:33:21.374116630Z;-5;Quote;73.75;95;75.35;100
SETZ26;;Market Price;2026-09-04T13:34:30.349900656Z;-5;Quote;73.75;93;75.35;100
SETZ26;;Market Price;2026-09-04T13:34:30.349900656Z;-5;Quote;73.75;92;75.35;100
SETZ26;;Market Price;2026-09-04T13:34:30.349900656Z;-5;Quote;73.7;27;75.35;100
SETZ26;;Market Price;2026-09-04T13:34:30.554784294Z;-5;Quote;73.7;27;75.3;100
SETZ26;;Market Price;2026-09-04T13:34:30.554784294Z;-5;Quote;73.7;100;75.3;100
SETZ26;;Market Price;2026-09-04T13:34:39.649571276Z;-5;Quote;73.7;99;75.3;100
SETZ26;;Market Price;2026-09-04T13:34:54.249142021Z;-5;Quote;73.7;98;75.3;100
SETZ26;;Market Price;2026-09-04T13:35:00.209617927Z;-5;Quote;73.7;98;75.35;98
SETZ26;;Market Price;2026-09-04T13:35:31.779147153Z;-5;Quote;73.75;100;75.35;98
SETZ26;;Market Price;2026-09-04T13:35:56.574464072Z;-5;Quote;73.8;100;75.35;98
SETZ26;;Market Price;2026-09-04T13:36:23.349189505Z;-5;Quote;73.75;10;75.35;98
SETZ26;;Market Price;2026-09-04T13:36:23.549189362Z;-5;Quote;73.75;100;75.35;98
SETZ26;;Market Price;2026-09-04T13:36:30.774816524Z;-5;Quote;73.75;100;75.3;100
SETZ26;;Market Price;2026-09-04T13:37:21.539691236Z;-5;Quote;73.75;10;75.3;100
SETZ26;;Market Price;2026-09-04T13:37:21.539691236Z;-5;Quote;73.75;9;75.3;100
SETZ26;;Market Price;2026-09-04T13:37:21.539691236Z;-5;Quote;73.75;7;75.3;100
SETZ26;;Market Price;2026-09-04T13:37:21.539691236Z;-5;Quote;73.75;3;75.3;100
SETZ26;;Market Price;2026-09-04T13:37:21.539691236Z;-5;Quote;73.7;53;75.3;100
SETZ26;;Market Price;2026-09-04T13:37:21.739638591Z;-5;Quote;73.75;100;75.3;100
SETZ26;;Market Price;2026-09-04T13:38:24.894278937Z;-5;Quote;73.75;100;75.35;98
SETZ26;;Market Price;2026-09-04T13:38:25.094110921Z;-5;Quote;73.8;100;75.35;98
SETZ26;;Market Price;2026-09-04T13:38:46.074285936Z;-5;Quote;73.8;100;75.35;58
SETZ26;;Market Price;2026-09-04T13:38:46.074285936Z;-5;Quote;73.8;100;75.4;100
SETZ26;;Market Price;2026-09-04T13:38:46.274217237Z;-5;Quote;73.85;100;75.4;100
SETZ26;;Market Price;2026-09-04T13:39:20.414099332Z;-5;Quote;73.9;100;75.4;100
SETZ26;;Market Price;2026-09-04T13:39:39.554790468Z;-5;Quote;73.9;100;75.4;77
SETZ26;;Market Price;2026-09-04T13:39:39.554790468Z;-5;Quote;73.9;100;75.45;100
SETZ26;;Market Price;2026-09-04T13:39:47.769718559Z;-5;Quote;73.9;100;75.45;74
SETZ26;;Market Price;2026-09-04T13:39:47.769718559Z;-5;Quote;73.9;100;75.5;100
SETZ26;;Market Price;2026-09-04T13:39:47.969671973Z;-5;Quote;73.95;100;75.5;100
SETZ26;;Market Price;2026-09-04T13:39:52.249830257Z;-5;Quote;73.95;100;75.55;100
SETZ26;;Market Price;2026-09-04T13:40:06.054787674Z;-5;Quote;73.9;70;75.55;100
SETZ26;;Market Price;2026-09-04T13:40:06.254757427Z;-5;Quote;73.95;100;75.55;100
SETZ26;;Market Price;2026-09-04T13:40:23.919718460Z;-5;Quote;74;100;75.55;100
SETZ26;;Market Price;2026-09-04T13:40:48.404567780Z;-5;Quote;74.05;100;75.55;100
SETZ26;;Market Price;2026-09-04T13:40:52.434568205Z;-5;Quote;74.05;100;75.5;100
SETZ26;;Market Price;2026-09-04T13:40:53.404468865Z;-5;Quote;74;78;75.5;100
SETZ26;;Market Price;2026-09-04T13:42:42.069185344Z;-5;Quote;73.95;82;75.5;100
SETZ26;;Market Price;2026-09-04T13:42:42.274820124Z;-5;Quote;74;100;75.5;100
SETZ26;;Market Price;2026-09-04T13:42:57.904727308Z;-5;Quote;73.95;64;75.5;100
SETZ26;;Market Price;2026-09-04T13:42:58.104146702Z;-5;Quote;74;100;75.5;100
SETZ26;;Market Price;2026-09-04T13:43:52.564163830Z;-5;Quote;73.9;6;75.5;100
SETZ26;;Market Price;2026-09-04T13:43:52.764385059Z;-5;Quote;73.9;100;75.5;100
SETZ26;;Market Price;2026-09-04T13:43:52.764385059Z;-5;Quote;73.9;100;75.4;100
SETZ26;;Market Price;2026-09-04T13:44:34.272160638Z;-5;Quote;73.9;6;75.4;100
SETZ26;;Market Price;2026-09-04T13:44:34.275106666Z;-5;Quote;73.9;3;75.4;100
SETZ26;;Market Price;2026-09-04T13:44:34.275152722Z;-5;Quote;73.85;22;75.4;100
SETZ26;;Market Price;2026-09-04T13:44:34.279484038Z;-5;Quote;73.8;3;75.4;100
SETZ26;;Market Price;2026-09-04T13:44:34.483938730Z;-5;Quote;73.85;100;75.4;100
SETZ26;;Market Price;2026-09-04T13:44:34.784285905Z;-5;Quote;73.9;100;75.4;100
SETZ26;;Market Price;2026-09-04T13:44:44.379226202Z;-5;Quote;73.85;29;75.4;100
SETZ26;;Market Price;2026-09-04T13:44:44.580001851Z;-5;Quote;73.85;29;75.35;100
SETZ26;;Market Price;2026-09-04T13:44:44.580001851Z;-5;Quote;73.85;100;75.35;100
SETZ26;;Market Price;2026-09-04T13:44:49.584893292Z;-5;Quote;73.85;100;75.4;100
SETZ26;;Market Price;2026-09-04T13:44:53.249136652Z;-5;Quote;73.85;100;75.35;100
SETZ26;;Market Price;2026-09-04T13:45:31.934744885Z;-5;Quote;73.85;71;75.35;100
SETZ26;;Market Price;2026-09-04T13:45:31.934744885Z;-5;Quote;73.8;36;75.35;100
SETZ26;;Market Price;2026-09-04T13:45:32.134665749Z;-5;Quote;73.8;36;75.3;100
SETZ26;;Market Price;2026-09-04T13:45:32.134665749Z;-5;Quote;73.8;100;75.3;100
SETZ26;;Market Price;2026-09-04T13:45:36.869450118Z;-5;Quote;73.85;100;75.3;100
SETZ26;;Market Price;2026-09-04T13:45:37.134817613Z;-5;Quote;73.85;100;75.35;100
SETZ26;;Market Price;2026-09-04T13:45:51.009631574Z;-5;Quote;73.8;34;75.35;100
SETZ26;;Market Price;2026-09-04T13:45:51.209531607Z;-5;Quote;73.8;100;75.35;100
SETZ26;;Market Price;2026-09-04T13:45:59.644613168Z;-5;Quote;73.8;100;75.3;100
SETZ26;;Market Price;2026-09-04T13:49:20.589323938Z;-5;Quote;73.8;100;75.35;100
SETZ26;;Market Price;2026-09-04T13:49:23.949510169Z;-5;Quote;73.85;100;75.35;100
SETZ26;;Market Price;2026-09-04T13:49:56.674986539Z;-5;Quote;73.8;74;75.35;100
SETZ26;;Market Price;2026-09-04T13:49:56.874867398Z;-5;Quote;73.8;100;75.35;100
SETZ26;;Market Price;2026-09-04T13:49:56.874867398Z;-5;Quote;73.8;100;75.3;100
SETZ26;;Market Price;2026-09-04T13:50:04.804184351Z;-5;Quote;73.8;99;75.3;100
SETZ26;;Market Price;2026-09-04T13:50:04.804184351Z;-5;Quote;73.8;66;75.3;100
SETZ26;;Market Price;2026-09-04T13:50:04.804184351Z;-5;Quote;73.8;26;75.3;100
SETZ26;;Market Price;2026-09-04T13:50:04.804184351Z;-5;Quote;73.75;23;75.3;100
SETZ26;;Market Price;2026-09-04T13:50:04.804184351Z;-5;Quote;73.75;22;75.3;100
SETZ26;;Market Price;2026-09-04T13:50:04.804184351Z;-5;Quote;;;75.3;100
SETZ26;;Market Price;2026-09-04T13:50:05.004886299Z;-5;Quote;73.7;100;75.3;100
SETZ26;;Market Price;2026-09-04T13:50:24.159834889Z;-5;Quote;73.7;100;75.25;100
SETZ26;;Market Price;2026-09-04T13:50:40.479672408Z;-5;Quote;73.7;100;75.3;100
SETZ26;;Market Price;2026-09-04T13:50:40.684359149Z;-5;Quote;73.7;100;75.25;100
SETZ26;;Market Price;2026-09-04T13:50:46.799619884Z;-5;Quote;73.7;98;75.25;100
SETZ26;;Market Price;2026-09-04T13:50:54.009118309Z;-5;Quote;73.7;98;75.3;100
SETZ26;;Market Price;2026-09-04T13:51:11.359313195Z;-5;Quote;73.7;98;75.25;100
SETZ26;;Market Price;2026-09-04T13:51:16.359614323Z;-5;Quote;73.7;98;75.3;100
SETZ26;;Market Price;2026-09-04T13:51:25.729529075Z;-5;Quote;73.7;98;75.35;100
SETZ26;;Market Price;2026-09-04T13:51:25.929512240Z;-5;Quote;73.75;100;75.35;100
SETZ26;;Market Price;2026-09-04T13:51:45.419528246Z;-5;Quote;73.7;60;75.35;100
SETZ26;;Market Price;2026-09-04T13:51:45.619922069Z;-5;Quote;73.7;60;75.3;100
SETZ26;;Market Price;2026-09-04T13:51:45.619922069Z;-5;Quote;73.7;100;75.3;100
SETZ26;;Market Price;2026-09-04T13:53:55.569615175Z;-5;Quote;73.7;70;75.3;100
SETZ26;;Market Price;2026-09-04T13:53:55.569615175Z;-5;Quote;73.7;40;75.3;100
SETZ26;;Market Price;2026-09-04T13:53:55.569615175Z;-5;Quote;73.65;61;75.3;100
SETZ26;;Market Price;2026-09-04T13:53:55.799480514Z;-5;Quote;73.7;100;75.3;100
SETZ26;;Market Price;2026-09-04T13:53:59.259277650Z;-5;Quote;73.7;100;75.35;100
SETZ26;;Market Price;2026-09-04T13:54:02.089629258Z;-5;Quote;73.65;61;75.35;100
SETZ26;;Market Price;2026-09-04T13:54:02.319666436Z;-5;Quote;73.7;100;75.35;100
SETZ26;;Market Price;2026-09-04T13:54:10.119530210Z;-5;Quote;73.65;61;75.35;100
SETZ26;;Market Price;2026-09-04T13:54:10.324590483Z;-5;Quote;73.7;100;75.35;100
SETZ26;;Market Price;2026-09-04T13:54:31.494288387Z;-5;Quote;73.85;100;75.35;100
SETZ26;;Market Price;2026-09-04T13:54:40.064287483Z;-5;Quote;73.8;90;75.35;100
SETZ26;;Market Price;2026-09-04T13:54:40.269275537Z;-5;Quote;73.85;100;75.35;100
SETZ26;;Market Price;2026-09-04T13:54:42.939281496Z;-5;Quote;73.85;100;75.3;100
SETZ26;;Market Price;2026-09-04T13:54:45.269089596Z;-5;Quote;73.8;55;75.3;100
SETZ26;;Market Price;2026-09-04T13:54:45.469423251Z;-5;Quote;73.8;100;75.3;100
SETZ26;;Market Price;2026-09-04T13:54:50.469284703Z;-5;Quote;73.8;70;75.3;100
SETZ26;;Market Price;2026-09-04T13:54:50.469284703Z;-5;Quote;73.8;25;75.3;100
SETZ26;;Market Price;2026-09-04T13:54:50.469284703Z;-5;Quote;73.8;10;75.3;100
SETZ26;;Market Price;2026-09-04T13:54:50.469284703Z;-5;Quote;73.75;51;75.3;100
SETZ26;;Market Price;2026-09-04T13:54:50.669177195Z;-5;Quote;73.75;50;75.3;100
SETZ26;;Market Price;2026-09-04T13:54:50.669177195Z;-5;Quote;73.7;6;75.3;100
SETZ26;;Market Price;2026-09-04T13:54:50.669177195Z;-5;Quote;73.7;100;75.3;100
SETZ26;;Market Price;2026-09-04T13:55:17.425050901Z;-5;Quote;73.7;99;75.3;100
SETZ26;;Market Price;2026-09-04T13:55:17.425050901Z;-5;Quote;73.7;94;75.3;100
SETZ26;;Market Price;2026-09-04T13:55:17.425050901Z;-5;Quote;73.65;57;75.3;100
SETZ26;;Market Price;2026-09-04T13:55:17.624922390Z;-5;Quote;73.65;100;75.3;100
SETZ26;;Market Price;2026-09-04T13:55:27.864730529Z;-5;Quote;73.65;100;75.25;100
SETZ26;;Market Price;2026-09-04T13:55:35.559954338Z;-5;Quote;73.65;100;75.3;100
SETZ26;;Market Price;2026-09-04T13:56:05.599536255Z;-5;Quote;73.8;100;75.3;100
SETZ26;;Market Price;2026-09-04T13:57:54.934209417Z;-5;Quote;73.8;100;75.35;100
SETZ26;;Market Price;2026-09-04T13:57:55.134133413Z;-5;Quote;73.85;100;75.35;100
SETZ26;;Market Price;2026-09-04T13:58:03.904764335Z;-5;Quote;73.8;86;75.35;100
SETZ26;;Market Price;2026-09-04T13:58:04.104172319Z;-5;Quote;73.85;100;75.35;100
SETZ26;;Market Price;2026-09-04T13:58:10.734960307Z;-5;Quote;73.8;86;75.35;100
SETZ26;;Market Price;2026-09-04T13:58:10.934827520Z;-5;Quote;73.85;100;75.35;100
SETZ26;;Market Price;2026-09-04T13:58:23.969813052Z;-5;Quote;73.8;86;75.35;100
SETZ26;;Market Price;2026-09-04T13:58:24.169680163Z;-5;Quote;73.85;100;75.35;100
SETZ26;;Market Price;2026-09-04T13:58:30.149964199Z;-5;Quote;73.8;86;75.35;100
SETZ26;;Market Price;2026-09-04T13:58:30.349850146Z;-5;Quote;73.85;100;75.35;100
SETZ26;;Market Price;2026-09-04T13:58:46.129597791Z;-5;Quote;73.8;86;75.35;100
SETZ26;;Market Price;2026-09-04T13:58:46.329935931Z;-5;Quote;73.85;100;75.35;100
SETZ26;;Market Price;2026-09-04T13:59:00.149087404Z;-5;Quote;73.8;86;75.35;100
SETZ26;;Market Price;2026-09-04T13:59:00.349044413Z;-5;Quote;73.85;100;75.35;100
SETZ26;;Market Price;2026-09-04T13:59:10.104142749Z;-5;Quote;73.8;86;75.35;100
SETZ26;;Market Price;2026-09-04T13:59:10.304549365Z;-5;Quote;73.8;86;75.3;100
SETZ26;;Market Price;2026-09-04T14:00:08.599937858Z;-5;Quote;73.75;100;75.3;100
SETZ26;;Market Price;2026-09-04T14:00:08.804344231Z;-5;Quote;73.8;100;75.3;100
SETZ26;;Market Price;2026-09-04T14:02:15.559300515Z;-5;Quote;73.75;79;75.3;100
SETZ26;;Market Price;2026-09-04T14:02:15.764198030Z;-5;Quote;73.8;100;75.3;100
SETZ26;;Market Price;2026-09-04T14:02:18.914216043Z;-5;Quote;73.8;100;75.25;100
SETZ26;;Market Price;2026-09-04T14:02:20.759181632Z;-5;Quote;73.75;58;75.25;100
SETZ26;;Market Price;2026-09-04T14:02:20.964849122Z;-5;Quote;73.75;100;75.25;100
SETZ26;;Market Price;2026-09-04T14:02:31.539859937Z;-5;Quote;73.75;89;75.25;100
SETZ26;;Market Price;2026-09-04T14:02:31.539859937Z;-5;Quote;73.75;81;75.25;100
SETZ26;;Market Price;2026-09-04T14:02:31.539859937Z;-5;Quote;73.75;42;75.25;100
SETZ26;;Market Price;2026-09-04T14:02:31.539859937Z;-5;Quote;73.7;65;75.25;100
SETZ26;;Market Price;2026-09-04T14:02:31.929516836Z;-5;Quote;73.75;100;75.25;100
SETZ26;;Market Price;2026-09-04T14:02:47.339967682Z;-5;Quote;73.7;60;75.25;100
SETZ26;;Market Price;2026-09-04T14:02:47.539830242Z;-5;Quote;73.75;100;75.25;100
SETZ26;;Market Price;2026-09-04T14:02:53.929185681Z;-5;Quote;73.7;60;75.25;100
SETZ26;;Market Price;2026-09-04T14:02:54.134210418Z;-5;Quote;73.75;100;75.25;100
SETZ26;;Market Price;2026-09-04T14:03:00.589959266Z;-5;Quote;73.7;60;75.25;100
SETZ26;;Market Price;2026-09-04T14:03:00.789323029Z;-5;Quote;73.75;100;75.25;100
SETZ26;;Market Price;2026-09-04T14:03:19.364140120Z;-5;Quote;73.7;60;75.25;100
SETZ26;;Market Price;2026-09-04T14:03:19.569234760Z;-5;Quote;73.75;100;75.25;100
SETZ26;;Market Price;2026-09-04T14:03:24.099788871Z;-5;Quote;73.75;100;75.3;100
SETZ26;;Market Price;2026-09-04T14:03:26.175095090Z;-5;Quote;73.7;85;75.3;100
SETZ26;;Market Price;2026-09-04T14:03:26.374049759Z;-5;Quote;73.7;85;75.2;100
SETZ26;;Market Price;2026-09-04T14:03:49.999926474Z;-5;Quote;73.7;85;75.25;100
SETZ26;;Market Price;2026-09-04T14:03:50.199790392Z;-5;Quote;73.75;100;75.25;100
SETZ26;;Market Price;2026-09-04T14:03:54.155072725Z;-5;Quote;73.75;100;75.3;100
SETZ26;;Market Price;2026-09-04T14:03:54.354913118Z;-5;Quote;73.8;100;75.3;100
SETZ26;;Market Price;2026-09-04T14:03:57.372026818Z;-5;Quote;73.8;100;75.25;100
SETZ26;;Market Price;2026-09-04T14:03:59.354115060Z;-5;Quote;73.75;73;75.25;100
SETZ26;;Market Price;2026-09-04T14:03:59.354115060Z;-5;Quote;73.7;8;75.25;100
SETZ26;;Market Price;2026-09-04T14:03:59.554910576Z;-5;Quote;73.7;100;75.25;100
SETZ26;;Market Price;2026-09-04T14:04:11.734805575Z;-5;Quote;73.7;95;75.25;100
SETZ26;;Market Price;2026-09-04T14:04:11.734805575Z;-5;Quote;73.7;3;75.25;100
SETZ26;;Market Price;2026-09-04T14:04:11.734805575Z;-5;Quote;73.7;1;75.25;100
SETZ26;;Market Price;2026-09-04T14:04:11.734805575Z;-5;Quote;73.65;81;75.25;100
SETZ26;;Market Price;2026-09-04T14:04:40.834437375Z;-5;Quote;73.7;100;75.25;100
SETZ26;;Market Price;2026-09-04T14:05:10.424751480Z;-5;Quote;73.7;100;75.2;100
SETZ26;;Market Price;2026-09-04T14:07:02.934424783Z;-5;Quote;73.65;78;75.2;100
SETZ26;;Market Price;2026-09-04T14:07:03.134788781Z;-5;Quote;73.7;100;75.2;100
SETZ26;;Market Price;2026-09-04T14:08:09.899978069Z;-5;Quote;73.65;78;75.2;100
SETZ26;;Market Price;2026-09-04T14:08:10.104169019Z;-5;Quote;73.65;78;75.15;100
SETZ26;;Market Price;2026-09-04T14:09:15.354547204Z;-5;Quote;73.65;78;75.2;100
SETZ26;;Market Price;2026-09-04T14:09:40.934676775Z;-5;Quote;73.65;78;75.15;100
SETZ26;;Market Price;2026-09-04T14:10:16.569234479Z;-5;Quote;73.65;78;75.2;100
SETZ26;;Market Price;2026-09-04T14:10:16.769139007Z;-5;Quote;73.7;100;75.2;100
SETZ26;;Market Price;2026-09-04T14:10:21.769332898Z;-5;Quote;73.65;78;75.2;100
SETZ26;;Market Price;2026-09-04T14:11:16.017948505Z;-5;Quote;73.7;100;75.2;100
SETZ26;;Market Price;2026-09-04T14:11:16.700044789Z;-5;Quote;73.7;100;75.25;88
SETZ26;;Market Price;2026-09-04T14:11:16.899949581Z;-5;Quote;73.7;100;75.2;100
SETZ26;;Market Price;2026-09-04T14:11:21.020015971Z;-5;Quote;73.65;78;75.2;100
SETZ26;;Market Price;2026-09-04T14:11:22.029193388Z;-5;Quote;73.7;100;75.2;100
SETZ26;;Market Price;2026-09-04T14:11:30.024208058Z;-5;Quote;73.65;78;75.2;100
SETZ26;;Market Price;2026-09-04T14:11:32.054870170Z;-5;Quote;73.7;100;75.2;100
SETZ26;;Market Price;2026-09-04T14:11:40.039705961Z;-5;Quote;73.65;78;75.2;100
SETZ26;;Market Price;2026-09-04T14:11:41.064713249Z;-5;Quote;73.7;100;75.2;100
SETZ26;;Market Price;2026-09-04T14:11:49.093851442Z;-5;Quote;73.65;78;75.2;100
SETZ26;;Market Price;2026-09-04T14:11:51.084583471Z;-5;Quote;73.7;100;75.2;100
SETZ26;;Market Price;2026-09-04T14:12:00.329660740Z;-5;Quote;73.65;78;75.2;100
SETZ26;;Market Price;2026-09-04T14:12:02.104158782Z;-5;Quote;73.7;100;75.2;100
SETZ26;;Market Price;2026-09-04T14:12:10.014325786Z;-5;Quote;73.65;78;75.2;100
SETZ26;;Market Price;2026-09-04T14:12:11.119697267Z;-5;Quote;73.7;100;75.2;100
SETZ26;;Market Price;2026-09-04T14:12:17.029636054Z;-5;Quote;73.7;100;75.25;88
SETZ26;;Market Price;2026-09-04T14:12:17.229506492Z;-5;Quote;73.75;100;75.25;88
SETZ26;;Market Price;2026-09-04T14:12:18.969029123Z;-5;Quote;73.75;96;75.25;88
SETZ26;;Market Price;2026-09-04T14:12:18.969422180Z;-5;Quote;73.75;94;75.25;88
SETZ26;;Market Price;2026-09-04T14:12:19.169559762Z;-5;Quote;73.75;94;75.2;100
SETZ26;;Market Price;2026-09-04T14:12:22.229360404Z;-5;Quote;73.7;37;75.2;100
SETZ26;;Market Price;2026-09-04T14:12:22.429742433Z;-5;Quote;73.7;100;75.2;100
SETZ26;;Market Price;2026-09-04T14:12:23.979595093Z;-5;Quote;73.7;99;75.2;100
SETZ26;;Market Price;2026-09-04T14:12:27.429538775Z;-5;Quote;73.7;98;75.2;100
SETZ26;;Market Price;2026-09-04T14:12:27.429538775Z;-5;Quote;73.7;36;75.2;100
SETZ26;;Market Price;2026-09-04T14:12:27.429538775Z;-5;Quote;73.7;34;75.2;100
SETZ26;;Market Price;2026-09-04T14:12:27.429538775Z;-5;Quote;73.65;40;75.2;100
SETZ26;;Market Price;2026-09-04T14:12:27.629393353Z;-5;Quote;73.65;100;75.2;100
SETZ26;;Market Price;2026-09-04T14:12:32.629480930Z;-5;Quote;73.65;99;75.2;100
SETZ26;;Market Price;2026-09-04T14:12:32.629480930Z;-5;Quote;73.65;39;75.2;100
SETZ26;;Market Price;2026-09-04T14:12:32.629480930Z;-5;Quote;73.6;6;75.2;100
SETZ26;;Market Price;2026-09-04T14:12:32.829779596Z;-5;Quote;73.6;100;75.2;100
SETZ26;;Market Price;2026-09-04T14:12:34.219593436Z;-5;Quote;73.6;100;75.25;88
SETZ26;;Market Price;2026-09-04T14:12:42.674594020Z;-5;Quote;73.6;96;75.25;88
SETZ26;;Market Price;2026-09-04T14:12:49.324456987Z;-5;Quote;73.6;96;75.15;100
SETZ26;;Market Price;2026-09-04T14:13:19.494173052Z;-5;Quote;73.6;96;75.2;100
SETZ26;;Market Price;2026-09-04T14:13:19.494173052Z;-5;Quote;73.6;96;75.25;88
SETZ26;;Market Price;2026-09-04T14:14:24.494732080Z;-5;Quote;73.6;96;75.2;100
SETZ26;;Market Price;2026-09-04T14:14:27.494892338Z;-5;Quote;73.65;100;75.2;100
SETZ26;;Market Price;2026-09-04T14:14:29.494114232Z;-5;Quote;73.65;100;75.25;88
SETZ26;;Market Price;2026-09-04T14:14:32.789703049Z;-5;Quote;73.65;100;75.2;100
SETZ26;;Market Price;2026-09-04T14:16:38.799405711Z;-5;Quote;73.65;100;75.25;88
SETZ26;;Market Price;2026-09-04T14:17:58.019271358Z;-5;Quote;73.65;100;75.2;100
SETZ26;;Market Price;2026-09-04T14:18:35.314216467Z;-5;Quote;73.65;100;75.15;100
SETZ26;;Market Price;2026-09-04T14:19:30.434909471Z;-5;Quote;73.65;100;75.2;100
SETZ26;;Market Price;2026-09-04T14:19:47.869667386Z;-5;Quote;73.65;100;75.15;100
SETZ26;;Market Price;2026-09-04T14:19:55.639780784Z;-5;Quote;73.65;100;75.2;100
SETZ26;;Market Price;2026-09-04T14:19:55.844658244Z;-5;Quote;73.65;100;75.15;100
SETZ26;;Market Price;2026-09-04T14:20:36.924330573Z;-5;Quote;73.6;67;75.15;100
SETZ26;;Market Price;2026-09-04T14:20:37.124672179Z;-5;Quote;73.6;100;75.15;100
SETZ26;;Market Price;2026-09-04T14:20:37.124672179Z;-5;Quote;73.6;100;75.1;100
SETZ26;;Market Price;2026-09-04T14:20:42.124463564Z;-5;Quote;73.6;99;75.1;100
SETZ26;;Market Price;2026-09-04T14:20:42.124463564Z;-5;Quote;73.6;90;75.1;100
SETZ26;;Market Price;2026-09-04T14:20:42.124463564Z;-5;Quote;73.6;85;75.1;100
SETZ26;;Market Price;2026-09-04T14:20:42.124463564Z;-5;Quote;73.6;78;75.1;100
SETZ26;;Market Price;2026-09-04T14:20:42.124463564Z;-5;Quote;73.6;70;75.1;100
SETZ26;;Market Price;2026-09-04T14:20:42.124463564Z;-5;Quote;73.6;33;75.1;100
SETZ26;;Market Price;2026-09-04T14:20:42.124463564Z;-5;Quote;73.55;57;75.1;100
SETZ26;;Market Price;2026-09-04T14:20:42.324827055Z;-5;Quote;73.55;100;75.1;100
SETZ26;;Market Price;2026-09-04T14:20:50.354496942Z;-5;Quote;73.6;100;75.1;100
SETZ26;;Market Price;2026-09-04T14:20:58.189332899Z;-5;Quote;73.55;58;75.1;100
SETZ26;;Market Price;2026-09-04T14:20:58.389922426Z;-5;Quote;73.55;100;75.1;100
SETZ26;;Market Price;2026-09-04T14:21:45.589250077Z;-5;Quote;73.55;100;75.05;100
SETZ26;;Market Price;2026-09-04T14:21:57.259129115Z;-5;Quote;73.55;100;75.1;100
SETZ26;;Market Price;2026-09-04T14:23:15.369586293Z;-5;Quote;73.6;100;75.1;100
SETZ26;;Market Price;2026-09-04T14:24:00.159567878Z;-5;Quote;73.55;61;75.1;100
SETZ26;;Market Price;2026-09-04T14:24:00.359270075Z;-5;Quote;73.6;100;75.1;100
SETZ26;;Market Price;2026-09-04T14:24:30.009188611Z;-5;Quote;73.55;61;75.1;100
SETZ26;;Market Price;2026-09-04T14:24:30.209036166Z;-5;Quote;73.6;100;75.1;100
SETZ26;;Market Price;2026-09-04T14:27:13.844727098Z;-5;Quote;73.55;55;75.1;100
SETZ26;;Market Price;2026-09-04T14:27:14.044692191Z;-5;Quote;73.55;55;75.05;100
SETZ26;;Market Price;2026-09-04T14:27:14.044692191Z;-5;Quote;73.55;100;75.05;100
SETZ26;;Market Price;2026-09-04T14:30:26.089732479Z;-5;Quote;73.55;100;75.1;100
SETZ26;;Market Price;2026-09-04T14:30:26.289618190Z;-5;Quote;73.6;100;75.1;100
SETZ26;;Market Price;2026-09-04T14:31:48.284064176Z;-5;Quote;73.55;53;75.1;100
SETZ26;;Market Price;2026-09-04T14:31:48.484423942Z;-5;Quote;73.55;53;75.05;100
SETZ26;;Market Price;2026-09-04T14:31:48.484423942Z;-5;Quote;73.55;100;75.05;100
SETZ26;;Market Price;2026-09-04T14:31:59.009127956Z;-5;Quote;73.55;100;75.1;100
SETZ26;;Market Price;2026-09-04T14:32:06.984387197Z;-5;Quote;73.55;100;75.05;100
SETZ26;;Market Price;2026-09-04T14:32:11.984128795Z;-5;Quote;73.55;100;75.1;100
SETZ26;;Market Price;2026-09-04T14:34:08.324445489Z;-5;Quote;73.55;100;75.15;100
SETZ26;;Market Price;2026-09-04T14:34:08.324445489Z;-5;Quote;73.55;100;75.2;90
SETZ26;;Market Price;2026-09-04T14:34:30.399243124Z;-5;Quote;73.55;100;75.1;100
SETZ26;;Market Price;2026-09-04T14:35:15.779954690Z;-5;Quote;73.55;100;75.15;100
SETZ26;;Market Price;2026-09-04T14:35:15.793947971Z;-5;Quote;73.55;100;75.2;90
SETZ26;;Market Price;2026-09-04T14:35:42.773956528Z;-5;Quote;73.55;100;75.15;100
SETZ26;;Market Price;2026-09-04T14:36:01.994469361Z;-5;Quote;73.6;100;75.15;100
SETZ26;;Market Price;2026-09-04T14:39:15.304429998Z;-5;Quote;73.55;100;75.15;100
SETZ26;;Market Price;2026-09-04T14:39:15.554284667Z;-5;Quote;73.6;100;75.15;100
SETZ26;;Market Price;2026-09-04T14:39:20.554368162Z;-5;Quote;73.55;100;75.15;100
SETZ26;;Market Price;2026-09-04T14:39:26.934519455Z;-5;Quote;73.55;100;75.1;100
SETZ26;;Market Price;2026-09-04T14:42:25.494473098Z;-5;Quote;73.55;100;75.05;100
SETZ26;;Market Price;2026-09-04T14:42:55.514124378Z;-5;Quote;73.55;95;75.05;100
SETZ26;;Market Price;2026-09-04T14:42:55.514124378Z;-5;Quote;73.55;90;75.05;100
SETZ26;;Market Price;2026-09-04T14:42:55.514124378Z;-5;Quote;73.55;47;75.05;100
SETZ26;;Market Price;2026-09-04T14:42:55.514124378Z;-5;Quote;73.5;100;75.05;100
SETZ26;;Market Price;2026-09-04T14:42:55.714902957Z;-5;Quote;73.55;100;75.05;100
SETZ26;;Market Price;2026-09-04T14:43:00.713956023Z;-5;Quote;73.5;100;75.05;100
SETZ26;;Market Price;2026-09-04T14:43:15.534847198Z;-5;Quote;73.55;100;75.05;100
SETZ26;;Market Price;2026-09-04T14:43:39.049561324Z;-5;Quote;73.5;44;75.05;100
SETZ26;;Market Price;2026-09-04T14:43:39.249423376Z;-5;Quote;73.5;100;75.05;100
SETZ26;;Market Price;2026-09-04T14:43:39.249423376Z;-5;Quote;73.5;100;75;100
SETZ26;;Market Price;2026-09-04T14:43:44.249816134Z;-5;Quote;73.5;100;75.05;100
SETZ26;;Market Price;2026-09-04T14:45:48.044234687Z;-5;Quote;73.5;100;75;100
SETZ26;;Market Price;2026-09-04T14:46:57.349597322Z;-5;Quote;73.5;99;75;100
SETZ26;;Market Price;2026-09-04T14:46:57.349597322Z;-5;Quote;73.5;84;75;100
SETZ26;;Market Price;2026-09-04T14:46:57.349597322Z;-5;Quote;73.5;83;75;100
SETZ26;;Market Price;2026-09-04T14:46:57.349597322Z;-5;Quote;73.5;78;75;100
SETZ26;;Market Price;2026-09-04T14:46:57.349597322Z;-5;Quote;73.5;75;75;100
SETZ26;;Market Price;2026-09-04T14:46:57.349597322Z;-5;Quote;73.5;56;75;100
SETZ26;;Market Price;2026-09-04T14:46:57.349597322Z;-5;Quote;73.45;49;75;100
SETZ26;;Market Price;2026-09-04T14:46:57.554116748Z;-5;Quote;73.45;49;74.95;100
SETZ26;;Market Price;2026-09-04T14:46:57.554116748Z;-5;Quote;73.45;100;74.95;100
SETZ26;;Market Price;2026-09-04T14:48:00.284112529Z;-5;Quote;73.45;97;74.95;100
SETZ26;;Market Price;2026-09-04T14:48:00.284112529Z;-5;Quote;73.45;95;74.95;100
SETZ26;;Market Price;2026-09-04T14:48:00.284112529Z;-5;Quote;73.45;93;74.95;100
SETZ26;;Market Price;2026-09-04T14:48:00.284112529Z;-5;Quote;73.45;76;74.95;100
SETZ26;;Market Price;2026-09-04T14:48:00.284112529Z;-5;Quote;73.45;25;74.95;100
SETZ26;;Market Price;2026-09-04T14:48:00.284112529Z;-5;Quote;73.45;23;74.95;100
SETZ26;;Market Price;2026-09-04T14:48:00.284112529Z;-5;Quote;73.4;23;74.95;100
SETZ26;;Market Price;2026-09-04T14:48:00.489243433Z;-5;Quote;73.4;83;74.95;100
SETZ26;;Market Price;2026-09-04T14:48:02.684186664Z;-5;Quote;73.4;83;74.9;100
SETZ26;;Market Price;2026-09-04T14:48:07.684115731Z;-5;Quote;73.4;83;74.95;100
SETZ26;;Market Price;2026-09-04T14:48:10.154415648Z;-5;Quote;73.45;93;74.95;100
SETZ26;;Market Price;2026-09-04T14:48:10.904908455Z;-5;Quote;73.45;92;74.95;100
SETZ26;;Market Price;2026-09-04T14:48:13.139113157Z;-5;Quote;73.45;91;74.95;100
SETZ26;;Market Price;2026-09-04T14:48:16.894237606Z;-5;Quote;73.4;2;74.95;100
SETZ26;;Market Price;2026-09-04T14:48:17.094140779Z;-5;Quote;73.4;82;74.95;100
SETZ26;;Market Price;2026-09-04T14:48:34.974110107Z;-5;Quote;73.4;81;74.95;100
SETZ26;;Market Price;2026-09-04T14:48:37.194065382Z;-5;Quote;73.4;81;74.9;100
SETZ26;;Market Price;2026-09-04T14:48:38.249902011Z;-5;Quote;73.4;80;74.9;100
SETZ26;;Market Price;2026-09-04T14:49:06.244618971Z;-5;Quote;73.4;2;74.9;100
SETZ26;;Market Price;2026-09-04T14:49:06.244618971Z;-5;Quote;73.35;2;74.9;100
SETZ26;;Market Price;2026-09-04T14:49:06.443965001Z;-5;Quote;73.35;81;74.9;100
SETZ26;;Market Price;2026-09-04T14:49:07.069833357Z;-5;Quote;73.35;81;74.85;100
SETZ26;;Market Price;2026-09-04T14:49:15.684763862Z;-5;Quote;73.35;81;74.9;100
SETZ26;;Market Price;2026-09-04T14:49:15.884698727Z;-5;Quote;73.35;81;74.85;100
SETZ26;;Market Price;2026-09-04T14:49:20.742890612Z;-5;Quote;73.35;2;74.85;100
SETZ26;;Market Price;2026-09-04T14:49:20.742890612Z;-5;Quote;73.3;3;74.85;100
SETZ26;;Market Price;2026-09-04T14:49:20.944810715Z;-5;Quote;73.3;83;74.85;100
SETZ26;;Market Price;2026-09-04T14:49:22.554886546Z;-5;Quote;73.35;91;74.85;100
SETZ26;;Market Price;2026-09-04T14:49:25.099445839Z;-5;Quote;73.35;90;74.85;100
SETZ26;;Market Price;2026-09-04T14:49:25.099445839Z;-5;Quote;73.35;80;74.85;100
SETZ26;;Market Price;2026-09-04T14:49:27.554870977Z;-5;Quote;73.3;3;74.85;100
SETZ26;;Market Price;2026-09-04T14:49:27.619732622Z;-5;Quote;73.25;9;74.85;100
SETZ26;;Market Price;2026-09-04T14:49:27.819827603Z;-5;Quote;73.25;84;74.85;100
SETZ26;;Market Price;2026-09-04T14:49:27.819827603Z;-5;Quote;73.25;84;74.8;100
SETZ26;;Market Price;2026-09-04T14:49:47.274605536Z;-5;Quote;73.25;84;74.85;100
SETZ26;;Market Price;2026-09-04T14:49:47.504468587Z;-5;Quote;73.25;84;74.8;100
SETZ26;;Market Price;2026-09-04T14:49:58.274842079Z;-5;Quote;73.25;75;74.8;100
SETZ26;;Market Price;2026-09-04T14:49:58.274842079Z;-5;Quote;73.2;44;74.8;100
SETZ26;;Market Price;2026-09-04T14:49:58.484522664Z;-5;Quote;73.2;100;74.8;100
SETZ26;;Market Price;2026-09-04T14:49:58.484522664Z;-5;Quote;73.2;100;74.75;100
SETZ26;;Market Price;2026-09-04T14:50:02.009464659Z;-5;Quote;73.25;97;74.75;100
SETZ26;;Market Price;2026-09-04T14:50:02.929571019Z;-5;Quote;73.25;96;74.75;100
SETZ26;;Market Price;2026-09-04T14:50:07.004608002Z;-5;Quote;73.2;46;74.75;100
SETZ26;;Market Price;2026-09-04T14:50:07.204447770Z;-5;Quote;73.2;100;74.75;100
SETZ26;;Market Price;2026-09-04T14:50:23.839387698Z;-5;Quote;73.2;100;74.7;100
SETZ26;;Market Price;2026-09-04T14:50:36.289111499Z;-5;Quote;73.2;91;74.7;100
SETZ26;;Market Price;2026-09-04T14:50:36.289111499Z;-5;Quote;73.2;54;74.7;100
SETZ26;;Market Price;2026-09-04T14:50:36.289111499Z;-5;Quote;73.15;40;74.7;100
SETZ26;;Market Price;2026-09-04T14:50:36.490025226Z;-5;Quote;73.15;100;74.7;100
SETZ26;;Market Price;2026-09-04T14:50:36.490025226Z;-5;Quote;73.15;100;74.65;100
SETZ26;;Market Price;2026-09-04T14:51:10.419952814Z;-5;Quote;73.15;100;74.7;100
SETZ26;;Market Price;2026-09-04T14:51:10.624805028Z;-5;Quote;73.15;100;74.65;100
SETZ26;;Market Price;2026-09-04T14:51:22.923918723Z;-5;Quote;73.15;100;74.7;100
SETZ26;;Market Price;2026-09-04T14:51:32.239786256Z;-5;Quote;73.2;100;74.7;100
SETZ26;;Market Price;2026-09-04T14:51:32.894096600Z;-5;Quote;73.2;100;74.75;100
SETZ26;;Market Price;2026-09-04T14:52:32.034585568Z;-5;Quote;73.15;94;74.75;100
SETZ26;;Market Price;2026-09-04T14:53:32.239082762Z;-5;Quote;73.2;100;74.75;100
SETZ26;;Market Price;2026-09-04T14:53:37.239191141Z;-5;Quote;73.15;94;74.75;100
SETZ26;;Market Price;2026-09-04T14:53:43.604170741Z;-5;Quote;73.2;100;74.75;100
SETZ26;;Market Price;2026-09-04T14:53:47.884289213Z;-5;Quote;73.2;100;74.7;100
SETZ26;;Market Price;2026-09-04T14:53:56.444186531Z;-5;Quote;73.15;94;74.7;100
SETZ26;;Market Price;2026-09-04T14:53:56.644379851Z;-5;Quote;73.15;94;74.65;100
SETZ26;;Market Price;2026-09-04T14:54:01.644552280Z;-5;Quote;73.15;94;74.7;100
SETZ26;;Market Price;2026-09-04T14:54:02.119074129Z;-5;Quote;73.15;94;74.75;100
SETZ26;;Market Price;2026-09-04T14:54:02.319042021Z;-5;Quote;73.15;94;74.7;100
SETZ26;;Market Price;2026-09-04T14:54:04.299851876Z;-5;Quote;73.2;100;74.7;100
SETZ26;;Market Price;2026-09-04T14:54:07.318929328Z;-5;Quote;73.2;100;74.75;100
SETZ26;;Market Price;2026-09-04T14:54:07.959031471Z;-5;Quote;73.2;100;74.7;100
SETZ26;;Market Price;2026-09-04T14:54:12.959911463Z;-5;Quote;73.2;100;74.75;100
SETZ26;;Market Price;2026-09-04T14:54:42.479629186Z;-5;Quote;73.2;100;74.7;100
SETZ26;;Market Price;2026-09-04T14:55:07.913990072Z;-5;Quote;73.15;94;74.7;100
SETZ26;;Market Price;2026-09-04T14:55:18.789666645Z;-5;Quote;73.15;94;74.65;100
SETZ26;;Market Price;2026-09-04T14:56:09.624276118Z;-5;Quote;73.15;94;74.7;100
SETZ26;;Market Price;2026-09-04T14:56:09.824163850Z;-5;Quote;73.15;94;74.65;100
SETZ26;;Market Price;2026-09-04T14:56:42.829054164Z;-5;Quote;73.15;94;74.7;100
SETZ26;;Market Price;2026-09-04T14:56:43.029850812Z;-5;Quote;73.15;94;74.65;100
SETZ26;;Market Price;2026-09-04T14:56:48.099841182Z;-5;Quote;73.15;94;74.7;100
SETZ26;;Market Price;2026-09-04T14:56:48.304751371Z;-5;Quote;73.15;94;74.65;100
SETZ26;;Market Price;2026-09-04T14:57:02.614833609Z;-5;Quote;73.15;94;74.7;100
SETZ26;;Market Price;2026-09-04T14:57:15.069677072Z;-5;Quote;73.15;94;74.65;100
SETZ26;;Market Price;2026-09-04T14:59:00.709320858Z;-5;Quote;73.15;94;74.7;100
SETZ26;;Market Price;2026-09-04T14:59:00.909251784Z;-5;Quote;73.15;94;74.65;100
SETZ26;;Market Price;2026-09-04T14:59:08.269312539Z;-5;Quote;73.15;94;74.7;100
SETZ26;;Market Price;2026-09-04T14:59:08.469219574Z;-5;Quote;73.15;94;74.65;100
SETZ26;;Market Price;2026-09-04T14:59:16.089523239Z;-5;Quote;73.15;94;74.7;100
SETZ26;;Market Price;2026-09-04T14:59:17.759236520Z;-5;Quote;73.15;94;74.65;100
SETZ26;;Market Price;2026-09-04T15:00:46.864343913Z;-5;Quote;73.15;90;74.65;100
SETZ26;;Market Price;2026-09-04T15:00:46.864343913Z;-5;Quote;73.15;84;74.65;100
SETZ26;;Market Price;2026-09-04T15:00:46.864343913Z;-5;Quote;73.15;54;74.65;100
SETZ26;;Market Price;2026-09-04T15:00:46.864343913Z;-5;Quote;73.1;44;74.65;100
SETZ26;;Market Price;2026-09-04T15:00:47.064233306Z;-5;Quote;73.1;44;74.6;100
SETZ26;;Market Price;2026-09-04T15:00:47.064233306Z;-5;Quote;73.1;100;74.6;100
SETZ26;;Market Price;2026-09-04T15:00:52.374378606Z;-5;Quote;73.1;100;74.65;100
SETZ26;;Market Price;2026-09-04T15:01:09.754326953Z;-5;Quote;73.1;100;74.6;100
SETZ26;;Market Price;2026-09-04T15:01:20.359115660Z;-5;Quote;73.1;100;74.65;100
SETZ26;;Market Price;2026-09-04T15:01:24.079940473Z;-5;Quote;73.1;100;74.6;100
SETZ26;;Market Price;2026-09-04T15:01:53.044862127Z;-5;Quote;73.1;100;74.65;100
SETZ26;;Market Price;2026-09-04T15:01:55.915040150Z;-5;Quote;73.1;100;74.6;100
SETZ26;;Market Price;2026-09-04T15:02:20.654131588Z;-5;Quote;73.1;100;74.65;100
SETZ26;;Market Price;2026-09-04T15:02:21.514736041Z;-5;Quote;73.15;100;74.65;100
SETZ26;;Market Price;2026-09-04T15:05:05.694969015Z;-5;Quote;73.1;37;74.65;100
SETZ26;;Market Price;2026-09-04T15:05:05.894840420Z;-5;Quote;73.1;100;74.65;100
SETZ26;;Market Price;2026-09-04T15:06:56.609030618Z;-5;Quote;73.1;100;74.6;100
SETZ26;;Market Price;2026-09-04T15:12:21.989178596Z;-5;Quote;73.1;100;74.65;100
SETZ26;;Market Price;2026-09-04T15:12:54.414693720Z;-5;Quote;73.1;100;74.6;100
SETZ26;;Market Price;2026-09-04T15:13:21.544923825Z;-5;Quote;73.1;100;74.65;100
SETZ26;;Market Price;2026-09-04T15:14:28.214263379Z;-5;Quote;73.15;100;74.65;100
SETZ26;;Market Price;2026-09-04T15:14:33.214297283Z;-5;Quote;73.1;82;74.65;100
SETZ26;;Market Price;2026-09-04T15:15:10.429280900Z;-5;Quote;73.1;82;74.7;100
SETZ26;;Market Price;2026-09-04T15:15:19.589150592Z;-5;Quote;73.1;82;74.65;100
SETZ26;;Market Price;2026-09-04T15:15:21.554125753Z;-5;Quote;73.15;100;74.65;100
SETZ26;;Market Price;2026-09-04T15:15:24.589967529Z;-5;Quote;73.15;100;74.7;100
SETZ26;;Market Price;2026-09-04T15:15:26.554003415Z;-5;Quote;73.1;82;74.7;100
SETZ26;;Market Price;2026-09-04T15:15:34.889744435Z;-5;Quote;73.15;100;74.7;100
SETZ26;;Market Price;2026-09-04T15:15:38.724856572Z;-5;Quote;73.15;100;74.65;100
SETZ26;;Market Price;2026-09-04T15:15:39.889083994Z;-5;Quote;73.1;82;74.65;100
SETZ26;;Market Price;2026-09-04T15:15:43.724185292Z;-5;Quote;73.1;82;74.7;100
SETZ26;;Market Price;2026-09-04T15:15:56.094894830Z;-5;Quote;73.1;82;74.65;100
SETZ26;;Market Price;2026-09-04T15:15:58.324073176Z;-5;Quote;73.15;100;74.65;100
SETZ26;;Market Price;2026-09-04T15:16:01.094682267Z;-5;Quote;73.15;100;74.7;100
SETZ26;;Market Price;2026-09-04T15:16:03.324812282Z;-5;Quote;73.1;82;74.7;100
SETZ26;;Market Price;2026-09-04T15:16:08.509885162Z;-5;Quote;73.1;82;74.65;100
SETZ26;;Market Price;2026-09-04T15:16:15.049518138Z;-5;Quote;73.1;82;74.7;100
SETZ26;;Market Price;2026-09-04T15:16:15.264877432Z;-5;Quote;73.15;100;74.7;100
SETZ26;;Market Price;2026-09-04T15:16:20.264491920Z;-5;Quote;73.1;82;74.7;100
SETZ26;;Market Price;2026-09-04T15:16:23.689808444Z;-5;Quote;73.15;100;74.7;100
SETZ26;;Market Price;2026-09-04T15:16:28.689390537Z;-5;Quote;73.1;81;74.7;100
SETZ26;;Market Price;2026-09-04T15:16:30.299513132Z;-5;Quote;73.15;100;74.7;100
SETZ26;;Market Price;2026-09-04T15:16:38.369473071Z;-5;Quote;73.15;100;74.65;100
SETZ26;;Market Price;2026-09-04T15:16:43.369508267Z;-5;Quote;73.15;100;74.7;100
SETZ26;;Market Price;2026-09-04T15:16:47.814611639Z;-5;Quote;73.15;100;74.65;100
SETZ26;;Market Price;2026-09-04T15:16:52.814541637Z;-5;Quote;73.15;100;74.7;100
SETZ26;;Market Price;2026-09-04T15:17:00.539530306Z;-5;Quote;73.15;100;74.65;100
SETZ26;;Market Price;2026-09-04T15:17:00.779154790Z;-5;Quote;73.2;100;74.65;100
SETZ26;;Market Price;2026-09-04T15:17:05.779532059Z;-5;Quote;73.15;77;74.65;100
SETZ26;;Market Price;2026-09-04T15:17:08.734109951Z;-5;Quote;73.15;77;74.7;100
SETZ26;;Market Price;2026-09-04T15:17:28.559344778Z;-5;Quote;73.15;77;74.65;100
SETZ26;;Market Price;2026-09-04T15:17:41.074272146Z;-5;Quote;73.15;77;74.7;100
SETZ26;;Market Price;2026-09-04T15:18:04.309149563Z;-5;Quote;73.2;100;74.7;100
SETZ26;;Market Price;2026-09-04T15:18:09.309135327Z;-5;Quote;73.15;77;74.7;100
SETZ26;;Market Price;2026-09-04T15:18:15.123917527Z;-5;Quote;73.15;77;74.65;100
SETZ26;;Market Price;2026-09-04T15:18:32.554895469Z;-5;Quote;73.15;77;74.7;100
SETZ26;;Market Price;2026-09-04T15:21:01.639559845Z;-5;Quote;73.15;77;74.75;100
SETZ26;;Market Price;2026-09-04T15:21:01.839924558Z;-5;Quote;73.2;100;74.75;100
SETZ26;;Market Price;2026-09-04T15:21:06.839845231Z;-5;Quote;73.15;100;74.75;100
SETZ26;;Market Price;2026-09-04T15:21:07.843995076Z;-5;Quote;73.2;100;74.75;100
SETZ26;;Market Price;2026-09-04T15:22:55.524262576Z;-5;Quote;73.15;100;74.75;100
SETZ26;;Market Price;2026-09-04T15:22:55.724131828Z;-5;Quote;73.15;100;74.7;100
SETZ26;;Market Price;2026-09-04T15:23:22.836876900Z;-5;Quote;73.2;100;74.7;100
SETZ26;;Market Price;2026-09-04T15:24:26.514059801Z;-5;Quote;73.15;100;74.7;100
SETZ26;;Market Price;2026-09-04T15:24:26.714921002Z;-5;Quote;73.15;100;74.65;100
SETZ26;;Market Price;2026-09-04T15:28:52.074145449Z;-5;Quote;73.15;89;74.65;100
SETZ26;;Market Price;2026-09-04T15:29:30.214043588Z;-5;Quote;73.15;17;74.65;100
SETZ26;;Market Price;2026-09-04T15:29:30.214043588Z;-5;Quote;73.1;5;74.65;100
SETZ26;;Market Price;2026-09-04T15:29:30.414747028Z;-5;Quote;73.1;5;74.6;100
SETZ26;;Market Price;2026-09-04T15:29:30.414747028Z;-5;Quote;73.1;92;74.6;100
SETZ26;;Market Price;2026-09-04T15:29:31.779624322Z;-5;Quote;73.1;90;74.6;100
SETZ26;;Market Price;2026-09-04T15:29:31.779624322Z;-5;Quote;73.1;80;74.6;100
SETZ26;;Market Price;2026-09-04T15:29:31.984483389Z;-5;Quote;73.1;80;74.55;100
SETZ26;;Market Price;2026-09-04T15:29:35.414723714Z;-5;Quote;73.1;76;74.55;100
SETZ26;;Market Price;2026-09-04T15:29:35.414723714Z;-5;Quote;73.1;75;74.55;100
SETZ26;;Market Price;2026-09-04T15:29:35.414723714Z;-5;Quote;73.05;7;74.55;100
SETZ26;;Market Price;2026-09-04T15:29:35.614102410Z;-5;Quote;73.05;100;74.55;100
SETZ26;;Market Price;2026-09-04T15:33:00.069117388Z;-5;Quote;73.05;100;74.6;100
SETZ26;;Market Price;2026-09-04T15:33:14.584364994Z;-5;Quote;73.05;100;74.65;100
SETZ26;;Market Price;2026-09-04T15:33:43.669284260Z;-5;Quote;73.05;100;74.6;100
SETZ26;;Market Price;2026-09-04T15:33:52.514251137Z;-5;Quote;73.05;100;74.65;100
SETZ26;;Market Price;2026-09-04T15:33:52.729276542Z;-5;Quote;73.1;100;74.65;100
SETZ26;;Market Price;2026-09-04T15:34:19.994989032Z;-5;Quote;73.05;100;74.65;100
SETZ26;;Market Price;2026-09-04T15:35:48.489417891Z;-5;Quote;73.1;100;74.65;100
SETZ26;;Market Price;2026-09-04T15:36:07.599959332Z;-5;Quote;73.15;100;74.65;100
SETZ26;;Market Price;2026-09-04T15:36:12.599610822Z;-5;Quote;73.1;100;74.65;100
SETZ26;;Market Price;2026-09-04T15:36:16.509469095Z;-5;Quote;73.1;100;74.6;100
SETZ26;;Market Price;2026-09-04T15:36:32.249447959Z;-5;Quote;73.1;100;74.65;100
SETZ26;;Market Price;2026-09-04T15:36:32.464810095Z;-5;Quote;73.15;100;74.65;100
SETZ26;;Market Price;2026-09-04T15:37:07.254132709Z;-5;Quote;73.1;100;74.65;100
SETZ26;;Market Price;2026-09-04T15:37:22.164734364Z;-5;Quote;73.1;100;74.6;100
SETZ26;;Market Price;2026-09-04T15:37:23.254591193Z;-5;Quote;73.15;100;74.6;100
SETZ26;;Market Price;2026-09-04T15:37:27.164730291Z;-5;Quote;73.15;100;74.65;100
SETZ26;;Market Price;2026-09-04T15:37:28.254877800Z;-5;Quote;73.1;100;74.65;100
SETZ26;;Market Price;2026-09-04T15:37:32.694733230Z;-5;Quote;73.1;100;74.6;100
SETZ26;;Market Price;2026-09-04T15:37:37.694884383Z;-5;Quote;73.1;100;74.65;100
SETZ26;;Market Price;2026-09-04T15:37:45.679628619Z;-5;Quote;73.15;100;74.65;100
SETZ26;;Market Price;2026-09-04T15:37:50.679586361Z;-5;Quote;73.1;100;74.65;100
SETZ26;;Market Price;2026-09-04T15:39:26.674051517Z;-5;Quote;73.1;100;74.6;100
SETZ26;;Market Price;2026-09-04T15:40:13.429655226Z;-5;Quote;73.1;100;74.65;100
SETZ26;;Market Price;2026-09-04T15:40:13.630531390Z;-5;Quote;73.15;100;74.65;100
SETZ26;;Market Price;2026-09-04T15:44:54.299099431Z;-5;Quote;73.15;100;74.7;100
SETZ26;;Market Price;2026-09-04T15:44:54.499986722Z;-5;Quote;73.2;100;74.7;100
SETZ26;;Market Price;2026-09-04T15:47:18.694018502Z;-5;Quote;73.2;100;74.75;100
SETZ26;;Market Price;2026-09-04T15:47:18.894840120Z;-5;Quote;73.25;100;74.75;100
SETZ26;;Market Price;2026-09-04T15:47:30.254702806Z;-5;Quote;73.2;100;74.75;100
SETZ26;;Market Price;2026-09-04T15:47:30.454132283Z;-5;Quote;73.2;100;74.7;100
SETZ26;;Market Price;2026-09-04T15:51:11.789538544Z;-5;Quote;73.15;85;74.7;100
SETZ26;;Market Price;2026-09-04T15:51:21.929496537Z;-5;Quote;73.15;85;74.65;100
SETZ26;;Market Price;2026-09-04T15:51:23.109526128Z;-5;Quote;73.1;97;74.65;100
SETZ26;;Market Price;2026-09-04T15:51:23.309433665Z;-5;Quote;73.1;97;74.6;100
SETZ26;;Market Price;2026-09-04T15:52:20.398900584Z;-5;Quote;73.1;90;74.6;100
SETZ26;;Market Price;2026-09-04T15:52:20.398900584Z;-5;Quote;73.1;85;74.6;100
SETZ26;;Market Price;2026-09-04T15:52:20.398900584Z;-5;Quote;73.05;89;74.6;100
SETZ26;;Market Price;2026-09-04T15:52:20.599291441Z;-5;Quote;73.05;89;74.55;100
SETZ26;;Market Price;2026-09-04T15:55:24.609498113Z;-5;Quote;73.05;89;74.6;100
SETZ26;;Market Price;2026-09-04T15:59:55.414080716Z;-5;Quote;73.1;100;74.6;100
SETZ26;;Market Price;2026-09-04T16:00:00.414074911Z;-5;Quote;73.05;89;74.6;100
SETZ26;;Market Price;2026-09-04T16:01:09.534674701Z;-5;Quote;73.05;89;74.65;100
SETZ26;;Market Price;2026-09-04T16:01:09.734533252Z;-5;Quote;73.05;89;74.6;100
SETZ26;;Market Price;2026-09-04T16:01:24.369563371Z;-5;Quote;73.05;89;74.65;100
SETZ26;;Market Price;2026-09-04T16:01:34.279527651Z;-5;Quote;73.1;100;74.65;100
SETZ26;;Market Price;2026-09-04T16:01:43.164677660Z;-5;Quote;73.05;31;74.65;100
SETZ26;;Market Price;2026-09-04T16:01:43.364542897Z;-5;Quote;73.05;100;74.65;100
SETZ26;;Market Price;2026-09-04T16:01:44.874644831Z;-5;Quote;73.1;100;74.65;100
SETZ26;;Market Price;2026-09-04T16:02:10.924162680Z;-5;Quote;73.05;81;74.65;100
SETZ26;;Market Price;2026-09-04T16:02:17.719097619Z;-5;Quote;73.05;81;74.6;100
SETZ26;;Market Price;2026-09-04T16:03:16.784032450Z;-5;Quote;73.1;100;74.6;100
SETZ26;;Market Price;2026-09-04T16:04:02.604878150Z;-5;Quote;73.05;81;74.6;100
SETZ26;;Market Price;2026-09-04T16:04:02.804750274Z;-5;Quote;73.05;81;74.55;100
SETZ26;;Market Price;2026-09-04T16:05:20.404358169Z;-5;Quote;73.05;64;74.55;100
SETZ26;;Market Price;2026-09-04T16:05:20.404358169Z;-5;Quote;73.05;14;74.55;100
SETZ26;;Market Price;2026-09-04T16:05:20.404358169Z;-5;Quote;73;100;74.55;100
SETZ26;;Market Price;2026-09-04T16:05:33.339146616Z;-5;Quote;73.05;100;74.55;100
SETZ26;;Market Price;2026-09-04T16:05:38.929130227Z;-5;Quote;73;100;74.55;100
SETZ26;;Market Price;2026-09-04T16:05:41.049832317Z;-5;Quote;73.05;100;74.55;100
SETZ26;;Market Price;2026-09-04T16:07:09.149238510Z;-5;Quote;73.05;100;74.6;100
SETZ26;;Market Price;2026-09-04T16:07:16.914375488Z;-5;Quote;73.1;93;74.6;100
SETZ26;;Market Price;2026-09-04T16:10:09.274192823Z;-5;Quote;73.1;93;74.65;100
SETZ26;;Market Price;2026-09-04T16:10:09.479549648Z;-5;Quote;73.15;100;74.65;100
SETZ26;;Market Price;2026-09-04T16:10:14.474345042Z;-5;Quote;73.1;93;74.65;100
SETZ26;;Market Price;2026-09-04T16:11:23.538927290Z;-5;Quote;73.1;93;74.6;100
SETZ26;;Market Price;2026-09-04T16:14:01.994863588Z;-5;Quote;73.1;93;74.65;100
SETZ26;;Market Price;2026-09-04T16:14:01.994863588Z;-5;Quote;73.1;93;74.7;100
SETZ26;;Market Price;2026-09-04T16:14:02.199702859Z;-5;Quote;73.15;100;74.7;100
SETZ26;;Market Price;2026-09-04T16:14:16.059162498Z;-5;Quote;73.15;100;74.65;100
SETZ26;;Market Price;2026-09-04T16:15:21.479398686Z;-5;Quote;73.15;100;74.7;100
SETZ26;;Market Price;2026-09-04T16:15:34.929403812Z;-5;Quote;73.15;100;74.75;100
SETZ26;;Market Price;2026-09-04T16:16:04.698356139Z;-5;Quote;73.1;93;74.75;100
SETZ26;;Market Price;2026-09-04T16:16:04.903974214Z;-5;Quote;73.1;93;74.7;100
SETZ26;;Market Price;2026-09-04T16:16:25.343965810Z;-5;Quote;73.15;100;74.7;100
SETZ26;;Market Price;2026-09-04T16:16:49.804700710Z;-5;Quote;73.2;100;74.7;100
SETZ26;;Market Price;2026-09-04T16:17:55.329493995Z;-5;Quote;73.2;100;74.75;100
SETZ26;;Market Price;2026-09-04T16:19:13.109118548Z;-5;Quote;73.25;100;74.75;100
SETZ26;;Market Price;2026-09-04T16:19:53.464651153Z;-5;Quote;73.2;100;74.75;100
SETZ26;;Market Price;2026-09-04T16:20:44.279555763Z;-5;Quote;73.15;100;74.75;100
SETZ26;;Market Price;2026-09-04T16:20:44.479406478Z;-5;Quote;73.15;100;74.7;100
SETZ26;;Market Price;2026-09-04T16:20:58.994477304Z;-5;Quote;73.15;100;74.75;100
SETZ26;;Market Price;2026-09-04T16:21:24.229044533Z;-5;Quote;73.15;100;74.7;100
SETZ26;;Market Price;2026-09-04T16:21:29.232144258Z;-5;Quote;73.15;100;74.75;100
SETZ26;;Market Price;2026-09-04T16:21:36.328986369Z;-5;Quote;73.15;100;74.8;100
SETZ26;;Market Price;2026-09-04T16:21:36.529875647Z;-5;Quote;73.2;100;74.8;100
SETZ26;;Market Price;2026-09-04T16:21:50.809735555Z;-5;Quote;73.2;100;74.85;100
SETZ26;;Market Price;2026-09-04T16:21:51.009096828Z;-5;Quote;73.25;100;74.85;100
SETZ26;;Market Price;2026-09-04T16:22:52.734005170Z;-5;Quote;73.25;100;74.9;100
SETZ26;;Market Price;2026-09-04T16:26:06.754423619Z;-5;Quote;73.25;100;74.85;100
SETZ26;;Market Price;2026-09-04T16:30:29.104553873Z;-5;Quote;73.25;100;74.8;100
SETZ26;;Market Price;2026-09-04T16:31:10.469003473Z;-5;Quote;73.2;68;74.8;100
SETZ26;;Market Price;2026-09-04T16:31:10.474474069Z;-5;Quote;73.15;52;74.8;100
SETZ26;;Market Price;2026-09-04T16:31:10.674410632Z;-5;Quote;73.2;100;74.8;100
SETZ26;;Market Price;2026-09-04T16:33:48.969633580Z;-5;Quote;73.2;100;74.85;100
SETZ26;;Market Price;2026-09-04T16:33:49.019591022Z;-5;Quote;73.2;100;74.9;100
SETZ26;;Market Price;2026-09-04T16:34:00.779420713Z;-5;Quote;73.2;100;74.85;100
SETZ26;;Market Price;2026-09-04T16:34:20.199373277Z;-5;Quote;73.15;100;74.85;100
SETZ26;;Market Price;2026-09-04T16:34:35.684053332Z;-5;Quote;73.15;96;74.85;100
SETZ26;;Market Price;2026-09-04T16:34:35.684053332Z;-5;Quote;73.15;73;74.85;100
SETZ26;;Market Price;2026-09-04T16:34:35.684053332Z;-5;Quote;73.15;29;74.85;100
SETZ26;;Market Price;2026-09-04T16:34:35.684053332Z;-5;Quote;73.1;100;74.85;100
SETZ26;;Market Price;2026-09-04T16:34:43.824520530Z;-5;Quote;73.15;100;74.85;100
SETZ26;;Market Price;2026-09-04T16:34:48.409131440Z;-5;Quote;73.2;100;74.85;100
SETZ26;;Market Price;2026-09-04T16:34:55.914004022Z;-5;Quote;73.15;67;74.85;100
SETZ26;;Market Price;2026-09-04T16:34:56.114836799Z;-5;Quote;73.15;100;74.85;100
SETZ26;;Market Price;2026-09-04T16:35:21.749825781Z;-5;Quote;73.15;100;74.75;100
SETZ26;;Market Price;2026-09-04T16:41:47.669182277Z;-5;Quote;73.2;100;74.75;100
SETZ26;;Market Price;2026-09-04T16:42:43.088953738Z;-5;Quote;73.15;100;74.75;100
SETZ26;;Market Price;2026-09-04T16:42:55.454024819Z;-5;Quote;73.2;100;74.75;100
SETZ26;;Market Price;2026-09-04T16:43:30.919601549Z;-5;Quote;73.15;100;74.75;100
SETZ26;;Market Price;2026-09-04T16:43:31.114500536Z;-5;Quote;73.15;100;74.7;100
SETZ26;;Market Price;2026-09-04T16:44:49.134325569Z;-5;Quote;73.15;33;74.7;100
SETZ26;;Market Price;2026-09-04T16:44:49.134325569Z;-5;Quote;73.1;82;74.7;100
SETZ26;;Market Price;2026-09-04T16:45:23.049056817Z;-5;Quote;73.15;100;74.7;100
SETZ26;;Market Price;2026-09-04T16:47:56.774066423Z;-5;Quote;73.2;100;74.7;100
SETZ26;;Market Price;2026-09-04T16:48:01.774773120Z;-5;Quote;73.15;100;74.7;100
SETZ26;;Market Price;2026-09-04T16:49:06.629807393Z;-5;Quote;73.2;100;74.7;100
SETZ26;;Market Price;2026-09-04T16:52:00.054405327Z;-5;Quote;73.2;100;74.75;100
SETZ26;;Market Price;2026-09-04T16:54:36.104773339Z;-5;Quote;73.25;100;74.75;100
SETZ26;;Market Price;2026-09-04T16:55:27.008915977Z;-5;Quote;73.2;100;74.75;100
SETZ26;;Market Price;2026-09-04T16:56:08.479127395Z;-5;Quote;73.2;100;74.8;100
SETZ26;;Market Price;2026-09-04T16:56:08.679019268Z;-5;Quote;73.25;100;74.8;100
SETZ26;;Market Price;2026-09-04T16:56:53.819378910Z;-5;Quote;73.2;100;74.8;100
SETZ26;;Market Price;2026-09-04T16:56:54.019255587Z;-5;Quote;73.2;100;74.75;100
SETZ26;;Market Price;2026-09-04T16:57:09.069598392Z;-5;Quote;73.05;18;74.75;100
SETZ26;;Market Price;2026-09-04T16:57:09.269201174Z;-5;Quote;73.05;18;74.7;100
SETZ26;;Market Price;2026-09-04T16:57:09.269201174Z;-5;Quote;73.1;73;74.7;100
SETZ26;;Market Price;2026-09-04T16:57:24.313963903Z;-5;Quote;73.1;73;74.65;100
SETZ26;;Market Price;2026-09-04T16:57:26.238995907Z;-5;Quote;73.1;72;74.65;100
SETZ26;;Market Price;2026-09-04T16:57:26.438981667Z;-5;Quote;73.15;82;74.65;100
SETZ26;;Market Price;2026-09-04T16:58:09.069049465Z;-5;Quote;73.15;81;74.65;100
SETZ26;;Market Price;2026-09-04T16:58:29.209114207Z;-5;Quote;73.15;80;74.65;100
SETZ26;;Market Price;2026-09-04T17:02:00.319729382Z;-5;Quote;73.15;80;74.7;100
SETZ26;;Market Price;2026-09-04T17:02:00.524602862Z;-5;Quote;73.15;80;74.65;100
SETZ26;;Market Price;2026-09-04T17:02:20.169579953Z;-5;Quote;73.15;80;74.7;100
SETZ26;;Market Price;2026-09-04T17:02:20.369250081Z;-5;Quote;73.2;100;74.7;100
SETZ26;;Market Price;2026-09-04T17:05:07.469707977Z;-5;Quote;73.15;80;74.7;100
SETZ26;;Market Price;2026-09-04T17:05:09.354523218Z;-5;Quote;73.15;80;74.75;100
SETZ26;;Market Price;2026-09-04T17:07:33.828807464Z;-5;Quote;73.15;80;74.7;100
SETZ26;;Market Price;2026-09-04T17:09:59.408900469Z;-5;Quote;73.15;80;74.75;100
SETZ26;;Market Price;2026-09-04T17:13:13.679482908Z;-5;Quote;73.15;80;74.7;100
SETZ26;;Market Price;2026-09-04T17:15:10.618939342Z;-5;Quote;73.2;100;74.7;100
SETZ26;;Market Price;2026-09-04T17:15:11.149837812Z;-5;Quote;73.2;100;74.65;100
SETZ26;;Market Price;2026-09-04T17:15:15.619800839Z;-5;Quote;73.15;78;74.65;100
SETZ26;;Market Price;2026-09-04T17:22:18.104110366Z;-5;Quote;73.1;18;74.65;100
SETZ26;;Market Price;2026-09-04T17:22:18.104110366Z;-5;Quote;73.05;1;74.65;100
SETZ26;;Market Price;2026-09-04T17:22:18.304345004Z;-5;Quote;73.05;1;74.6;100
SETZ26;;Market Price;2026-09-04T17:22:18.304345004Z;-5;Quote;73.05;69;74.6;100
SETZ26;;Market Price;2026-09-04T17:22:32.494849201Z;-5;Quote;73.05;100;74.6;100
SETZ26;;Market Price;2026-09-04T17:22:37.494154379Z;-5;Quote;73.05;70;74.6;100
SETZ26;;Market Price;2026-09-04T17:23:07.694090269Z;-5;Quote;73.05;100;74.6;100
SETZ26;;Market Price;2026-09-04T17:24:55.364837962Z;-5;Quote;73.05;100;74.65;100
SETZ26;;Market Price;2026-09-04T17:24:55.564352606Z;-5;Quote;73.1;69;74.65;100
SETZ26;;Market Price;2026-09-04T17:25:00.564265192Z;-5;Quote;73.05;51;74.65;100
SETZ26;;Market Price;2026-09-04T17:25:00.764147824Z;-5;Quote;73.05;100;74.65;100
SETZ26;;Market Price;2026-09-04T17:25:02.204297457Z;-5;Quote;73.05;100;74.6;100
SETZ26;;Market Price;2026-09-04T17:25:40.319822240Z;-5;Quote;73.05;70;74.6;100
SETZ26;;Market Price;2026-09-04T17:26:43.414037588Z;-5;Quote;73.05;68;74.6;100
SETZ26;;Market Price;2026-09-04T17:30:39.078931985Z;-5;Quote;73.05;18;74.6;100
SETZ26;;Market Price;2026-09-04T17:30:39.078931985Z;-5;Quote;73.05;17;74.6;100
SETZ26;;Market Price;2026-09-04T17:30:39.078931985Z;-5;Quote;73;2;74.6;100
SETZ26;;Market Price;2026-09-04T17:30:39.078931985Z;-5;Quote;73;1;74.6;100
SETZ26;;Market Price;2026-09-04T17:30:39.078931985Z;-5;Quote;72.95;55;74.6;100
SETZ26;;Market Price;2026-09-04T17:30:39.078931985Z;-5;Quote;72.95;51;74.6;100
SETZ26;;Market Price;2026-09-04T17:30:39.078931985Z;-5;Quote;;;74.6;100
SETZ26;;Market Price;2026-09-04T17:30:39.279823593Z;-5;Quote;72.95;100;74.6;100
SETZ26;;Market Price;2026-09-04T17:30:44.349869271Z;-5;Quote;72.95;100;74.55;100
SETZ26;;Market Price;2026-09-04T17:31:02.029889548Z;-5;Quote;73;84;74.55;100
SETZ26;;Market Price;2026-09-04T17:31:09.239723106Z;-5;Quote;72.95;54;74.55;100
SETZ26;;Market Price;2026-09-04T17:31:09.439594736Z;-5;Quote;72.95;100;74.55;100
SETZ26;;Market Price;2026-09-04T17:31:29.593966809Z;-5;Quote;73;84;74.55;100
SETZ26;;Market Price;2026-09-04T17:31:31.584332076Z;-5;Quote;73;83;74.55;100
SETZ26;;Market Price;2026-09-04T17:31:40.094653356Z;-5;Quote;73;82;74.55;100
SETZ26;;Market Price;2026-09-04T17:32:01.429564525Z;-5;Quote;73;82;74.5;100
SETZ26;;Market Price;2026-09-04T17:32:05.234493077Z;-5;Quote;73;76;74.5;100
SETZ26;;Market Price;2026-09-04T17:32:08.058930994Z;-5;Quote;72.95;54;74.5;100
SETZ26;;Market Price;2026-09-04T17:32:08.259585264Z;-5;Quote;72.95;100;74.5;100
SETZ26;;Market Price;2026-09-04T17:32:09.189369087Z;-5;Quote;72.95;100;74.45;100
SETZ26;;Market Price;2026-09-04T17:32:12.324699174Z;-5;Quote;73;84;74.45;100
SETZ26;;Market Price;2026-09-04T17:32:12.654332834Z;-5;Quote;73;77;74.45;100
SETZ26;;Market Price;2026-09-04T17:32:14.189289902Z;-5;Quote;73;77;74.5;100
SETZ26;;Market Price;2026-09-04T17:33:08.699331825Z;-5;Quote;73;76;74.5;100
SETZ26;;Market Price;2026-09-04T17:37:36.164057322Z;-5;Quote;72.95;82;74.5;100
SETZ26;;Market Price;2026-09-04T17:41:29.749811580Z;-5;Quote;72.95;82;74.45;100
SETZ26;;Market Price;2026-09-04T17:41:39.638998999Z;-5;Quote;72.95;82;74.5;100
SETZ26;;Market Price;2026-09-04T17:41:51.219515154Z;-5;Quote;72.95;82;74.45;100
SETZ26;;Market Price;2026-09-04T17:45:30.429211383Z;-5;Quote;72.95;82;74.5;100
SETZ26;;Market Price;2026-09-04T17:46:24.244123024Z;-5;Quote;72.95;82;74.45;100
SETZ26;;Market Price;2026-09-04T17:46:29.244861676Z;-5;Quote;72.95;82;74.5;100
SETZ26;;Market Price;2026-09-04T17:51:22.189117618Z;-5;Quote;73;100;74.5;100
SETZ26;;Market Price;2026-09-04T18:00:02.914845845Z;-5;Quote;72.95;76;74.5;100
SETZ26;;Market Price;2026-09-04T18:00:03.113956040Z;-5;Quote;72.95;76;74.45;100
SETZ26;;Market Price;2026-09-04T18:03:42.524668997Z;-5;Quote;72.95;22;74.45;100
SETZ26;;Market Price;2026-09-04T18:03:42.524668997Z;-5;Quote;72.95;1;74.45;100
SETZ26;;Market Price;2026-09-04T18:03:42.524668997Z;-5;Quote;72.9;100;74.45;100
SETZ26;;Market Price;2026-09-04T18:03:42.724606968Z;-5;Quote;72.95;100;74.45;100
SETZ26;;Market Price;2026-09-04T18:03:47.724103387Z;-5;Quote;72.9;100;74.45;100
SETZ26;;Market Price;2026-09-04T18:03:49.855311415Z;-5;Quote;72.9;100;74.4;100
SETZ26;;Market Price;2026-09-04T18:04:03.719473081Z;-5;Quote;72.9;48;74.4;100
SETZ26;;Market Price;2026-09-04T18:04:03.719473081Z;-5;Quote;72.85;7;74.4;100
SETZ26;;Market Price;2026-09-04T18:04:03.919359863Z;-5;Quote;72.85;100;74.4;100
SETZ26;;Market Price;2026-09-04T18:04:31.329220834Z;-5;Quote;72.85;99;74.4;100
SETZ26;;Market Price;2026-09-04T18:04:31.329220834Z;-5;Quote;72.85;6;74.4;100
SETZ26;;Market Price;2026-09-04T18:04:31.329220834Z;-5;Quote;72.8;55;74.4;100
SETZ26;;Market Price;2026-09-04T18:04:31.529100150Z;-5;Quote;72.8;100;74.4;100
SETZ26;;Market Price;2026-09-04T18:06:19.525453745Z;-5;Quote;72.8;100;74.35;100
SETZ26;;Market Price;2026-09-04T18:08:17.364845749Z;-5;Quote;72.8;100;74.4;100
SETZ26;;Market Price;2026-09-04T18:08:17.564207200Z;-5;Quote;72.85;100;74.4;100
SETZ26;;Market Price;2026-09-04T18:08:22.564379144Z;-5;Quote;72.8;54;74.4;100
SETZ26;;Market Price;2026-09-04T18:08:22.764729662Z;-5;Quote;72.8;100;74.4;100
SETZ26;;Market Price;2026-09-04T18:09:01.054156671Z;-5;Quote;72.8;100;74.35;100
SETZ26;;Market Price;2026-09-04T18:09:06.054091731Z;-5;Quote;72.8;100;74.4;100
SETZ26;;Market Price;2026-09-04T18:09:33.364479518Z;-5;Quote;72.8;100;74.35;100
SETZ26;;Market Price;2026-09-04T18:09:42.329069578Z;-5;Quote;72.8;100;74.4;100
SETZ26;;Market Price;2026-09-04T18:09:54.309219815Z;-5;Quote;72.8;100;74.45;100
SETZ26;;Market Price;2026-09-04T18:09:54.509323030Z;-5;Quote;72.9;100;74.45;100
SETZ26;;Market Price;2026-09-04T18:09:59.509277933Z;-5;Quote;72.85;62;74.45;100
SETZ26;;Market Price;2026-09-04T18:09:59.709195650Z;-5;Quote;72.85;100;74.45;100
SETZ26;;Market Price;2026-09-04T18:10:03.524089741Z;-5;Quote;72.85;100;74.4;100
SETZ26;;Market Price;2026-09-04T18:10:10.713916955Z;-5;Quote;72.85;100;74.45;100
SETZ26;;Market Price;2026-09-04T18:10:10.713916955Z;-5;Quote;72.85;78;74.45;100
SETZ26;;Market Price;2026-09-04T18:10:10.713916955Z;-5;Quote;72.85;38;74.45;100
SETZ26;;Market Price;2026-09-04T18:10:10.713916955Z;-5;Quote;72.8;55;74.45;100
SETZ26;;Market Price;2026-09-04T18:10:10.929727085Z;-5;Quote;72.9;24;74.45;100
SETZ26;;Market Price;2026-09-04T18:10:11.124089529Z;-5;Quote;72.95;100;74.45;100
SETZ26;;Market Price;2026-09-04T18:10:14.734010143Z;-5;Quote;72.95;99;74.45;100
SETZ26;;Market Price;2026-09-04T18:10:16.124798741Z;-5;Quote;72.85;3;74.45;100
SETZ26;;Market Price;2026-09-04T18:10:16.324138746Z;-5;Quote;72.85;100;74.45;100
SETZ26;;Market Price;2026-09-04T18:10:45.129662263Z;-5;Quote;72.85;100;74.5;100
SETZ26;;Market Price;2026-09-04T18:10:45.129662263Z;-5;Quote;72.85;100;74.55;100
SETZ26;;Market Price;2026-09-04T18:10:45.129662263Z;-5;Quote;72.85;100;;
SETZ26;;Market Price;2026-09-04T18:10:45.329990327Z;-5;Quote;73;100;;
SETZ26;;Market Price;2026-09-04T18:10:45.329990327Z;-5;Quote;73;100;74.65;100
SETZ26;;Market Price;2026-09-04T18:10:45.329990327Z;-5;Quote;73;100;74.6;100
SETZ26;;Market Price;2026-09-04T18:10:50.329592521Z;-5;Quote;72.95;12;74.6;100
SETZ26;;Market Price;2026-09-04T18:10:50.329592521Z;-5;Quote;72.95;12;74.65;100
SETZ26;;Market Price;2026-09-04T18:10:50.529036780Z;-5;Quote;72.9;2;74.65;100
SETZ26;;Market Price;2026-09-04T18:10:50.529036780Z;-5;Quote;72.9;100;74.65;100
SETZ26;;Market Price;2026-09-04T18:10:59.729451001Z;-5;Quote;72.9;100;74.6;100
SETZ26;;Market Price;2026-09-04T18:11:32.249270087Z;-5;Quote;72.9;98;74.6;100
SETZ26;;Market Price;2026-09-04T18:11:32.249270087Z;-5;Quote;72.85;17;74.6;100
SETZ26;;Market Price;2026-09-04T18:11:32.449618311Z;-5;Quote;72.85;100;74.6;100
SETZ26;;Market Price;2026-09-04T18:11:33.654712386Z;-5;Quote;72.85;100;74.55;100
SETZ26;;Market Price;2026-09-04T18:11:48.084283497Z;-5;Quote;72.85;100;74.5;100
SETZ26;;Market Price;2026-09-04T18:11:59.854324191Z;-5;Quote;72.85;100;74.45;100
SETZ26;;Market Price;2026-09-04T18:12:07.129187378Z;-5;Quote;72.85;100;74.5;100
SETZ26;;Market Price;2026-09-04T18:13:08.289088971Z;-5;Quote;72.85;100;74.55;100
SETZ26;;Market Price;2026-09-04T18:13:13.733995432Z;-5;Quote;72.85;100;74.5;100
SETZ26;;Market Price;2026-09-04T18:13:25.524254169Z;-5;Quote;72.85;100;74.55;100
SETZ26;;Market Price;2026-09-04T18:13:49.619717237Z;-5;Quote;72.85;100;74.5;100
SETZ26;;Market Price;2026-09-04T18:14:04.604646028Z;-5;Quote;72.85;100;74.45;100
SETZ26;;Market Price;2026-09-04T18:14:09.604324683Z;-5;Quote;72.85;100;74.5;100
SETZ26;;Market Price;2026-09-04T18:14:12.848896345Z;-5;Quote;72.85;100;74.35;100
SETZ26;;Market Price;2026-09-04T18:14:17.869556029Z;-5;Quote;72.85;100;74.4;100
SETZ26;;Market Price;2026-09-04T18:14:18.049441381Z;-5;Quote;72.85;100;74.45;100
SETZ26;;Market Price;2026-09-04T18:14:18.249717063Z;-5;Quote;72.85;100;74.5;100
SETZ26;;Market Price;2026-09-04T18:15:33.924771945Z;-5;Quote;72.85;100;74.45;100
SETZ26;;Market Price;2026-09-04T18:15:38.924078375Z;-5;Quote;72.85;100;74.5;100
SETZ26;;Market Price;2026-09-04T18:21:03.609034848Z;-5;Quote;72.85;86;74.5;100
SETZ26;;Market Price;2026-09-04T18:21:03.609034848Z;-5;Quote;72.85;83;74.5;100
SETZ26;;Market Price;2026-09-04T18:21:03.609034848Z;-5;Quote;72.8;100;74.5;100
SETZ26;;Market Price;2026-09-04T18:21:22.649876834Z;-5;Quote;72.85;100;74.5;100
SETZ26;;Market Price;2026-09-04T18:22:26.519899367Z;-5;Quote;72.85;100;74.45;100
SETZ26;;Market Price;2026-09-04T18:22:30.044195528Z;-5;Quote;72.85;100;74.4;100
SETZ26;;Market Price;2026-09-04T18:22:35.044187642Z;-5;Quote;72.85;100;74.45;100
SETZ26;;Market Price;2026-09-04T18:22:49.974322931Z;-5;Quote;72.85;100;74.5;100
SETZ26;;Market Price;2026-09-04T18:23:42.809781587Z;-5;Quote;72.85;100;74.55;100
SETZ26;;Market Price;2026-09-04T18:24:42.499595294Z;-5;Quote;72.85;100;74.5;100
SETZ26;;Market Price;2026-09-04T18:25:15.284352204Z;-5;Quote;72.85;100;74.45;100
SETZ26;;Market Price;2026-09-04T18:25:20.284553452Z;-5;Quote;72.85;100;74.5;100
SETZ26;;Market Price;2026-09-04T18:25:40.159420326Z;-5;Quote;72.85;100;74.55;100
SETZ26;;Market Price;2026-09-04T18:26:52.914851717Z;-5;Quote;72.85;100;74.5;100
SETZ26;;Market Price;2026-09-04T18:27:08.324747609Z;-5;Quote;72.85;100;74.55;100
SETZ26;;Market Price;2026-09-04T18:27:33.999465298Z;-5;Quote;72.9;100;74.55;100
SETZ26;;Market Price;2026-09-04T18:27:47.254380685Z;-5;Quote;72.95;100;74.55;100
SETZ26;;Market Price;2026-09-04T18:27:52.254271300Z;-5;Quote;72.9;70;74.55;100
SETZ26;;Market Price;2026-09-04T18:27:52.454649650Z;-5;Quote;72.9;100;74.55;100
SETZ26;;Market Price;2026-09-04T18:28:18.284119023Z;-5;Quote;72.9;100;74.5;100
SETZ26;;Market Price;2026-09-04T18:30:59.234279533Z;-5;Quote;72.9;100;74.55;100
SETZ26;;Market Price;2026-09-04T18:31:19.879023782Z;-5;Quote;72.9;100;74.45;100
SETZ26;;Market Price;2026-09-04T18:32:10.739851500Z;-5;Quote;72.9;100;74.5;100
SETZ26;;Market Price;2026-09-04T18:32:10.739851500Z;-5;Quote;72.9;100;74.55;100
SETZ26;;Market Price;2026-09-04T18:32:10.939713110Z;-5;Quote;72.95;100;74.55;100
SETZ26;;Market Price;2026-09-04T18:37:49.919872666Z;-5;Quote;72.95;100;74.5;100
SETZ26;;Market Price;2026-09-04T18:37:54.919560553Z;-5;Quote;72.95;100;74.55;100
SETZ26;;Market Price;2026-09-04T18:38:11.569689709Z;-5;Quote;72.95;100;74.6;100
SETZ26;;Market Price;2026-09-04T18:38:32.399701899Z;-5;Quote;72.95;100;74.55;100
SETZ26;;Market Price;2026-09-04T18:39:21.179071575Z;-5;Quote;72.95;100;74.6;100
SETZ26;;Market Price;2026-09-04T18:39:21.379971162Z;-5;Quote;72.95;100;74.55;100
SETZ26;;Market Price;2026-09-04T18:39:30.029145389Z;-5;Quote;72.95;100;74.6;100
SETZ26;;Market Price;2026-09-04T18:39:38.424154671Z;-5;Quote;72.9;25;74.6;100
SETZ26;;Market Price;2026-09-04T18:39:38.624856625Z;-5;Quote;72.95;100;74.6;100
SETZ26;;Market Price;2026-09-04T18:40:34.339778161Z;-5;Quote;73;100;74.6;100
SETZ26;;Market Price;2026-09-04T18:40:58.659813276Z;-5;Quote;73.05;100;74.6;100
SETZ26;;Market Price;2026-09-04T18:41:03.219281167Z;-5;Quote;73.05;100;74.5;100
SETZ26;;Market Price;2026-09-04T18:41:03.659147034Z;-5;Quote;73;54;74.5;100
SETZ26;;Market Price;2026-09-04T18:41:03.859584012Z;-5;Quote;73;100;74.5;100
SETZ26;;Market Price;2026-09-04T18:41:28.377197060Z;-5;Quote;73;100;74.55;100
SETZ26;;Market Price;2026-09-04T18:41:43.769283311Z;-5;Quote;73;100;74.5;100
SETZ26;;Market Price;2026-09-04T18:41:48.769098985Z;-5;Quote;73;100;74.55;100
SETZ26;;Market Price;2026-09-04T18:42:26.999334969Z;-5;Quote;73;100;74.6;100
SETZ26;;Market Price;2026-09-04T18:42:42.414766860Z;-5;Quote;73;86;74.6;100
SETZ26;;Market Price;2026-09-04T18:42:42.414766860Z;-5;Quote;73;40;74.6;100
SETZ26;;Market Price;2026-09-04T18:42:42.414766860Z;-5;Quote;72.95;56;74.6;100
SETZ26;;Market Price;2026-09-04T18:42:42.613976349Z;-5;Quote;72.95;100;74.6;100
SETZ26;;Market Price;2026-09-04T18:43:59.008985031Z;-5;Quote;72.95;100;74.65;100
SETZ26;;Market Price;2026-09-04T18:47:01.969190936Z;-5;Quote;73;100;74.65;100
SETZ26;;Market Price;2026-09-04T18:47:08.934204117Z;-5;Quote;72.95;62;74.65;100
SETZ26;;Market Price;2026-09-04T18:47:09.133965605Z;-5;Quote;72.95;100;74.65;100
SETZ26;;Market Price;2026-09-04T18:47:19.349147809Z;-5;Quote;72.95;100;74.6;100
SETZ26;;Market Price;2026-09-04T18:47:30.968952150Z;-5;Quote;72.95;100;74.65;100
SETZ26;;Market Price;2026-09-04T18:47:31.169070650Z;-5;Quote;72.95;100;74.6;100
SETZ26;;Market Price;2026-09-04T18:47:59.009006013Z;-5;Quote;72.95;100;74.65;100
SETZ26;;Market Price;2026-09-04T18:48:04.664545222Z;-5;Quote;73;100;74.65;100
SETZ26;;Market Price;2026-09-04T18:49:00.019248014Z;-5;Quote;73;100;74.7;100
SETZ26;;Market Price;2026-09-04T18:49:08.269334204Z;-5;Quote;73.1;100;74.7;100
SETZ26;;Market Price;2026-09-04T18:49:26.099183035Z;-5;Quote;73;3;74.7;100
SETZ26;;Market Price;2026-09-04T18:49:26.299181114Z;-5;Quote;73.05;100;74.7;100
SETZ26;;Market Price;2026-09-04T18:49:48.573927929Z;-5;Quote;73.1;100;74.7;100
SETZ26;;Market Price;2026-09-04T18:50:16.008961086Z;-5;Quote;73.1;100;74.65;100
SETZ26;;Market Price;2026-09-04T18:50:21.008919082Z;-5;Quote;73.1;100;74.7;100
SETZ26;;Market Price;2026-09-04T18:53:01.844574309Z;-5;Quote;73;54;74.7;100
SETZ26;;Market Price;2026-09-04T18:53:02.044433690Z;-5;Quote;73;100;74.7;100
SETZ26;;Market Price;2026-09-04T18:53:26.474768462Z;-5;Quote;73.05;100;74.7;100
SETZ26;;Market Price;2026-09-04T18:53:42.224639298Z;-5;Quote;73.05;100;74.65;100
SETZ26;;Market Price;2026-09-04T18:54:09.349621398Z;-5;Quote;73;84;74.65;100
SETZ26;;Market Price;2026-09-04T18:54:28.019529889Z;-5;Quote;73.05;100;74.65;100
SETZ26;;Market Price;2026-09-04T18:55:41.514342474Z;-5;Quote;73;80;74.65;100
SETZ26;;Market Price;2026-09-04T18:55:41.704739819Z;-5;Quote;73;80;74.6;100
SETZ26;;Market Price;2026-09-04T18:55:50.329886187Z;-5;Quote;73;80;74.65;100
SETZ26;;Market Price;2026-09-04T18:55:50.534046998Z;-5;Quote;73;80;74.6;100
SETZ26;;Market Price;2026-09-04T18:57:03.179598909Z;-5;Quote;73;80;74.65;100
SETZ26;;Market Price;2026-09-04T18:57:03.219584686Z;-5;Quote;73;80;74.7;100
SETZ26;;Market Price;2026-09-04T18:57:03.379471123Z;-5;Quote;73.05;100;74.7;100
SETZ26;;Market Price;2026-09-04T18:57:07.759313336Z;-5;Quote;73.05;100;74.65;100
SETZ26;;Market Price;2026-09-04T18:57:25.549428696Z;-5;Quote;73.05;100;74.7;100
SETZ26;;Market Price;2026-09-04T18:57:25.749320223Z;-5;Quote;73.1;100;74.7;100
SETZ26;;Market Price;2026-09-04T18:57:35.249479394Z;-5;Quote;73.05;83;74.7;100
SETZ26;;Market Price;2026-09-04T18:57:35.449055217Z;-5;Quote;73.05;83;74.65;100
SETZ26;;Market Price;2026-09-04T18:57:40.448994676Z;-5;Quote;73.05;83;74.7;100
SETZ26;;Market Price;2026-09-04T18:58:07.674663343Z;-5;Quote;73.1;100;74.7;100
SETZ26;;Market Price;2026-09-04T18:58:21.009038456Z;-5;Quote;73.05;83;74.7;100
SETZ26;;Market Price;2026-09-04T18:58:21.209905275Z;-5;Quote;73.05;83;74.65;100
SETZ26;;Market Price;2026-09-04T18:59:39.974517141Z;-5;Quote;73.1;100;74.65;100
SETZ26;;Market Price;2026-09-04T19:00:09.439325979Z;-5;Quote;73.05;42;74.65;100
SETZ26;;Market Price;2026-09-04T19:00:09.819115392Z;-5;Quote;73.15;100;74.65;100
SETZ26;;Market Price;2026-09-04T19:00:19.989394861Z;-5;Quote;73.1;50;74.65;100
SETZ26;;Market Price;2026-09-04T19:00:19.989394861Z;-5;Quote;73.05;4;74.65;100
SETZ26;;Market Price;2026-09-04T19:00:20.189382626Z;-5;Quote;73.05;100;74.65;100
SETZ26;;Market Price;2026-09-04T19:01:48.639795142Z;-5;Quote;73.05;100;74.7;100
SETZ26;;Market Price;2026-09-04T19:02:16.239528534Z;-5;Quote;73.05;100;74.65;100
SETZ26;;Market Price;2026-09-04T19:02:21.239454195Z;-5;Quote;73.05;100;74.7;100
SETZ26;;Market Price;2026-09-04T19:02:55.959031005Z;-5;Quote;73.05;100;74.75;100
SETZ26;;Market Price;2026-09-04T19:02:58.004265621Z;-5;Quote;73.05;100;74.7;100
SETZ26;;Market Price;2026-09-04T19:03:04.074237151Z;-5;Quote;73.05;100;74.75;100
SETZ26;;Market Price;2026-09-04T19:03:04.274087173Z;-5;Quote;73.1;100;74.75;100
SETZ26;;Market Price;2026-09-04T19:03:10.784112948Z;-5;Quote;73.1;100;74.8;100
SETZ26;;Market Price;2026-09-04T19:03:12.914862944Z;-5;Quote;73.1;100;74.75;100
SETZ26;;Market Price;2026-09-04T19:03:34.394779188Z;-5;Quote;73.05;81;74.75;100
SETZ26;;Market Price;2026-09-04T19:03:36.189096092Z;-5;Quote;73.05;81;74.7;100
SETZ26;;Market Price;2026-09-04T19:04:21.449840784Z;-5;Quote;73.05;81;74.65;100
SETZ26;;Market Price;2026-09-04T19:04:31.999429360Z;-5;Quote;73.05;81;74.6;100
SETZ26;;Market Price;2026-09-04T19:04:36.994551097Z;-5;Quote;73.05;81;74.65;100
SETZ26;;Market Price;2026-09-04T19:04:39.879516050Z;-5;Quote;73.05;81;74.6;100
SETZ26;;Market Price;2026-09-04T19:04:44.879535593Z;-5;Quote;73.05;81;74.65;100
SETZ26;;Market Price;2026-09-04T19:04:44.879535593Z;-5;Quote;73.05;81;74.7;100
SETZ26;;Market Price;2026-09-04T19:04:45.739912789Z;-5;Quote;73.05;4;74.7;100
SETZ26;;Market Price;2026-09-04T19:04:45.739912789Z;-5;Quote;73;36;74.7;100
SETZ26;;Market Price;2026-09-04T19:04:45.938973895Z;-5;Quote;73;100;74.7;100
SETZ26;;Market Price;2026-09-04T19:04:49.974690157Z;-5;Quote;73.05;100;74.7;100
SETZ26;;Market Price;2026-09-04T19:04:50.174080215Z;-5;Quote;73.1;100;74.7;100
SETZ26;;Market Price;2026-09-04T19:05:13.574333993Z;-5;Quote;73.15;100;74.7;100
SETZ26;;Market Price;2026-09-04T19:05:59.294851369Z;-5;Quote;73.1;32;74.7;100
SETZ26;;Market Price;2026-09-04T19:05:59.494232041Z;-5;Quote;73.1;100;74.7;100
SETZ26;;Market Price;2026-09-04T19:05:59.494232041Z;-5;Quote;73.1;100;74.65;100
SETZ26;;Market Price;2026-09-04T19:06:04.494080917Z;-5;Quote;73.1;100;74.7;100
SETZ26;;Market Price;2026-09-04T19:06:05.668969692Z;-5;Quote;73.1;100;74.65;100
SETZ26;;Market Price;2026-09-04T19:09:28.714692528Z;-5;Quote;73.1;32;74.65;100
SETZ26;;Market Price;2026-09-04T19:09:28.714692528Z;-5;Quote;73.05;89;74.65;100
SETZ26;;Market Price;2026-09-04T19:09:28.914629643Z;-5;Quote;73.05;89;74.6;100
SETZ26;;Market Price;2026-09-04T19:09:33.914694413Z;-5;Quote;73.05;89;74.65;100
SETZ26;;Market Price;2026-09-04T19:09:43.374582224Z;-5;Quote;73.05;89;74.6;100
SETZ26;;Market Price;2026-09-04T19:11:26.338953798Z;-5;Quote;73.05;86;74.6;100
SETZ26;;Market Price;2026-09-04T19:11:26.339072816Z;-5;Quote;73.05;60;74.6;100
SETZ26;;Market Price;2026-09-04T19:11:26.339072816Z;-5;Quote;73.05;52;74.6;100
SETZ26;;Market Price;2026-09-04T19:11:26.339072816Z;-5;Quote;73;94;74.6;100
SETZ26;;Market Price;2026-09-04T19:11:26.544439937Z;-5;Quote;73;94;74.55;100
SETZ26;;Market Price;2026-09-04T19:13:17.814210238Z;-5;Quote;73;93;74.55;100
SETZ26;;Market Price;2026-09-04T19:13:17.814210238Z;-5;Quote;73;91;74.55;100
SETZ26;;Market Price;2026-09-04T19:13:17.814210238Z;-5;Quote;73;43;74.55;100
SETZ26;;Market Price;2026-09-04T19:13:17.814210238Z;-5;Quote;73;42;74.55;100
SETZ26;;Market Price;2026-09-04T19:13:17.814210238Z;-5;Quote;72.95;42;74.55;100
SETZ26;;Market Price;2026-09-04T19:13:18.014063241Z;-5;Quote;72.95;42;74.5;100
SETZ26;;Market Price;2026-09-04T19:13:18.014063241Z;-5;Quote;72.95;100;74.5;100
SETZ26;;Market Price;2026-09-04T19:16:08.209025740Z;-5;Quote;72.95;62;74.5;100
SETZ26;;Market Price;2026-09-04T19:16:08.209025740Z;-5;Quote;72.95;58;74.5;100
SETZ26;;Market Price;2026-09-04T19:16:08.209025740Z;-5;Quote;72.9;31;74.5;100
SETZ26;;Market Price;2026-09-04T19:16:08.409342969Z;-5;Quote;72.95;100;74.5;100
SETZ26;;Market Price;2026-09-04T19:16:13.409316806Z;-5;Quote;72.9;29;74.5;100
SETZ26;;Market Price;2026-09-04T19:16:13.609189224Z;-5;Quote;72.9;100;74.5;100
SETZ26;;Market Price;2026-09-04T19:16:17.564271687Z;-5;Quote;72.9;100;74.45;100
SETZ26;;Market Price;2026-09-04T19:16:31.144121530Z;-5;Quote;72.9;99;74.45;100
SETZ26;;Market Price;2026-09-04T19:16:31.144121530Z;-5;Quote;72.9;98;74.45;100
SETZ26;;Market Price;2026-09-04T19:16:31.144121530Z;-5;Quote;72.9;74;74.45;100
SETZ26;;Market Price;2026-09-04T19:16:31.144121530Z;-5;Quote;72.9;3;74.45;100
SETZ26;;Market Price;2026-09-04T19:16:31.144121530Z;-5;Quote;72.85;31;74.45;100
SETZ26;;Market Price;2026-09-04T19:16:31.344954055Z;-5;Quote;72.85;100;74.45;100
SETZ26;;Market Price;2026-09-04T19:16:50.139921465Z;-5;Quote;72.85;100;74.4;100
SETZ26;;Market Price;2026-09-04T19:19:08.774243052Z;-5;Quote;72.85;31;74.4;100
SETZ26;;Market Price;2026-09-04T19:19:08.774243052Z;-5;Quote;72.85;2;74.4;100
SETZ26;;Market Price;2026-09-04T19:19:08.774243052Z;-5;Quote;72.8;31;74.4;100
SETZ26;;Market Price;2026-09-04T19:19:08.974626359Z;-5;Quote;72.8;100;74.4;100
SETZ26;;Market Price;2026-09-04T19:19:10.024123116Z;-5;Quote;72.8;100;74.35;100
SETZ26;;Market Price;2026-09-04T19:19:13.974234895Z;-5;Quote;72.8;74;74.35;100
SETZ26;;Market Price;2026-09-04T19:19:13.974234895Z;-5;Quote;72.8;69;74.35;100
SETZ26;;Market Price;2026-09-04T19:19:13.974234895Z;-5;Quote;72.75;29;74.35;100
SETZ26;;Market Price;2026-09-04T19:19:14.174033179Z;-5;Quote;72.75;100;74.35;100
SETZ26;;Market Price;2026-09-04T19:19:57.094953159Z;-5;Quote;72.75;29;74.35;100
SETZ26;;Market Price;2026-09-04T19:19:57.094953159Z;-5;Quote;72.75;25;74.35;100
SETZ26;;Market Price;2026-09-04T19:19:57.094953159Z;-5;Quote;72.7;31;74.35;100
SETZ26;;Market Price;2026-09-04T19:19:57.294316382Z;-5;Quote;72.7;100;74.35;100
SETZ26;;Market Price;2026-09-04T19:20:13.929806701Z;-5;Quote;72.7;100;74.3;100
SETZ26;;Market Price;2026-09-04T19:20:39.534807403Z;-5;Quote;72.7;100;74.25;100
SETZ26;;Market Price;2026-09-04T19:20:42.054198390Z;-5;Quote;72.75;100;74.25;100
SETZ26;;Market Price;2026-09-04T19:20:44.534956364Z;-5;Quote;72.75;100;74.3;100
SETZ26;;Market Price;2026-09-04T19:21:39.459173338Z;-5;Quote;72.7;29;74.3;100
SETZ26;;Market Price;2026-09-04T19:21:39.459173338Z;-5;Quote;72.7;27;74.3;100
SETZ26;;Market Price;2026-09-04T19:21:39.459173338Z;-5;Quote;72.65;2;74.3;100
SETZ26;;Market Price;2026-09-04T19:21:39.659218635Z;-5;Quote;72.65;100;74.3;100
SETZ26;;Market Price;2026-09-04T19:23:30.329029370Z;-5;Quote;72.65;98;74.3;100
SETZ26;;Market Price;2026-09-04T19:23:30.329029370Z;-5;Quote;72.6;69;74.3;100
SETZ26;;Market Price;2026-09-04T19:23:30.529826794Z;-5;Quote;72.6;100;74.3;100
SETZ26;;Market Price;2026-09-04T19:23:40.329466669Z;-5;Quote;72.6;96;74.3;100
SETZ26;;Market Price;2026-09-04T19:23:40.329466669Z;-5;Quote;72.6;65;74.3;100
SETZ26;;Market Price;2026-09-04T19:23:40.329466669Z;-5;Quote;72.55;74;74.3;100
SETZ26;;Market Price;2026-09-04T19:23:40.529872456Z;-5;Quote;72.55;100;74.3;100
SETZ26;;Market Price;2026-09-04T19:23:50.665455597Z;-5;Quote;72.6;100;74.3;100
SETZ26;;Market Price;2026-09-04T19:24:02.754187852Z;-5;Quote;72.65;100;74.3;100
SETZ26;;Market Price;2026-09-04T19:24:04.674175665Z;-5;Quote;72.65;100;74.25;100
SETZ26;;Market Price;2026-09-04T19:24:30.145192308Z;-5;Quote;72.65;100;74.3;100
SETZ26;;Market Price;2026-09-04T19:24:30.345058300Z;-5;Quote;72.7;100;74.3;100
SETZ26;;Market Price;2026-09-04T19:24:40.014214914Z;-5;Quote;72.7;100;74.35;100
SETZ26;;Market Price;2026-09-04T19:24:40.214060424Z;-5;Quote;72.75;100;74.35;100
SETZ26;;Market Price;2026-09-04T19:24:42.754776358Z;-5;Quote;72.75;100;74.4;100
SETZ26;;Market Price;2026-09-04T19:24:57.859685639Z;-5;Quote;72.7;23;74.4;100
SETZ26;;Market Price;2026-09-04T19:24:58.059057638Z;-5;Quote;72.7;100;74.4;100
SETZ26;;Market Price;2026-09-04T19:25:05.214838444Z;-5;Quote;72.75;100;74.4;100
SETZ26;;Market Price;2026-09-04T19:25:15.214514962Z;-5;Quote;72.8;100;74.4;100
SETZ26;;Market Price;2026-09-04T19:25:20.214649916Z;-5;Quote;72.75;18;74.4;100
SETZ26;;Market Price;2026-09-04T19:25:20.214649916Z;-5;Quote;72.7;5;74.4;100
SETZ26;;Market Price;2026-09-04T19:25:20.414517373Z;-5;Quote;72.7;100;74.4;100
SETZ26;;Market Price;2026-09-04T19:25:33.324546735Z;-5;Quote;72.75;100;74.4;100
SETZ26;;Market Price;2026-09-04T19:25:40.369585530Z;-5;Quote;72.75;100;74.45;100
SETZ26;;Market Price;2026-09-04T19:25:40.584437654Z;-5;Quote;72.85;100;74.45;100
SETZ26;;Market Price;2026-09-04T19:25:44.744414153Z;-5;Quote;72.85;100;74.5;100
SETZ26;;Market Price;2026-09-04T19:25:52.094281168Z;-5;Quote;72.8;23;74.5;100
SETZ26;;Market Price;2026-09-04T19:25:52.299630837Z;-5;Quote;72.8;100;74.5;100
SETZ26;;Market Price;2026-09-04T19:25:56.254485885Z;-5;Quote;72.8;100;74.45;100
SETZ26;;Market Price;2026-09-04T19:26:01.914489353Z;-5;Quote;72.85;100;74.45;100
SETZ26;;Market Price;2026-09-04T19:26:13.508917031Z;-5;Quote;72.8;25;74.45;100
SETZ26;;Market Price;2026-09-04T19:26:13.714584798Z;-5;Quote;72.8;100;74.45;100
SETZ26;;Market Price;2026-09-04T19:26:13.714584798Z;-5;Quote;72.8;100;74.35;100
SETZ26;;Market Price;2026-09-04T19:26:21.329461866Z;-5;Quote;72.8;100;74.4;100
SETZ26;;Market Price;2026-09-04T19:26:21.329461866Z;-5;Quote;72.8;100;74.45;100
SETZ26;;Market Price;2026-09-04T19:26:30.064368038Z;-5;Quote;72.85;100;74.45;100
SETZ26;;Market Price;2026-09-04T19:26:54.134039060Z;-5;Quote;72.85;100;74.4;100
SETZ26;;Market Price;2026-09-04T19:26:58.159021787Z;-5;Quote;72.8;70;74.4;100
SETZ26;;Market Price;2026-09-04T19:26:58.359871808Z;-5;Quote;72.8;70;74.35;100
SETZ26;;Market Price;2026-09-04T19:26:58.359871808Z;-5;Quote;72.8;100;74.35;100
SETZ26;;Market Price;2026-09-04T19:27:20.609002299Z;-5;Quote;72.8;100;74.4;100
SETZ26;;Market Price;2026-09-04T19:27:20.609967509Z;-5;Quote;72.8;100;74.45;100
SETZ26;;Market Price;2026-09-04T19:27:23.689315263Z;-5;Quote;72.8;100;74.4;100
SETZ26;;Market Price;2026-09-04T19:27:25.079019164Z;-5;Quote;72.85;100;74.4;100
SETZ26;;Market Price;2026-09-04T19:27:28.449808008Z;-5;Quote;72.85;100;74.35;100
SETZ26;;Market Price;2026-09-04T19:27:30.079715286Z;-5;Quote;72.8;70;74.35;100
SETZ26;;Market Price;2026-09-04T19:27:30.279060657Z;-5;Quote;72.8;100;74.35;100
SETZ26;;Market Price;2026-09-04T19:27:33.449798443Z;-5;Quote;72.8;100;74.45;100
SETZ26;;Market Price;2026-09-04T19:27:34.824754112Z;-5;Quote;72.8;100;74.35;100
SETZ26;;Market Price;2026-09-04T19:27:41.254676822Z;-5;Quote;72.8;100;74.4;100
SETZ26;;Market Price;2026-09-04T19:27:41.254676822Z;-5;Quote;72.8;100;74.45;100
SETZ26;;Market Price;2026-09-04T19:27:41.454059926Z;-5;Quote;72.9;100;74.45;100
SETZ26;;Market Price;2026-09-04T19:27:45.589023854Z;-5;Quote;72.9;100;74.4;100
SETZ26;;Market Price;2026-09-04T19:27:46.454006825Z;-5;Quote;72.85;62;74.4;100
SETZ26;;Market Price;2026-09-04T19:27:46.654571429Z;-5;Quote;72.85;100;74.4;100
SETZ26;;Market Price;2026-09-04T19:27:51.654734787Z;-5;Quote;72.85;85;74.4;100
SETZ26;;Market Price;2026-09-04T19:27:51.654734787Z;-5;Quote;72.85;38;74.4;100
SETZ26;;Market Price;2026-09-04T19:27:51.654734787Z;-5;Quote;72.8;67;74.4;100
SETZ26;;Market Price;2026-09-04T19:27:51.854180901Z;-5;Quote;72.8;100;74.4;100
SETZ26;;Market Price;2026-09-04T19:28:02.324512098Z;-5;Quote;72.8;100;74.35;100
SETZ26;;Market Price;2026-09-04T19:28:12.094744504Z;-5;Quote;72.8;100;74.4;100
SETZ26;;Market Price;2026-09-04T19:28:12.294634720Z;-5;Quote;72.9;100;74.4;100
SETZ26;;Market Price;2026-09-04T19:28:17.294394338Z;-5;Quote;72.85;14;74.4;100
SETZ26;;Market Price;2026-09-04T19:28:17.494699107Z;-5;Quote;72.85;100;74.4;100
SETZ26;;Market Price;2026-09-04T19:29:05.819232612Z;-5;Quote;72.85;86;74.4;100
SETZ26;;Market Price;2026-09-04T19:29:05.819232612Z;-5;Quote;72.8;19;74.4;100
SETZ26;;Market Price;2026-09-04T19:29:05.819232612Z;-5;Quote;72.8;19;74.45;100
SETZ26;;Market Price;2026-09-04T19:29:06.019498023Z;-5;Quote;72.8;100;74.45;100
SETZ26;;Market Price;2026-09-04T19:29:09.488986938Z;-5;Quote;72.8;100;74.4;100
SETZ26;;Market Price;2026-09-04T19:29:25.484159632Z;-5;Quote;72.85;100;74.4;100
SETZ26;;Market Price;2026-09-04T19:29:29.044080680Z;-5;Quote;72.85;100;74.45;100
SETZ26;;Market Price;2026-09-04T19:29:29.244012501Z;-5;Quote;72.9;100;74.45;100
SETZ26;;Market Price;2026-09-04T19:29:34.243916549Z;-5;Quote;72.85;15;74.45;100
SETZ26;;Market Price;2026-09-04T19:29:34.449262014Z;-5;Quote;72.85;100;74.45;100
SETZ26;;Market Price;2026-09-04T19:29:37.014316091Z;-5;Quote;72.9;100;74.45;100
SETZ26;;Market Price;2026-09-04T19:29:45.604883736Z;-5;Quote;72.85;15;74.45;100
SETZ26;;Market Price;2026-09-04T19:29:45.804196408Z;-5;Quote;72.85;15;74.4;100
SETZ26;;Market Price;2026-09-04T19:29:45.804196408Z;-5;Quote;72.85;100;74.4;100
SETZ26;;Market Price;2026-09-04T19:30:00.694779442Z;-5;Quote;72.85;100;74.45;100
SETZ26;;Market Price;2026-09-04T19:30:18.548945263Z;-5;Quote;72.85;100;74.5;100
SETZ26;;Market Price;2026-09-04T19:30:35.649526921Z;-5;Quote;72.85;100;74.45;100
SETZ26;;Market Price;2026-09-04T19:31:56.194121951Z;-5;Quote;72.9;100;74.45;100
SETZ26;;Market Price;2026-09-04T19:32:18.759006712Z;-5;Quote;72.85;25;74.45;100
SETZ26;;Market Price;2026-09-04T19:32:18.959932830Z;-5;Quote;72.85;100;74.45;100
SETZ26;;Market Price;2026-09-04T19:33:57.458991672Z;-5;Quote;72.85;85;74.45;100
SETZ26;;Market Price;2026-09-04T19:33:57.458991672Z;-5;Quote;72.85;10;74.45;100
SETZ26;;Market Price;2026-09-04T19:33:57.458991672Z;-5;Quote;72.8;19;74.45;100
SETZ26;;Market Price;2026-09-04T19:33:57.679098356Z;-5;Quote;72.85;100;74.45;100
SETZ26;;Market Price;2026-09-04T19:34:03.189361514Z;-5;Quote;72.85;100;74.5;100
SETZ26;;Market Price;2026-09-04T19:34:05.909347067Z;-5;Quote;72.8;19;74.5;100
SETZ26;;Market Price;2026-09-04T19:34:06.114183126Z;-5;Quote;72.8;100;74.5;100
SETZ26;;Market Price;2026-09-04T19:34:12.149186682Z;-5;Quote;72.8;100;74.45;100
SETZ26;;Market Price;2026-09-04T19:34:14.264440832Z;-5;Quote;72.85;100;74.45;100
SETZ26;;Market Price;2026-09-04T19:34:15.254533574Z;-5;Quote;72.85;100;74.4;100
SETZ26;;Market Price;2026-09-04T19:34:15.444413749Z;-5;Quote;72.85;100;74.35;100
SETZ26;;Market Price;2026-09-04T19:34:19.264174802Z;-5;Quote;72.8;9;74.35;100
SETZ26;;Market Price;2026-09-04T19:34:19.264174802Z;-5;Quote;72.8;4;74.35;100
SETZ26;;Market Price;2026-09-04T19:34:19.264174802Z;-5;Quote;;;74.35;100
SETZ26;;Market Price;2026-09-04T19:34:19.464502971Z;-5;Quote;72.65;100;74.35;100
SETZ26;;Market Price;2026-09-04T19:34:22.679566146Z;-5;Quote;72.65;100;74.3;100
SETZ26;;Market Price;2026-09-04T19:34:27.419379184Z;-5;Quote;72.65;100;74.25;100
SETZ26;;Market Price;2026-09-04T19:34:50.729374122Z;-5;Quote;72.65;100;74.3;100
SETZ26;;Market Price;2026-09-04T19:34:56.349046307Z;-5;Quote;72.75;100;74.3;100
SETZ26;;Market Price;2026-09-04T19:35:00.494273616Z;-5;Quote;72.75;100;74.35;100
SETZ26;;Market Price;2026-09-04T19:35:07.194126662Z;-5;Quote;72.7;67;74.35;100
SETZ26;;Market Price;2026-09-04T19:35:07.394016011Z;-5;Quote;72.7;67;74.3;100
SETZ26;;Market Price;2026-09-04T19:35:07.394016011Z;-5;Quote;72.7;100;74.3;100
SETZ26;;Market Price;2026-09-04T19:35:18.134950234Z;-5;Quote;72.7;48;74.3;100
SETZ26;;Market Price;2026-09-04T19:35:18.134950234Z;-5;Quote;72.7;33;74.3;100
SETZ26;;Market Price;2026-09-04T19:35:18.134950234Z;-5;Quote;72.65;72;74.3;100
SETZ26;;Market Price;2026-09-04T19:35:18.339024315Z;-5;Quote;72.65;100;74.3;100
SETZ26;;Market Price;2026-09-04T19:35:18.339024315Z;-5;Quote;72.65;100;74.25;100
SETZ26;;Market Price;2026-09-04T19:35:23.548975622Z;-5;Quote;72.65;100;74.3;100
SETZ26;;Market Price;2026-09-04T19:35:33.284752548Z;-5;Quote;72.7;100;74.3;100
SETZ26;;Market Price;2026-09-04T19:35:33.989013458Z;-5;Quote;72.7;100;74.35;100
SETZ26;;Market Price;2026-09-04T19:35:34.188918664Z;-5;Quote;72.75;100;74.35;100
SETZ26;;Market Price;2026-09-04T19:35:51.234819283Z;-5;Quote;72.7;16;74.35;100
SETZ26;;Market Price;2026-09-04T19:35:51.434712717Z;-5;Quote;72.7;100;74.35;100
SETZ26;;Market Price;2026-09-04T19:35:51.434712717Z;-5;Quote;72.7;100;74.3;100
SETZ26;;Market Price;2026-09-04T19:35:56.433927344Z;-5;Quote;72.7;100;74.35;100
SETZ26;;Market Price;2026-09-04T19:36:21.304615575Z;-5;Quote;72.7;100;74.4;100
SETZ26;;Market Price;2026-09-04T19:36:21.594414855Z;-5;Quote;72.7;100;74.45;100
SETZ26;;Market Price;2026-09-04T19:36:21.594414855Z;-5;Quote;72.7;100;74.5;100
SETZ26;;Market Price;2026-09-04T19:36:34.639116082Z;-5;Quote;72.75;100;74.5;100
SETZ26;;Market Price;2026-09-04T19:36:38.789488041Z;-5;Quote;72.8;100;74.5;100
SETZ26;;Market Price;2026-09-04T19:36:41.829361927Z;-5;Quote;72.8;100;74.4;100
SETZ26;;Market Price;2026-09-04T19:36:46.829526862Z;-5;Quote;72.8;100;74.45;100
SETZ26;;Market Price;2026-09-04T19:36:47.029489151Z;-5;Quote;72.8;100;74.5;100
SETZ26;;Market Price;2026-09-04T19:36:50.054240449Z;-5;Quote;72.8;100;74.55;100
SETZ26;;Market Price;2026-09-04T19:37:08.720336745Z;-5;Quote;72.85;100;74.55;100
SETZ26;;Market Price;2026-09-04T19:37:28.369300284Z;-5;Quote;72.85;100;74.5;100
SETZ26;;Market Price;2026-09-04T19:37:34.089329630Z;-5;Quote;72.9;100;74.5;100
SETZ26;;Market Price;2026-09-04T19:37:40.524432137Z;-5;Quote;72.9;100;74.55;100
SETZ26;;Market Price;2026-09-04T19:37:42.304084609Z;-5;Quote;72.95;100;74.55;100
SETZ26;;Market Price;2026-09-04T19:37:45.004211670Z;-5;Quote;72.95;100;74.6;100
SETZ26;;Market Price;2026-09-04T19:37:45.204076407Z;-5;Quote;73;100;74.6;100
SETZ26;;Market Price;2026-09-04T19:37:50.204178975Z;-5;Quote;72.95;70;74.6;100
SETZ26;;Market Price;2026-09-04T19:37:50.404221120Z;-5;Quote;72.95;100;74.6;100
SETZ26;;Market Price;2026-09-04T19:37:50.584104730Z;-5;Quote;72.95;100;74.55;100
SETZ26;;Market Price;2026-09-04T19:37:55.584045440Z;-5;Quote;72.95;100;74.6;100
SETZ26;;Market Price;2026-09-04T19:38:10.294120205Z;-5;Quote;72.95;100;74.55;100
SETZ26;;Market Price;2026-09-04T19:38:29.280027072Z;-5;Quote;72.95;30;74.55;100
SETZ26;;Market Price;2026-09-04T19:38:29.280027072Z;-5;Quote;72.9;73;74.55;100
SETZ26;;Market Price;2026-09-04T19:38:29.479651580Z;-5;Quote;72.9;100;74.55;100
SETZ26;;Market Price;2026-09-04T19:38:40.394560169Z;-5;Quote;72.9;100;74.5;100
SETZ26;;Market Price;2026-09-04T19:39:26.979251703Z;-5;Quote;72.9;100;74.55;100
SETZ26;;Market Price;2026-09-04T19:39:27.179620063Z;-5;Quote;72.95;100;74.55;100
SETZ26;;Market Price;2026-09-04T19:40:01.044121396Z;-5;Quote;72.9;66;74.55;100
SETZ26;;Market Price;2026-09-04T19:40:01.244353124Z;-5;Quote;72.9;100;74.55;100
SETZ26;;Market Price;2026-09-04T19:40:01.244353124Z;-5;Quote;72.9;100;74.5;100
SETZ26;;Market Price;2026-09-04T19:40:06.774175521Z;-5;Quote;72.9;95;74.5;100
SETZ26;;Market Price;2026-09-04T19:40:06.774175521Z;-5;Quote;72.9;34;74.5;100
SETZ26;;Market Price;2026-09-04T19:40:06.774175521Z;-5;Quote;72.85;72;74.5;100
SETZ26;;Market Price;2026-09-04T19:40:06.974455765Z;-5;Quote;72.9;100;74.5;100
SETZ26;;Market Price;2026-09-04T19:40:34.314140059Z;-5;Quote;72.9;100;74.55;100
SETZ26;;Market Price;2026-09-04T19:40:49.894878968Z;-5;Quote;72.9;100;74.6;100
SETZ26;;Market Price;2026-09-04T19:40:50.094181096Z;-5;Quote;73;100;74.6;100
SETZ26;;Market Price;2026-09-04T19:40:58.604772940Z;-5;Quote;72.95;55;74.6;100
SETZ26;;Market Price;2026-09-04T19:40:58.604772940Z;-5;Quote;72.9;2;74.6;100
SETZ26;;Market Price;2026-09-04T19:40:58.604772940Z;-5;Quote;72.85;5;74.6;100
SETZ26;;Market Price;2026-09-04T19:40:58.804645605Z;-5;Quote;73;100;74.6;100
SETZ26;;Market Price;2026-09-04T19:41:09.209740522Z;-5;Quote;72.95;55;74.6;100
SETZ26;;Market Price;2026-09-04T19:41:09.209740522Z;-5;Quote;72.9;2;74.6;100
SETZ26;;Market Price;2026-09-04T19:41:09.409550425Z;-5;Quote;73;100;74.6;100
SETZ26;;Market Price;2026-09-04T19:41:09.729828727Z;-5;Quote;73.05;100;74.6;100
SETZ26;;Market Price;2026-09-04T19:41:13.169947411Z;-5;Quote;73.1;100;74.6;100
SETZ26;;Market Price;2026-09-04T19:41:18.784918259Z;-5;Quote;73.05;25;74.6;100
SETZ26;;Market Price;2026-09-04T19:41:18.984784665Z;-5;Quote;73.05;100;74.6;100
SETZ26;;Market Price;2026-09-04T19:41:23.209784084Z;-5;Quote;73.05;100;74.65;100
SETZ26;;Market Price;2026-09-04T19:41:23.209784084Z;-5;Quote;73.05;99;74.65;100
SETZ26;;Market Price;2026-09-04T19:41:33.169025940Z;-5;Quote;73.05;25;74.65;100
SETZ26;;Market Price;2026-09-04T19:41:33.169025940Z;-5;Quote;73.05;7;74.65;100
SETZ26;;Market Price;2026-09-04T19:41:33.169025940Z;-5;Quote;73;5;74.65;100
SETZ26;;Market Price;2026-09-04T19:41:33.354434994Z;-5;Quote;73;5;74.6;100
SETZ26;;Market Price;2026-09-04T19:41:33.369402157Z;-5;Quote;73;100;74.6;100
SETZ26;;Market Price;2026-09-04T19:41:44.494912796Z;-5;Quote;73;100;74.65;100
SETZ26;;Market Price;2026-09-04T19:41:48.209718615Z;-5;Quote;73;98;74.65;100
SETZ26;;Market Price;2026-09-04T19:41:48.209718615Z;-5;Quote;73;97;74.65;100
SETZ26;;Market Price;2026-09-04T19:41:48.209718615Z;-5;Quote;73;2;74.65;100
SETZ26;;Market Price;2026-09-04T19:41:48.209718615Z;-5;Quote;72.95;10;74.65;100
SETZ26;;Market Price;2026-09-04T19:41:48.414035942Z;-5;Quote;73;100;74.65;100
SETZ26;;Market Price;2026-09-04T19:42:06.359505565Z;-5;Quote;73;100;74.7;100
SETZ26;;Market Price;2026-09-04T19:42:28.779536803Z;-5;Quote;73.05;100;74.7;100
SETZ26;;Market Price;2026-09-04T19:42:33.804346426Z;-5;Quote;73.05;100;74.65;100
SETZ26;;Market Price;2026-09-04T19:42:36.324338807Z;-5;Quote;73.05;100;74.6;100
SETZ26;;Market Price;2026-09-04T19:42:56.684179097Z;-5;Quote;73.05;100;74.65;100
SETZ26;;Market Price;2026-09-04T19:42:56.884038200Z;-5;Quote;73.1;100;74.65;100
SETZ26;;Market Price;2026-09-04T19:43:03.809059963Z;-5;Quote;73.1;100;74.7;100
SETZ26;;Market Price;2026-09-04T19:43:07.644833419Z;-5;Quote;73.1;100;74.65;100
SETZ26;;Market Price;2026-09-04T19:43:15.084158461Z;-5;Quote;73.1;100;74.7;100
SETZ26;;Market Price;2026-09-04T19:43:19.109899396Z;-5;Quote;73.1;100;74.65;100
SETZ26;;Market Price;2026-09-04T19:43:24.109858149Z;-5;Quote;73.1;100;74.7;100
SETZ26;;Market Price;2026-09-04T19:44:02.704646548Z;-5;Quote;73.1;100;74.65;100
SETZ26;;Market Price;2026-09-04T19:44:17.234563662Z;-5;Quote;73.1;100;74.7;100
SETZ26;;Market Price;2026-09-04T19:44:17.434364883Z;-5;Quote;73.15;100;74.7;100
SETZ26;;Market Price;2026-09-04T19:44:42.664655508Z;-5;Quote;73.15;100;74.75;100
SETZ26;;Market Price;2026-09-04T19:44:43.674657989Z;-5;Quote;73.15;100;74.8;100
SETZ26;;Market Price;2026-09-04T19:44:43.874509175Z;-5;Quote;73.2;100;74.8;100
SETZ26;;Market Price;2026-09-04T19:44:48.344550662Z;-5;Quote;73.2;100;74.75;100
SETZ26;;Market Price;2026-09-04T19:44:53.344471902Z;-5;Quote;73.2;100;74.8;100
SETZ26;;Market Price;2026-09-04T19:44:55.829039058Z;-5;Quote;73.2;100;74.85;100
SETZ26;;Market Price;2026-09-04T19:44:59.674138992Z;-5;Quote;73.2;100;74.8;100
SETZ26;;Market Price;2026-09-04T19:45:04.674457430Z;-5;Quote;73.2;100;74.85;35
SETZ26;;Market Price;2026-09-04T19:45:04.874347164Z;-5;Quote;73.2;100;74.85;100
SETZ26;;Market Price;2026-09-04T19:45:11.624272870Z;-5;Quote;73.2;100;74.85;65
SETZ26;;Market Price;2026-09-04T19:45:11.624272870Z;-5;Quote;73.2;100;74.9;34
SETZ26;;Market Price;2026-09-04T19:45:11.829113078Z;-5;Quote;73.2;100;74.9;94
SETZ26;;Market Price;2026-09-04T19:45:12.674121426Z;-5;Quote;73.2;100;74.9;75
SETZ26;;Market Price;2026-09-04T19:45:13.334139176Z;-5;Quote;73.3;96;74.9;75
SETZ26;;Market Price;2026-09-04T19:45:13.844932476Z;-5;Quote;73.3;96;74.9;50
SETZ26;;Market Price;2026-09-04T19:45:14.264095534Z;-5;Quote;73.3;96;74.9;70
SETZ26;;Market Price;2026-09-04T19:45:14.964351606Z;-5;Quote;73.3;96;74.9;50
SETZ26;;Market Price;2026-09-04T19:45:16.014241048Z;-5;Quote;73.3;96;74.9;34
SETZ26;;Market Price;2026-09-04T19:45:16.014241048Z;-5;Quote;73.3;96;;
SETZ26;;Market Price;2026-09-04T19:45:16.149162197Z;-5;Quote;73.3;86;;
SETZ26;;Market Price;2026-09-04T19:45:16.214143432Z;-5;Quote;73.3;86;75.1;30
SETZ26;;Market Price;2026-09-04T19:45:16.214143432Z;-5;Quote;73.3;86;75;34
SETZ26;;Market Price;2026-09-04T19:45:16.514408741Z;-5;Quote;73.3;86;74.95;36
SETZ26;;Market Price;2026-09-04T19:45:19.994308705Z;-5;Quote;73.4;100;74.95;36
SETZ26;;Market Price;2026-09-04T19:45:21.514146248Z;-5;Quote;73.4;100;75.1;30
SETZ26;;Market Price;2026-09-04T19:45:21.718994375Z;-5;Quote;73.4;100;75;46
SETZ26;;Market Price;2026-09-04T19:45:24.994219055Z;-5;Quote;73.35;62;75;46
SETZ26;;Market Price;2026-09-04T19:45:25.194116990Z;-5;Quote;73.3;2;75;46
SETZ26;;Market Price;2026-09-04T19:45:25.194116990Z;-5;Quote;73.3;38;75;46
SETZ26;;Market Price;2026-09-04T19:45:25.399541282Z;-5;Quote;73.3;100;75;46
SETZ26;;Market Price;2026-09-04T19:45:26.914316486Z;-5;Quote;73.3;100;75;79
SETZ26;;Market Price;2026-09-04T19:45:33.954241373Z;-5;Quote;73.3;100;74.9;81
SETZ26;;Market Price;2026-09-04T19:45:45.849413980Z;-5;Quote;73.3;100;74.9;80
SETZ26;;Market Price;2026-09-04T19:45:52.224256580Z;-5;Quote;73.3;100;74.9;70
SETZ26;;Market Price;2026-09-04T19:45:56.629874769Z;-5;Quote;73.3;100;75;23
SETZ26;;Market Price;2026-09-04T19:45:56.834926203Z;-5;Quote;73.3;100;75;98
SETZ26;;Market Price;2026-09-04T19:45:56.834926203Z;-5;Quote;73.35;100;75;98
SETZ26;;Market Price;2026-09-04T19:45:58.209411856Z;-5;Quote;73.35;100;75;97
SETZ26;;Market Price;2026-09-04T19:46:06.239694669Z;-5;Quote;73.35;100;75;94
SETZ26;;Market Price;2026-09-04T19:46:20.139858419Z;-5;Quote;73.35;100;74.95;100
SETZ26;;Market Price;2026-09-04T19:46:34.849636382Z;-5;Quote;73.3;63;74.95;100
SETZ26;;Market Price;2026-09-04T19:46:35.049471916Z;-5;Quote;73.3;100;74.95;100
SETZ26;;Market Price;2026-09-04T19:46:43.149705111Z;-5;Quote;73.3;100;74.9;100
SETZ26;;Market Price;2026-09-04T19:46:44.849437606Z;-5;Quote;73.3;100;74.9;81
SETZ26;;Market Price;2026-09-04T19:46:48.149711556Z;-5;Quote;73.3;100;75;30
SETZ26;;Market Price;2026-09-04T19:46:48.349551951Z;-5;Quote;73.3;100;74.95;81
SETZ26;;Market Price;2026-09-04T19:46:51.609648015Z;-5;Quote;73.3;100;74.9;81
SETZ26;;Market Price;2026-09-04T19:46:51.784516301Z;-5;Quote;73.3;100;74.9;80
SETZ26;;Market Price;2026-09-04T19:46:56.609858972Z;-5;Quote;73.3;100;75;30
SETZ26;;Market Price;2026-09-04T19:46:56.809744820Z;-5;Quote;73.3;100;74.95;80
SETZ26;;Market Price;2026-09-04T19:47:01.494681686Z;-5;Quote;73.3;100;74.95;66
SETZ26;;Market Price;2026-09-04T19:47:01.694524164Z;-5;Quote;73.4;100;74.95;66
SETZ26;;Market Price;2026-09-04T19:47:01.809646981Z;-5;Quote;73.4;100;75;30
SETZ26;;Market Price;2026-09-04T19:47:02.009478646Z;-5;Quote;73.4;100;75;96
SETZ26;;Market Price;2026-09-04T19:47:04.004412618Z;-5;Quote;73.4;100;75;95
SETZ26;;Market Price;2026-09-04T19:47:13.414451254Z;-5;Quote;73.4;100;75;70
SETZ26;;Market Price;2026-09-04T19:47:13.714367631Z;-5;Quote;73.4;100;75;69
SETZ26;;Market Price;2026-09-04T19:47:21.879329042Z;-5;Quote;73.4;100;75;100
SETZ26;;Market Price;2026-09-04T19:47:21.959269350Z;-5;Quote;73.45;100;75;100
SETZ26;;Market Price;2026-09-04T19:47:23.359657840Z;-5;Quote;73.45;100;74.95;100
SETZ26;;Market Price;2026-09-04T19:47:25.334627447Z;-5;Quote;73.45;100;74.9;100
SETZ26;;Market Price;2026-09-04T19:47:26.959292879Z;-5;Quote;73.4;96;74.9;100
SETZ26;;Market Price;2026-09-04T19:47:27.174008047Z;-5;Quote;73.4;96;74.85;100
SETZ26;;Market Price;2026-09-04T19:47:30.189469796Z;-5;Quote;73.4;34;74.85;100
SETZ26;;Market Price;2026-09-04T19:47:30.189469796Z;-5;Quote;73.35;98;74.85;100
SETZ26;;Market Price;2026-09-04T19:47:32.159178049Z;-5;Quote;73.35;96;74.85;100
SETZ26;;Market Price;2026-09-04T19:47:32.159178049Z;-5;Quote;73.3;100;74.85;100
SETZ26;;Market Price;2026-09-04T19:47:34.214177598Z;-5;Quote;73.3;100;74.9;81
SETZ26;;Market Price;2026-09-04T19:47:34.414508156Z;-5;Quote;73.35;100;74.9;81
SETZ26;;Market Price;2026-09-04T19:47:38.519742668Z;-5;Quote;73.35;100;74.95;80
SETZ26;;Market Price;2026-09-04T19:47:43.614426137Z;-5;Quote;73.4;100;74.95;80
SETZ26;;Market Price;2026-09-04T19:47:48.874286572Z;-5;Quote;73.4;100;75;66
SETZ26;;Market Price;2026-09-04T19:47:51.339492896Z;-5;Quote;73.45;100;75;66
SETZ26;;Market Price;2026-09-04T19:47:54.629377192Z;-5;Quote;73.45;100;75;48
SETZ26;;Market Price;2026-09-04T19:47:54.629377192Z;-5;Quote;73.45;100;75.1;3
SETZ26;;Market Price;2026-09-04T19:47:54.629377192Z;-5;Quote;73.45;100;75.1;2
SETZ26;;Market Price;2026-09-04T19:47:54.629377192Z;-5;Quote;73.45;100;;
SETZ26;;Market Price;2026-09-04T19:47:54.828989419Z;-5;Quote;73.5;100;;
SETZ26;;Market Price;2026-09-04T19:47:54.828989419Z;-5;Quote;73.5;100;75.6;38
SETZ26;;Market Price;2026-09-04T19:47:54.828989419Z;-5;Quote;73.5;100;75.55;100
SETZ26;;Market Price;2026-09-04T19:47:55.659089532Z;-5;Quote;73.5;100;75.45;100
SETZ26;;Market Price;2026-09-04T19:47:57.124448137Z;-5;Quote;73.5;100;75.4;100
SETZ26;;Market Price;2026-09-04T19:47:59.529967140Z;-5;Quote;73.5;100;75.35;100
SETZ26;;Market Price;2026-09-04T19:48:01.224140529Z;-5;Quote;73.5;100;75.3;100
SETZ26;;Market Price;2026-09-04T19:48:04.554302411Z;-5;Quote;73.5;100;75.3;92
SETZ26;;Market Price;2026-09-04T19:48:05.489087243Z;-5;Quote;73.5;100;75.3;91
SETZ26;;Market Price;2026-09-04T19:48:06.223989168Z;-5;Quote;73.5;100;75.35;6
SETZ26;;Market Price;2026-09-04T19:48:06.223989168Z;-5;Quote;73.5;100;75.4;29
SETZ26;;Market Price;2026-09-04T19:48:06.424333635Z;-5;Quote;73.5;100;75.4;96
SETZ26;;Market Price;2026-09-04T19:48:07.414336031Z;-5;Quote;73.5;100;75.35;98
SETZ26;;Market Price;2026-09-04T19:48:08.379337746Z;-5;Quote;73.45;100;75.35;98
SETZ26;;Market Price;2026-09-04T19:48:08.379337746Z;-5;Quote;73.4;2;75.35;98
SETZ26;;Market Price;2026-09-04T19:48:08.579172769Z;-5;Quote;73.4;100;75.35;98
SETZ26;;Market Price;2026-09-04T19:48:09.093962450Z;-5;Quote;73.4;100;75.3;87
SETZ26;;Market Price;2026-09-04T19:48:10.008995042Z;-5;Quote;73.4;100;75.3;73
SETZ26;;Market Price;2026-09-04T19:48:11.814677360Z;-5;Quote;73.4;100;75.25;73
SETZ26;;Market Price;2026-09-04T19:48:13.044013093Z;-5;Quote;73.4;100;75.25;100
SETZ26;;Market Price;2026-09-04T19:48:13.454215205Z;-5;Quote;73.4;100;75.2;100
SETZ26;;Market Price;2026-09-04T19:48:14.479216639Z;-5;Quote;73.4;100;75.2;91
SETZ26;;Market Price;2026-09-04T19:48:15.979958932Z;-5;Quote;73.4;100;75.05;99
SETZ26;;Market Price;2026-09-04T19:48:16.909172109Z;-5;Quote;73.4;100;75.05;98
SETZ26;;Market Price;2026-09-04T19:48:18.389116166Z;-5;Quote;73.4;2;75.05;98
SETZ26;;Market Price;2026-09-04T19:48:18.389116166Z;-5;Quote;73.35;100;75.05;98
SETZ26;;Market Price;2026-09-04T19:48:18.729341168Z;-5;Quote;73.35;100;74.9;94
SETZ26;;Market Price;2026-09-04T19:48:19.619135437Z;-5;Quote;73.35;100;74.9;83
SETZ26;;Market Price;2026-09-04T19:48:20.914238979Z;-5;Quote;73.35;98;74.9;83
SETZ26;;Market Price;2026-09-04T19:48:20.914238979Z;-5;Quote;73.3;100;74.9;83
SETZ26;;Market Price;2026-09-04T19:48:21.114020339Z;-5;Quote;73.3;100;74.85;100
SETZ26;;Market Price;2026-09-04T19:48:25.699986774Z;-5;Quote;73.3;100;74.85;77
SETZ26;;Market Price;2026-09-04T19:48:25.899049021Z;-5;Quote;73.35;100;74.85;77
SETZ26;;Market Price;2026-09-04T19:48:26.114345879Z;-5;Quote;73.35;100;75.15;3
SETZ26;;Market Price;2026-09-04T19:48:26.314189198Z;-5;Quote;73.35;100;75.15;100
SETZ26;;Market Price;2026-09-04T19:48:28.483999695Z;-5;Quote;73.35;100;75.1;98
SETZ26;;Market Price;2026-09-04T19:48:28.659261387Z;-5;Quote;73.35;100;75.1;97
SETZ26;;Market Price;2026-09-04T19:48:42.124850145Z;-5;Quote;73.35;100;75.15;81
SETZ26;;Market Price;2026-09-04T19:48:42.124850145Z;-5;Quote;73.35;100;;
SETZ26;;Market Price;2026-09-04T19:48:42.329192427Z;-5;Quote;73.35;100;75.3;100
SETZ26;;Market Price;2026-09-04T19:48:45.544956921Z;-5;Quote;73.35;90;75.3;100
SETZ26;;Market Price;2026-09-04T19:48:49.453997997Z;-5;Quote;73.4;100;75.3;100
SETZ26;;Market Price;2026-09-04T19:48:54.464913560Z;-5;Quote;73.4;100;75.25;100
SETZ26;;Market Price;2026-09-04T19:48:57.139715350Z;-5;Quote;73.4;100;75.2;29
SETZ26;;Market Price;2026-09-04T19:48:57.194666269Z;-5;Quote;73.4;100;75.15;100
SETZ26;;Market Price;2026-09-04T19:49:06.139842679Z;-5;Quote;73.45;100;75.15;100
SETZ26;;Market Price;2026-09-04T19:49:06.544072057Z;-5;Quote;73.45;100;75.2;100
SETZ26;;Market Price;2026-09-04T19:49:06.909024353Z;-5;Quote;73.45;100;75.15;100
SETZ26;;Market Price;2026-09-04T19:49:11.909633434Z;-5;Quote;73.45;100;75.2;100
SETZ26;;Market Price;2026-09-04T19:49:13.274437240Z;-5;Quote;73.45;100;75.15;100
SETZ26;;Market Price;2026-09-04T19:49:17.159945741Z;-5;Quote;73.65;100;75.15;100
SETZ26;;Market Price;2026-09-04T19:49:26.724706374Z;-5;Quote;73.6;87;75.15;100
SETZ26;;Market Price;2026-09-04T19:49:26.724706374Z;-5;Quote;73.45;2;75.15;100
SETZ26;;Market Price;2026-09-04T19:49:26.924652921Z;-5;Quote;73.45;100;75.15;100
SETZ26;;Market Price;2026-09-04T19:49:29.089669930Z;-5;Quote;73.55;100;75.15;100
SETZ26;;Market Price;2026-09-04T19:49:38.789949241Z;-5;Quote;73.55;100;75.05;100
SETZ26;;Market Price;2026-09-04T19:49:39.443990279Z;-5;Quote;73.7;100;75.05;100
SETZ26;;Market Price;2026-09-04T19:49:43.789585534Z;-5;Quote;73.7;100;75.1;100
SETZ26;;Market Price;2026-09-04T19:49:43.989088988Z;-5;Quote;73.7;100;75.15;88
SETZ26;;Market Price;2026-09-04T19:49:43.989088988Z;-5;Quote;73.7;100;75.2;100
SETZ26;;Market Price;2026-09-04T19:49:44.444441900Z;-5;Quote;73.65;85;75.2;100
SETZ26;;Market Price;2026-09-04T19:49:44.644284095Z;-5;Quote;73.55;2;75.2;100
SETZ26;;Market Price;2026-09-04T19:49:44.844641956Z;-5;Quote;73.55;100;75.2;100
SETZ26;;Market Price;2026-09-04T19:49:46.895449939Z;-5;Quote;73.55;100;75.15;100
SETZ26;;Market Price;2026-09-04T19:49:50.974225013Z;-5;Quote;73.55;98;75.15;100
SETZ26;;Market Price;2026-09-04T19:49:50.974225013Z;-5;Quote;73.5;3;75.15;100
SETZ26;;Market Price;2026-09-04T19:49:50.974225013Z;-5;Quote;73.45;6;75.15;100
SETZ26;;Market Price;2026-09-04T19:49:51.179617167Z;-5;Quote;73.45;100;75.15;100
SETZ26;;Market Price;2026-09-04T19:49:52.229315557Z;-5;Quote;73.55;100;75.15;100
SETZ26;;Market Price;2026-09-04T19:49:52.534124644Z;-5;Quote;73.55;100;75.05;100
SETZ26;;Market Price;2026-09-04T19:49:53.899248418Z;-5;Quote;73.6;100;75.05;100
SETZ26;;Market Price;2026-09-04T19:49:57.534009196Z;-5;Quote;73.6;100;75.1;100
SETZ26;;Market Price;2026-09-04T19:49:57.734869657Z;-5;Quote;73.6;100;75.15;100
SETZ26;;Market Price;2026-09-04T19:50:00.123671329Z;-5;Quote;73.6;100;75.2;100
SETZ26;;Market Price;2026-09-04T19:50:00.844460469Z;-5;Quote;73.55;90;75.2;100
SETZ26;;Market Price;2026-09-04T19:50:00.844460469Z;-5;Quote;;;75.2;100
SETZ26;;Market Price;2026-09-04T19:50:01.044504354Z;-5;Quote;73.4;100;75.2;100
SETZ26;;Market Price;2026-09-04T19:50:02.934294333Z;-5;Quote;73.4;100;75.2;13
SETZ26;;Market Price;2026-09-04T19:50:02.934294333Z;-5;Quote;73.4;100;75.25;87
SETZ26;;Market Price;2026-09-04T19:50:03.694226308Z;-5;Quote;73.4;100;75.2;100
SETZ26;;Market Price;2026-09-04T19:50:03.869601662Z;-5;Quote;73.45;100;75.2;100
SETZ26;;Market Price;2026-09-04T19:50:07.289652316Z;-5;Quote;73.45;100;75.15;100
SETZ26;;Market Price;2026-09-04T19:50:08.869206893Z;-5;Quote;73.4;100;75.15;100
SETZ26;;Market Price;2026-09-04T19:50:12.109620755Z;-5;Quote;73.35;100;75.15;100
SETZ26;;Market Price;2026-09-04T19:50:12.364552417Z;-5;Quote;73.35;100;75.05;100
SETZ26;;Market Price;2026-09-04T19:50:12.904155701Z;-5;Quote;73.35;100;74.9;100
SETZ26;;Market Price;2026-09-04T19:50:15.469292029Z;-5;Quote;73.35;82;74.9;100
SETZ26;;Market Price;2026-09-04T19:50:15.469292029Z;-5;Quote;73.3;100;74.9;100
SETZ26;;Market Price;2026-09-04T19:50:17.599712060Z;-5;Quote;73.3;100;74.85;100
SETZ26;;Market Price;2026-09-04T19:50:21.379409299Z;-5;Quote;73.3;84;74.85;100
SETZ26;;Market Price;2026-09-04T19:50:21.379409299Z;-5;Quote;73.25;91;74.85;100
SETZ26;;Market Price;2026-09-04T19:50:21.379409299Z;-5;Quote;;;74.85;100
SETZ26;;Market Price;2026-09-04T19:50:21.579331355Z;-5;Quote;73.3;100;74.85;100
SETZ26;;Market Price;2026-09-04T19:50:23.279377810Z;-5;Quote;73.3;100;74.9;100
SETZ26;;Market Price;2026-09-04T19:50:23.279377810Z;-5;Quote;73.3;100;74.95;100
SETZ26;;Market Price;2026-09-04T19:50:23.279377810Z;-5;Quote;73.3;100;75;78
SETZ26;;Market Price;2026-09-04T19:50:23.484219464Z;-5;Quote;73.35;100;75;78
SETZ26;;Market Price;2026-09-04T19:50:28.484520514Z;-5;Quote;73.3;100;75;78
SETZ26;;Market Price;2026-09-04T19:50:29.519826975Z;-5;Quote;73.3;100;74.95;100
SETZ26;;Market Price;2026-09-04T19:50:31.564432365Z;-5;Quote;73.25;79;74.95;100
SETZ26;;Market Price;2026-09-04T19:50:31.764350914Z;-5;Quote;73.3;100;74.95;100
SETZ26;;Market Price;2026-09-04T19:50:31.814079700Z;-5;Quote;73.3;100;74.9;100
SETZ26;;Market Price;2026-09-04T19:50:40.784203956Z;-5;Quote;73.3;100;75;78
SETZ26;;Market Price;2026-09-04T19:50:40.784203956Z;-5;Quote;73.3;100;75.05;28
SETZ26;;Market Price;2026-09-04T19:50:40.784203956Z;-5;Quote;73.3;100;;
SETZ26;;Market Price;2026-09-04T19:50:40.984128784Z;-5;Quote;73.3;100;75.2;100
SETZ26;;Market Price;2026-09-04T19:50:40.984128784Z;-5;Quote;73.4;100;75.2;100
SETZ26;;Market Price;2026-09-04T19:50:41.735228638Z;-5;Quote;73.4;100;74.85;100
SETZ26;;Market Price;2026-09-04T19:50:42.539318896Z;-5;Quote;73.4;100;74.8;100
SETZ26;;Market Price;2026-09-04T19:50:45.984000490Z;-5;Quote;73.35;100;74.8;100
SETZ26;;Market Price;2026-09-04T19:50:46.184380610Z;-5;Quote;73.2;3;74.8;100
SETZ26;;Market Price;2026-09-04T19:50:46.184380610Z;-5;Quote;73.1;71;74.8;100
SETZ26;;Market Price;2026-09-04T19:50:46.389248455Z;-5;Quote;73.15;100;74.8;100
SETZ26;;Market Price;2026-09-04T19:50:47.539691620Z;-5;Quote;73.15;100;74.85;100
SETZ26;;Market Price;2026-09-04T19:50:55.949063298Z;-5;Quote;73.15;100;74.8;100
SETZ26;;Market Price;2026-09-04T19:51:00.115160730Z;-5;Quote;73.15;100;74.75;100
SETZ26;;Market Price;2026-09-04T19:51:00.348980437Z;-5;Quote;73.2;100;74.75;100
SETZ26;;Market Price;2026-09-04T19:51:00.574403533Z;-5;Quote;73.2;100;74.7;100
SETZ26;;Market Price;2026-09-04T19:51:07.939453225Z;-5;Quote;73.15;100;74.7;100
SETZ26;;Market Price;2026-09-04T19:51:08.139808268Z;-5;Quote;73.15;100;74.65;100
SETZ26;;Market Price;2026-09-04T19:51:08.944523249Z;-5;Quote;73.1;100;74.65;100
SETZ26;;Market Price;2026-09-04T19:51:09.144958079Z;-5;Quote;73.1;100;74.6;100
SETZ26;;Market Price;2026-09-04T19:51:13.724973675Z;-5;Quote;73.1;69;74.6;100
SETZ26;;Market Price;2026-09-04T19:51:13.724973675Z;-5;Quote;73.05;100;74.6;100
SETZ26;;Market Price;2026-09-04T19:51:13.924173718Z;-5;Quote;73.05;100;74.55;100
SETZ26;;Market Price;2026-09-04T19:51:19.394998566Z;-5;Quote;73.05;100;74.6;82
SETZ26;;Market Price;2026-09-04T19:51:19.594219787Z;-5;Quote;73.1;100;74.6;82
SETZ26;;Market Price;2026-09-04T19:51:23.869123759Z;-5;Quote;73.1;100;74.55;100
SETZ26;;Market Price;2026-09-04T19:51:24.574936767Z;-5;Quote;73.1;100;74.55;58
SETZ26;;Market Price;2026-09-04T19:51:24.594922337Z;-5;Quote;73.05;100;74.55;58
SETZ26;;Market Price;2026-09-04T19:51:28.869939145Z;-5;Quote;73.05;100;74.6;48
SETZ26;;Market Price;2026-09-04T19:51:29.074822743Z;-5;Quote;73.05;100;74.6;100
SETZ26;;Market Price;2026-09-04T19:51:34.075078843Z;-5;Quote;73.05;100;74.6;85
SETZ26;;Market Price;2026-09-04T19:51:34.075078843Z;-5;Quote;73.05;100;74.6;33
SETZ26;;Market Price;2026-09-04T19:51:34.075078843Z;-5;Quote;73.05;100;74.65;60
SETZ26;;Market Price;2026-09-04T19:51:34.274423553Z;-5;Quote;73.05;100;74.65;100
SETZ26;;Market Price;2026-09-04T19:51:36.539259820Z;-5;Quote;73.15;100;74.65;100
SETZ26;;Market Price;2026-09-04T19:51:43.654765901Z;-5;Quote;73.1;100;74.65;100
SETZ26;;Market Price;2026-09-04T19:51:43.654765901Z;-5;Quote;73.05;34;74.65;100
SETZ26;;Market Price;2026-09-04T19:51:43.854704456Z;-5;Quote;73.05;100;74.65;100
SETZ26;;Market Price;2026-09-04T19:51:43.854704456Z;-5;Quote;73.05;100;74.6;100
SETZ26;;Market Price;2026-09-04T19:51:51.169750182Z;-5;Quote;73.1;100;74.6;100
SETZ26;;Market Price;2026-09-04T19:51:52.354661179Z;-5;Quote;73.1;100;74.65;65
SETZ26;;Market Price;2026-09-04T19:51:52.554605555Z;-5;Quote;73.1;100;74.65;100
SETZ26;;Market Price;2026-09-04T19:52:02.114697342Z;-5;Quote;73.1;100;74.65;98
SETZ26;;Market Price;2026-09-04T19:52:02.114697342Z;-5;Quote;73.1;100;74.65;95
SETZ26;;Market Price;2026-09-04T19:52:02.114697342Z;-5;Quote;73.1;100;74.65;60
SETZ26;;Market Price;2026-09-04T19:52:02.114697342Z;-5;Quote;73.1;100;74.65;55
SETZ26;;Market Price;2026-09-04T19:52:02.114697342Z;-5;Quote;73.1;100;74.65;52
SETZ26;;Market Price;2026-09-04T19:52:02.114697342Z;-5;Quote;73.1;100;74.75;51
SETZ26;;Market Price;2026-09-04T19:52:02.114697342Z;-5;Quote;73.1;100;;
SETZ26;;Market Price;2026-09-04T19:52:02.314664395Z;-5;Quote;73.15;100;;
SETZ26;;Market Price;2026-09-04T19:52:02.319112566Z;-5;Quote;73.15;100;74.8;100
SETZ26;;Market Price;2026-09-04T19:52:07.504746108Z;-5;Quote;73.15;100;74.65;100
SETZ26;;Market Price;2026-09-04T19:52:24.784610315Z;-5;Quote;73.15;100;74.7;70
SETZ26;;Market Price;2026-09-04T19:52:24.784610315Z;-5;Quote;73.15;100;74.8;22
SETZ26;;Market Price;2026-09-04T19:52:24.784610315Z;-5;Quote;73.15;100;;
SETZ26;;Market Price;2026-09-04T19:52:24.983960802Z;-5;Quote;73.15;100;74.9;100
SETZ26;;Market Price;2026-09-04T19:52:26.739463862Z;-5;Quote;73.1;100;74.9;100
SETZ26;;Market Price;2026-09-04T19:52:27.289712337Z;-5;Quote;73.2;100;74.9;100
SETZ26;;Market Price;2026-09-04T19:52:32.289431261Z;-5;Quote;73.15;100;74.9;100
SETZ26;;Market Price;2026-09-04T19:52:32.489389535Z;-5;Quote;73.1;12;74.9;100
SETZ26;;Market Price;2026-09-04T19:52:32.689358959Z;-5;Quote;73.1;100;74.9;100
SETZ26;;Market Price;2026-09-04T19:52:36.344526324Z;-5;Quote;73.3;100;74.9;100
SETZ26;;Market Price;2026-09-04T19:52:48.819649706Z;-5;Quote;73.3;100;74.85;100
SETZ26;;Market Price;2026-09-04T19:53:03.384465460Z;-5;Quote;73.3;100;74.8;100
SETZ26;;Market Price;2026-09-04T19:53:46.275025159Z;-5;Quote;73.3;100;74.85;100
SETZ26;;Market Price;2026-09-04T19:53:54.884923007Z;-5;Quote;73.25;81;74.85;100
SETZ26;;Market Price;2026-09-04T19:53:54.884923007Z;-5;Quote;;;74.85;100
SETZ26;;Market Price;2026-09-04T19:53:55.089815194Z;-5;Quote;;;74.75;100
SETZ26;;Market Price;2026-09-04T19:53:55.089815194Z;-5;Quote;73.1;100;74.75;100
SETZ26;;Market Price;2026-09-04T19:53:58.583983908Z;-5;Quote;73.1;100;74.7;100
SETZ26;;Market Price;2026-09-04T19:53:59.718962991Z;-5;Quote;73.25;100;74.7;100
SETZ26;;Market Price;2026-09-04T19:54:03.584819447Z;-5;Quote;73.25;100;74.75;100
SETZ26;;Market Price;2026-09-04T19:54:03.584819447Z;-5;Quote;73.25;100;74.8;54
SETZ26;;Market Price;2026-09-04T19:54:03.584819447Z;-5;Quote;73.25;100;;
SETZ26;;Market Price;2026-09-04T19:54:03.784167761Z;-5;Quote;73.25;100;74.9;100
SETZ26;;Market Price;2026-09-04T19:54:06.204746843Z;-5;Quote;73.3;100;74.9;100
SETZ26;;Market Price;2026-09-04T19:54:12.399030344Z;-5;Quote;73.35;100;74.9;100
SETZ26;;Market Price;2026-09-04T19:54:14.779014966Z;-5;Quote;73.35;100;74.85;100
SETZ26;;Market Price;2026-09-04T19:54:17.399830311Z;-5;Quote;73.3;100;74.85;100
SETZ26;;Market Price;2026-09-04T19:54:19.779797366Z;-5;Quote;73.3;100;74.9;100
SETZ26;;Market Price;2026-09-04T19:54:19.814771330Z;-5;Quote;73.4;100;74.9;100
SETZ26;;Market Price;2026-09-04T19:54:21.199058005Z;-5;Quote;73.4;100;74.85;100
SETZ26;;Market Price;2026-09-04T19:54:22.559968565Z;-5;Quote;73.4;100;74.8;100
SETZ26;;Market Price;2026-09-04T19:54:24.814657005Z;-5;Quote;73.35;97;74.8;100
SETZ26;;Market Price;2026-09-04T19:54:25.014975754Z;-5;Quote;73.3;3;74.8;100
SETZ26;;Market Price;2026-09-04T19:54:25.219014354Z;-5;Quote;73.3;100;74.8;100
SETZ26;;Market Price;2026-09-04T19:54:40.629595647Z;-5;Quote;73.3;97;74.8;100
SETZ26;;Market Price;2026-09-04T19:54:40.629595647Z;-5;Quote;73.2;2;74.8;100
SETZ26;;Market Price;2026-09-04T19:54:40.834931126Z;-5;Quote;73.2;100;74.8;100
SETZ26;;Market Price;2026-09-04T19:54:42.799807441Z;-5;Quote;73.2;100;74.75;100
SETZ26;;Market Price;2026-09-04T19:54:45.834624718Z;-5;Quote;73.2;99;74.75;100
SETZ26;;Market Price;2026-09-04T19:54:45.834624718Z;-5;Quote;73.2;98;74.75;100
SETZ26;;Market Price;2026-09-04T19:54:45.834624718Z;-5;Quote;73.15;100;74.75;100
SETZ26;;Market Price;2026-09-04T19:54:48.228944779Z;-5;Quote;73.1;98;74.75;100
SETZ26;;Market Price;2026-09-04T19:54:51.034803669Z;-5;Quote;73.1;50;74.75;100
SETZ26;;Market Price;2026-09-04T19:54:51.034803669Z;-5;Quote;73.05;85;74.75;100
SETZ26;;Market Price;2026-09-04T19:54:55.319600995Z;-5;Quote;73.05;85;74.8;100
SETZ26;;Market Price;2026-09-04T19:55:00.423818651Z;-5;Quote;73.05;85;74.75;100
SETZ26;;Market Price;2026-09-04T19:55:02.244524863Z;-5;Quote;73.1;100;74.75;100
SETZ26;;Market Price;2026-09-04T19:55:02.799204953Z;-5;Quote;73.15;100;74.75;100
SETZ26;;Market Price;2026-09-04T19:55:03.669406758Z;-5;Quote;73.15;100;74.7;100
SETZ26;;Market Price;2026-09-04T19:55:05.864165818Z;-5;Quote;73.15;100;74.65;100
SETZ26;;Market Price;2026-09-04T19:55:06.104442354Z;-5;Quote;73.15;100;74.55;100
SETZ26;;Market Price;2026-09-04T19:55:07.259280310Z;-5;Quote;73.15;100;74.5;100
SETZ26;;Market Price;2026-09-04T19:55:07.599450039Z;-5;Quote;73.15;100;74.45;100
SETZ26;;Market Price;2026-09-04T19:55:07.799671338Z;-5;Quote;73.05;17;74.45;100
SETZ26;;Market Price;2026-09-04T19:55:07.999476560Z;-5;Quote;73.05;100;74.45;100
SETZ26;;Market Price;2026-09-04T19:55:12.998965112Z;-5;Quote;73.05;87;74.45;100
SETZ26;;Market Price;2026-09-04T19:55:12.998965112Z;-5;Quote;73.05;4;74.45;100
SETZ26;;Market Price;2026-09-04T19:55:12.998965112Z;-5;Quote;73;42;74.45;100
SETZ26;;Market Price;2026-09-04T19:55:13.199735512Z;-5;Quote;;;74.45;100
SETZ26;;Market Price;2026-09-04T19:55:13.399650873Z;-5;Quote;72.9;100;74.45;100
SETZ26;;Market Price;2026-09-04T19:55:17.464551994Z;-5;Quote;72.9;100;74.4;100
SETZ26;;Market Price;2026-09-04T19:55:19.449520867Z;-5;Quote;72.8;1;74.4;100
SETZ26;;Market Price;2026-09-04T19:55:19.649352594Z;-5;Quote;72.8;1;74.35;100
SETZ26;;Market Price;2026-09-04T19:55:19.649352594Z;-5;Quote;72.8;100;74.35;100
SETZ26;;Market Price;2026-09-04T19:55:22.409641439Z;-5;Quote;72.8;100;74.3;100
SETZ26;;Market Price;2026-09-04T19:55:24.649565401Z;-5;Quote;72.8;99;74.3;100
SETZ26;;Market Price;2026-09-04T19:55:24.649565401Z;-5;Quote;72.75;50;74.3;100
SETZ26;;Market Price;2026-09-04T19:55:24.849416967Z;-5;Quote;72.7;2;74.3;100
SETZ26;;Market Price;2026-09-04T19:55:24.849416967Z;-5;Quote;72.7;100;74.3;100
SETZ26;;Market Price;2026-09-04T19:55:26.364484817Z;-5;Quote;72.75;100;74.3;100
SETZ26;;Market Price;2026-09-04T19:55:26.764598478Z;-5;Quote;72.75;100;74.25;100
SETZ26;;Market Price;2026-09-04T19:55:31.764609282Z;-5;Quote;72.75;100;74.3;100
SETZ26;;Market Price;2026-09-04T19:55:35.059674550Z;-5;Quote;72.8;100;74.3;100
SETZ26;;Market Price;2026-09-04T19:55:36.434113850Z;-5;Quote;72.8;100;74.35;100
SETZ26;;Market Price;2026-09-04T19:55:36.634473493Z;-5;Quote;72.85;100;74.35;100
SETZ26;;Market Price;2026-09-04T19:55:42.734361884Z;-5;Quote;72.85;100;74.35;64
SETZ26;;Market Price;2026-09-04T19:55:42.734361884Z;-5;Quote;72.85;100;;
SETZ26;;Market Price;2026-09-04T19:55:42.934287165Z;-5;Quote;72.85;100;74.35;100
SETZ26;;Market Price;2026-09-04T19:55:46.534217941Z;-5;Quote;72.9;100;74.35;100
SETZ26;;Market Price;2026-09-04T19:55:47.644613208Z;-5;Quote;72.95;100;74.35;100
SETZ26;;Market Price;2026-09-04T19:55:47.934657139Z;-5;Quote;72.95;100;74.4;100
SETZ26;;Market Price;2026-09-04T19:55:48.134843851Z;-5;Quote;72.95;100;74.45;100
SETZ26;;Market Price;2026-09-04T19:55:48.334252167Z;-5;Quote;72.95;100;74.5;100
SETZ26;;Market Price;2026-09-04T19:55:48.434179045Z;-5;Quote;73.05;100;74.5;100
SETZ26;;Market Price;2026-09-04T19:55:53.334367118Z;-5;Quote;73.05;100;74.55;100
SETZ26;;Market Price;2026-09-04T19:55:53.434324764Z;-5;Quote;73;40;74.55;100
SETZ26;;Market Price;2026-09-04T19:55:53.635167118Z;-5;Quote;72.95;6;74.55;100
SETZ26;;Market Price;2026-09-04T19:55:53.635167118Z;-5;Quote;72.95;60;74.55;100
SETZ26;;Market Price;2026-09-04T19:55:53.834516045Z;-5;Quote;72.95;100;74.55;100
SETZ26;;Market Price;2026-09-04T19:55:55.049158075Z;-5;Quote;72.95;100;74.45;100
SETZ26;;Market Price;2026-09-04T19:55:58.839424589Z;-5;Quote;72.95;94;74.45;100
SETZ26;;Market Price;2026-09-04T19:55:58.839424589Z;-5;Quote;72.95;40;74.45;100
SETZ26;;Market Price;2026-09-04T19:55:58.839424589Z;-5;Quote;72.9;46;74.45;100
SETZ26;;Market Price;2026-09-04T19:55:59.039308890Z;-5;Quote;72.9;100;74.45;100
SETZ26;;Market Price;2026-09-04T19:56:01.934331398Z;-5;Quote;72.9;100;74.4;100
SETZ26;;Market Price;2026-09-04T19:56:06.774929105Z;-5;Quote;72.95;100;74.4;100
SETZ26;;Market Price;2026-09-04T19:56:06.934301810Z;-5;Quote;72.95;100;74.45;100
SETZ26;;Market Price;2026-09-04T19:56:10.279866101Z;-5;Quote;72.95;100;74.5;100
SETZ26;;Market Price;2026-09-04T19:56:10.279866101Z;-5;Quote;72.95;100;74.55;77
SETZ26;;Market Price;2026-09-04T19:56:10.479277675Z;-5;Quote;73;100;74.55;77
SETZ26;;Market Price;2026-09-04T19:56:14.339303665Z;-5;Quote;73.05;100;74.55;77
SETZ26;;Market Price;2026-09-04T19:56:16.479231987Z;-5;Quote;73.05;100;74.5;100
SETZ26;;Market Price;2026-09-04T19:56:19.339899118Z;-5;Quote;73;46;74.5;100
SETZ26;;Market Price;2026-09-04T19:56:19.339899118Z;-5;Quote;72.85;1;74.5;100
SETZ26;;Market Price;2026-09-04T19:56:19.539244427Z;-5;Quote;72.9;100;74.5;100
SETZ26;;Market Price;2026-09-04T19:56:24.419134814Z;-5;Quote;72.95;100;74.5;100
SETZ26;;Market Price;2026-09-04T19:56:29.024022123Z;-5;Quote;72.95;100;74.4;100
SETZ26;;Market Price;2026-09-04T19:56:29.419225712Z;-5;Quote;72.9;46;74.4;100
SETZ26;;Market Price;2026-09-04T19:56:29.619085006Z;-5;Quote;72.9;100;74.4;100
SETZ26;;Market Price;2026-09-04T19:56:33.419839272Z;-5;Quote;72.9;100;74.35;100
SETZ26;;Market Price;2026-09-04T19:56:34.619859625Z;-5;Quote;72.9;54;74.35;100
SETZ26;;Market Price;2026-09-04T19:56:34.619859625Z;-5;Quote;72.85;46;74.35;100
SETZ26;;Market Price;2026-09-04T19:56:34.824726674Z;-5;Quote;72.85;100;74.35;100
SETZ26;;Market Price;2026-09-04T19:56:39.734886224Z;-5;Quote;72.85;100;74.4;100
SETZ26;;Market Price;2026-09-04T19:56:41.049143828Z;-5;Quote;72.85;100;74.35;100
SETZ26;;Market Price;2026-09-04T19:56:45.388954538Z;-5;Quote;72.85;46;74.35;100
SETZ26;;Market Price;2026-09-04T19:56:45.388954538Z;-5;Quote;72.85;1;74.35;100
SETZ26;;Market Price;2026-09-04T19:56:45.388954538Z;-5;Quote;72.8;1;74.35;100
SETZ26;;Market Price;2026-09-04T19:56:45.388954538Z;-5;Quote;72.75;6;74.35;100
SETZ26;;Market Price;2026-09-04T19:56:45.589845293Z;-5;Quote;72.75;100;74.35;100
SETZ26;;Market Price;2026-09-04T19:56:49.784075263Z;-5;Quote;72.75;100;74.3;100
SETZ26;;Market Price;2026-09-04T19:56:52.054595937Z;-5;Quote;72.75;94;74.3;100
SETZ26;;Market Price;2026-09-04T19:56:52.054595937Z;-5;Quote;72.7;55;74.3;100
SETZ26;;Market Price;2026-09-04T19:56:52.254749264Z;-5;Quote;72.7;100;74.3;100
SETZ26;;Market Price;2026-09-04T19:56:54.784994311Z;-5;Quote;72.7;100;74.35;100
SETZ26;;Market Price;2026-09-04T19:56:57.254031200Z;-5;Quote;72.7;55;74.35;100
SETZ26;;Market Price;2026-09-04T19:56:57.254031200Z;-5;Quote;72.65;91;74.35;100
SETZ26;;Market Price;2026-09-04T19:56:59.904712180Z;-5;Quote;72.65;91;74.25;100
SETZ26;;Market Price;2026-09-04T19:57:01.479740373Z;-5;Quote;72.6;97;74.25;100
SETZ26;;Market Price;2026-09-04T19:57:01.479740373Z;-5;Quote;72.6;85;74.25;100
SETZ26;;Market Price;2026-09-04T19:57:01.694571779Z;-5;Quote;72.6;85;74.15;100
SETZ26;;Market Price;2026-09-04T19:57:02.874019305Z;-5;Quote;72.6;79;74.15;100
SETZ26;;Market Price;2026-09-04T19:57:02.874019305Z;-5;Quote;;;74.15;100
SETZ26;;Market Price;2026-09-04T19:57:03.074872524Z;-5;Quote;72.5;65;74.15;100
SETZ26;;Market Price;2026-09-04T19:57:04.484567622Z;-5;Quote;72.5;58;74.15;100
SETZ26;;Market Price;2026-09-04T19:57:06.389945699Z;-5;Quote;72.55;58;74.15;100
SETZ26;;Market Price;2026-09-04T19:57:07.869649325Z;-5;Quote;72.55;58;74.1;100
SETZ26;;Market Price;2026-09-04T19:57:09.724763556Z;-5;Quote;72.55;55;74.1;100
SETZ26;;Market Price;2026-09-04T19:57:10.784760253Z;-5;Quote;72.6;60;74.1;100
SETZ26;;Market Price;2026-09-04T19:57:14.164819484Z;-5;Quote;72.6;48;74.1;100
SETZ26;;Market Price;2026-09-04T19:57:14.369877502Z;-5;Quote;72.6;48;74.05;100
SETZ26;;Market Price;2026-09-04T19:57:15.784023211Z;-5;Quote;;;74.05;100
SETZ26;;Market Price;2026-09-04T19:57:15.983937696Z;-5;Quote;72.55;51;74.05;100
SETZ26;;Market Price;2026-09-04T19:57:19.014680600Z;-5;Quote;72.55;100;74.05;100
SETZ26;;Market Price;2026-09-04T19:57:20.159599251Z;-5;Quote;72.55;55;74.05;100
SETZ26;;Market Price;2026-09-04T19:57:22.049817947Z;-5;Quote;72.55;55;74;100
SETZ26;;Market Price;2026-09-04T19:57:24.014738388Z;-5;Quote;72.55;51;74;100
SETZ26;;Market Price;2026-09-04T19:57:24.014738388Z;-5;Quote;;;74;100
SETZ26;;Market Price;2026-09-04T19:57:24.214319472Z;-5;Quote;72.45;65;74;100
SETZ26;;Market Price;2026-09-04T19:57:28.424766017Z;-5;Quote;72.45;65;74.05;56
SETZ26;;Market Price;2026-09-04T19:57:28.624681350Z;-5;Quote;72.45;65;74.05;100
SETZ26;;Market Price;2026-09-04T19:57:28.664658819Z;-5;Quote;72.55;67;74.05;100
SETZ26;;Market Price;2026-09-04T19:57:28.719623656Z;-5;Quote;72.55;17;74.05;100
SETZ26;;Market Price;2026-09-04T19:57:31.754828921Z;-5;Quote;72.55;100;74.05;100
SETZ26;;Market Price;2026-09-04T19:57:33.379695982Z;-5;Quote;72.55;17;74.05;100
SETZ26;;Market Price;2026-09-04T19:57:33.379695982Z;-5;Quote;72.55;15;74.05;100
SETZ26;;Market Price;2026-09-04T19:57:33.664489547Z;-5;Quote;;;74.05;100
SETZ26;;Market Price;2026-09-04T19:57:33.864367164Z;-5;Quote;72.4;20;74.05;100
SETZ26;;Market Price;2026-09-04T19:57:34.748973384Z;-5;Quote;72.4;20;74;100
SETZ26;;Market Price;2026-09-04T19:57:35.634647468Z;-5;Quote;72.3;10;74;100
SETZ26;;Market Price;2026-09-04T19:57:35.834559751Z;-5;Quote;72.3;10;73.85;100
SETZ26;;Market Price;2026-09-04T19:57:35.924498985Z;-5;Quote;72.3;25;73.85;100
SETZ26;;Market Price;2026-09-04T19:57:36.359640225Z;-5;Quote;72.3;40;73.85;100
SETZ26;;Market Price;2026-09-04T19:57:37.754022096Z;-5;Quote;72.3;55;73.85;100
SETZ26;;Market Price;2026-09-04T19:57:38.334767531Z;-5;Quote;72.3;45;73.85;100
SETZ26;;Market Price;2026-09-04T19:57:38.704495624Z;-5;Quote;72.3;40;73.85;100
SETZ26;;Market Price;2026-09-04T19:57:38.704495624Z;-5;Quote;72.3;35;73.85;100
SETZ26;;Market Price;2026-09-04T19:57:39.434642725Z;-5;Quote;72.3;64;73.85;100
SETZ26;;Market Price;2026-09-04T19:57:44.364554711Z;-5;Quote;72.3;63;73.85;100
SETZ26;;Market Price;2026-09-04T19:57:44.434517590Z;-5;Quote;72.3;35;73.85;100
SETZ26;;Market Price;2026-09-04T19:57:44.434517590Z;-5;Quote;72.3;25;73.85;100
SETZ26;;Market Price;2026-09-04T19:57:44.434517590Z;-5;Quote;72.3;10;73.85;100
SETZ26;;Market Price;2026-09-04T19:57:44.434517590Z;-5;Quote;;;73.85;100
SETZ26;;Market Price;2026-09-04T19:57:44.634422645Z;-5;Quote;72.1;68;73.85;100
SETZ26;;Market Price;2026-09-04T19:57:46.209300628Z;-5;Quote;72.1;68;73.65;100
SETZ26;;Market Price;2026-09-04T19:57:47.319713726Z;-5;Quote;72.1;93;73.65;100
SETZ26;;Market Price;2026-09-04T19:57:48.184464399Z;-5;Quote;72.1;73;73.65;100
SETZ26;;Market Price;2026-09-04T19:57:49.884521276Z;-5;Quote;72.1;68;73.65;100
SETZ26;;Market Price;2026-09-04T19:57:51.209715818Z;-5;Quote;72.1;68;73.7;98
SETZ26;;Market Price;2026-09-04T19:57:51.409583776Z;-5;Quote;72.1;68;73.9;5
SETZ26;;Market Price;2026-09-04T19:57:51.409583776Z;-5;Quote;72.1;68;73.9;100
SETZ26;;Market Price;2026-09-04T19:57:51.609037672Z;-5;Quote;72.1;68;73.85;100
SETZ26;;Market Price;2026-09-04T19:57:53.169604742Z;-5;Quote;72.1;48;73.85;100
SETZ26;;Market Price;2026-09-04T19:57:53.169604742Z;-5;Quote;;;73.85;100
SETZ26;;Market Price;2026-09-04T19:57:53.369477178Z;-5;Quote;71.8;9;73.85;100
SETZ26;;Market Price;2026-09-04T19:57:53.369477178Z;-5;Quote;71.85;6;73.85;100
SETZ26;;Market Price;2026-09-04T19:57:53.564351290Z;-5;Quote;71.9;58;73.85;100
SETZ26;;Market Price;2026-09-04T19:57:54.514917956Z;-5;Quote;71.9;58;73.65;100
SETZ26;;Market Price;2026-09-04T19:57:54.919477791Z;-5;Quote;72;100;73.65;100
SETZ26;;Market Price;2026-09-04T19:57:55.504640921Z;-5;Quote;72;98;73.65;100
SETZ26;;Market Price;2026-09-04T19:57:55.794917854Z;-5;Quote;72;83;73.65;100
SETZ26;;Market Price;2026-09-04T19:57:56.829470487Z;-5;Quote;72.05;98;73.65;100
SETZ26;;Market Price;2026-09-04T19:57:58.988991324Z;-5;Quote;72.1;100;73.65;100
SETZ26;;Market Price;2026-09-04T19:57:59.514378965Z;-5;Quote;72.1;100;73.7;53
SETZ26;;Market Price;2026-09-04T19:57:59.714296077Z;-5;Quote;72.1;100;73.85;1
SETZ26;;Market Price;2026-09-04T19:57:59.714296077Z;-5;Quote;72.1;100;73.9;5
SETZ26;;Market Price;2026-09-04T19:57:59.714296077Z;-5;Quote;72.1;100;;
SETZ26;;Market Price;2026-09-04T19:57:59.914207136Z;-5;Quote;72.1;100;74;100
SETZ26;;Market Price;2026-09-04T19:58:00.099564914Z;-5;Quote;72.15;100;74;100
SETZ26;;Market Price;2026-09-04T19:58:09.264070874Z;-5;Quote;72.2;100;74;100
SETZ26;;Market Price;2026-09-04T19:58:13.484147417Z;-5;Quote;72.25;100;74;100
SETZ26;;Market Price;2026-09-04T19:58:14.189095658Z;-5;Quote;72.35;100;74;100
SETZ26;;Market Price;2026-09-04T19:58:25.594044888Z;-5;Quote;72.35;98;74;100
SETZ26;;Market Price;2026-09-04T19:58:25.889341051Z;-5;Quote;72.35;97;74;100
SETZ26;;Market Price;2026-09-04T19:58:31.994003891Z;-5;Quote;72.35;79;74;100
SETZ26;;Market Price;2026-09-04T19:58:46.159147792Z;-5;Quote;72.3;10;74;100
SETZ26;;Market Price;2026-09-04T19:58:46.159147792Z;-5;Quote;72.25;6;74;100
SETZ26;;Market Price;2026-09-04T19:58:46.159147792Z;-5;Quote;;;74;100
SETZ26;;Market Price;2026-09-04T19:58:46.358931721Z;-5;Quote;72.15;100;74;100
SETZ26;;Market Price;2026-09-04T19:58:46.358931721Z;-5;Quote;72.15;100;73.8;100
SETZ26;;Market Price;2026-09-04T19:58:47.814480693Z;-5;Quote;72.25;100;73.8;100
SETZ26;;Market Price;2026-09-04T19:58:49.059319293Z;-5;Quote;72.25;100;73.75;100
SETZ26;;Market Price;2026-09-04T19:58:50.149336135Z;-5;Quote;72.25;95;73.75;100
SETZ26;;Market Price;2026-09-04T19:58:50.349095393Z;-5;Quote;72.25;95;73.7;100
SETZ26;;Market Price;2026-09-04T19:58:52.819872362Z;-5;Quote;;;73.7;100
SETZ26;;Market Price;2026-09-04T19:58:53.019228500Z;-5;Quote;72.15;95;73.7;100
SETZ26;;Market Price;2026-09-04T19:58:53.379273150Z;-5;Quote;72.15;75;73.7;100
SETZ26;;Market Price;2026-09-04T19:58:55.444281208Z;-5;Quote;72.15;20;73.7;100
SETZ26;;Market Price;2026-09-04T19:58:55.644192607Z;-5;Quote;72.15;20;73.45;100
SETZ26;;Market Price;2026-09-04T19:58:56.549240767Z;-5;Quote;72.15;72;73.45;100
SETZ26;;Market Price;2026-09-04T19:58:59.324268510Z;-5;Quote;72.15;72;73.45;85
SETZ26;;Market Price;2026-09-04T19:59:01.549096064Z;-5;Quote;72.15;20;73.45;85
SETZ26;;Market Price;2026-09-04T19:59:01.549096064Z;-5;Quote;;;73.45;85
SETZ26;;Market Price;2026-09-04T19:59:01.749149677Z;-5;Quote;71.8;72;73.45;85
SETZ26;;Market Price;2026-09-04T19:59:02.974031777Z;-5;Quote;71.8;20;73.45;85
SETZ26;;Market Price;2026-09-04T19:59:02.974031777Z;-5;Quote;71.8;20;73.45;33
SETZ26;;Market Price;2026-09-04T19:59:03.819097073Z;-5;Quote;71.85;30;73.45;33
SETZ26;;Market Price;2026-09-04T19:59:04.564976680Z;-5;Quote;71.85;25;73.45;33
SETZ26;;Market Price;2026-09-04T19:59:05.519814159Z;-5;Quote;71.9;25;73.45;33
SETZ26;;Market Price;2026-09-04T19:59:05.954157193Z;-5;Quote;71.9;20;73.45;33
SETZ26;;Market Price;2026-09-04T19:59:06.204416732Z;-5;Quote;71.9;20;;
SETZ26;;Market Price;2026-09-04T19:59:06.404913744Z;-5;Quote;72;100;;
SETZ26;;Market Price;2026-09-04T19:59:06.404913744Z;-5;Quote;72;100;74.6;100
SETZ26;;Market Price;2026-09-04T19:59:08.719988558Z;-5;Quote;72;54;74.6;100
SETZ26;;Market Price;2026-09-04T19:59:08.984861719Z;-5;Quote;72.05;59;74.6;100
SETZ26;;Market Price;2026-09-04T19:59:13.114876305Z;-5;Quote;72.05;59;74.55;100
SETZ26;;Market Price;2026-09-04T19:59:13.979914925Z;-5;Quote;;;74.55;100
SETZ26;;Market Price;2026-09-04T19:59:14.179769850Z;-5;Quote;72;64;74.55;100
SETZ26;;Market Price;2026-09-04T19:59:16.839133568Z;-5;Quote;72;64;74.5;100
SETZ26;;Market Price;2026-09-04T19:59:17.274005043Z;-5;Quote;72;39;74.5;100
SETZ26;;Market Price;2026-09-04T19:59:17.274005043Z;-5;Quote;72;20;74.5;100
SETZ26;;Market Price;2026-09-04T19:59:17.288986407Z;-5;Quote;72;15;74.5;100
SETZ26;;Market Price;2026-09-04T19:59:17.854683191Z;-5;Quote;72;20;74.5;100
SETZ26;;Market Price;2026-09-04T19:59:18.709838060Z;-5;Quote;72.05;35;74.5;100
SETZ26;;Market Price;2026-09-04T19:59:19.124027621Z;-5;Quote;72.05;30;74.5;100
SETZ26;;Market Price;2026-09-04T19:59:21.839115325Z;-5;Quote;72.05;30;;
SETZ26;;Market Price;2026-09-04T19:59:22.039017571Z;-5;Quote;72.05;30;74.65;100
SETZ26;;Market Price;2026-09-04T19:59:23.234093979Z;-5;Quote;72.05;30;74.6;100
SETZ26;;Market Price;2026-09-04T19:59:25.624055580Z;-5;Quote;72.05;30;74.55;100
SETZ26;;Market Price;2026-09-04T19:59:28.764141895Z;-5;Quote;72.05;17;74.55;100
SETZ26;;Market Price;2026-09-04T19:59:28.948999564Z;-5;Quote;72.05;17;74.5;100
SETZ26;;Market Price;2026-09-04T19:59:29.984870056Z;-5;Quote;;;74.5;100
SETZ26;;Market Price;2026-09-04T19:59:30.184641654Z;-5;Quote;72;15;74.5;100
SETZ26;;Market Price;2026-09-04T19:59:30.554175508Z;-5;Quote;72;11;74.5;100
SETZ26;;Market Price;2026-09-04T19:59:31.948990488Z;-5;Quote;72.15;12;74.5;100
SETZ26;;Market Price;2026-09-04T19:59:32.274856880Z;-5;Quote;72.15;11;74.5;100
SETZ26;;Market Price;2026-09-04T19:59:32.294839082Z;-5;Quote;72.15;10;74.5;100
SETZ26;;Market Price;2026-09-04T19:59:32.804273564Z;-5;Quote;72.15;8;74.5;100
SETZ26;;Market Price;2026-09-04T19:59:33.554778535Z;-5;Quote;;;74.5;100
SETZ26;;Market Price;2026-09-04T19:59:33.754697788Z;-5;Quote;70.95;5;74.5;100
SETZ26;;Market Price;2026-09-04T19:59:34.389604664Z;-5;Quote;70.95;5;74.45;100
SETZ26;;Market Price;2026-09-04T19:59:34.814836001Z;-5;Quote;;;74.45;100
SETZ26;;Market Price;2026-09-04T19:59:35.014752768Z;-5;Quote;69.9;6;74.45;100
SETZ26;;Market Price;2026-09-04T19:59:35.909296761Z;-5;Quote;69.9;13;74.45;100
SETZ26;;Market Price;2026-09-04T19:59:41.529113038Z;-5;Quote;71.7;12;74.45;100
SETZ26;;Market Price;2026-09-04T19:59:42.964877185Z;-5;Quote;69.9;6;74.45;100
SETZ26;;Market Price;2026-09-04T19:59:44.709896781Z;-5;Quote;69.9;6;74.5;100
SETZ26;;Market Price;2026-09-04T19:59:47.414916223Z;-5;Quote;69.95;8;74.5;100
SETZ26;;Market Price;2026-09-04T19:59:49.444825656Z;-5;Quote;70;18;74.5;100
SETZ26;;Market Price;2026-09-04T19:59:50.009070708Z;-5;Quote;;;74.5;100
SETZ26;;Market Price;2026-09-04T19:59:50.009070708Z;-5;Quote;;;74.55;4
